iteration,scenario,h2c_inputs_ns,h2c_inputs_ms,h2c_clear_ns,h2c_clear_ms,axilite_config_ns,axilite_config_ms,kernel_host_wall_ns,kernel_host_wall_ms,c2h_output_ns,c2h_output_ms,host_fi_ns,host_fi_ms,total_ns,total_ms
0,resident_inputs,0,0.0,0,0.0,0,0.0,13601138,13.601138,136325,0.136325,42795330,42.79533,56563494,56.563494
1,resident_inputs,0,0.0,0,0.0,0,0.0,13612595,13.612595,122076,0.122076,28046668,28.046668,41804393,41.804393
2,resident_inputs,0,0.0,0,0.0,0,0.0,13617771,13.617771,118708,0.118708,29854919,29.854919,43614667,43.614667
3,resident_inputs,0,0.0,0,0.0,0,0.0,13615022,13.615022,121094,0.121094,29779418,29.779418,43536185,43.536185
4,resident_inputs,0,0.0,0,0.0,0,0.0,13617982,13.617982,116922,0.116922,29734155,29.734155,43489959,43.489959
5,resident_inputs,0,0.0,0,0.0,0,0.0,13612516,13.612516,112805,0.112805,28626323,28.626323,42371437,42.371437
6,resident_inputs,0,0.0,0,0.0,0,0.0,13610158,13.610158,114934,0.114934,28412153,28.412153,42160714,42.160714
7,resident_inputs,0,0.0,0,0.0,0,0.0,13608293,13.608293,119321,0.119321,29334534,29.334534,43083258,43.083258
8,resident_inputs,0,0.0,0,0.0,0,0.0,13612026,13.612026,115096,0.115096,29207745,29.207745,42952129,42.952129
9,resident_inputs,0,0.0,0,0.0,0,0.0,13620474,13.620474,120934,0.120934,29720366,29.720366,43477020,43.47702
10,resident_inputs,0,0.0,0,0.0,0,0.0,13619263,13.619263,118867,0.118867,30768793,30.768793,44521720,44.52172
11,resident_inputs,0,0.0,0,0.0,0,0.0,13605612,13.605612,147799,0.147799,28392867,28.392867,42161358,42.161358
12,resident_inputs,0,0.0,0,0.0,0,0.0,13606962,13.606962,137059,0.137059,30788181,30.788181,44545683,44.545683
13,resident_inputs,0,0.0,0,0.0,0,0.0,13620562,13.620562,140627,0.140627,30119482,30.119482,43896652,43.896652
14,resident_inputs,0,0.0,0,0.0,0,0.0,13608558,13.608558,118933,0.118933,29821557,29.821557,43565992,43.565992
15,resident_inputs,0,0.0,0,0.0,0,0.0,13621351,13.621351,114744,0.114744,29673055,29.673055,43423596,43.423596
16,resident_inputs,0,0.0,0,0.0,0,0.0,13618743,13.618743,115594,0.115594,29254361,29.254361,43003687,43.003687
17,resident_inputs,0,0.0,0,0.0,0,0.0,13621703,13.621703,115176,0.115176,31268569,31.268569,45020158,45.020158
18,resident_inputs,0,0.0,0,0.0,0,0.0,13610865,13.610865,115579,0.115579,29277789,29.277789,43019782,43.019782
19,resident_inputs,0,0.0,0,0.0,0,0.0,13616091,13.616091,116078,0.116078,31149517,31.149517,44896119,44.896119
20,resident_inputs,0,0.0,0,0.0,0,0.0,13614923,13.614923,115619,0.115619,29330435,29.330435,43076155,43.076155
21,resident_inputs,0,0.0,0,0.0,0,0.0,13613585,13.613585,109212,0.109212,28560157,28.560157,42299484,42.299484
22,resident_inputs,0,0.0,0,0.0,0,0.0,13615901,13.615901,120738,0.120738,30168760,30.16876,43921194,43.921194
23,resident_inputs,0,0.0,0,0.0,0,0.0,13610047,13.610047,127811,0.127811,28771136,28.771136,42524749,42.524749
24,resident_inputs,0,0.0,0,0.0,0,0.0,13612381,13.612381,146812,0.146812,28510074,28.510074,42283304,42.283304
25,resident_inputs,0,0.0,0,0.0,0,0.0,13612465,13.612465,109189,0.109189,28285508,28.285508,42021090,42.02109
26,resident_inputs,0,0.0,0,0.0,0,0.0,13607471,13.607471,107864,0.107864,28408723,28.408723,42136881,42.136881
27,resident_inputs,0,0.0,0,0.0,0,0.0,13609693,13.609693,109211,0.109211,28411477,28.411477,42143618,42.143618
28,resident_inputs,0,0.0,0,0.0,0,0.0,13605895,13.605895,108630,0.10863,28625981,28.625981,42353731,42.353731
29,resident_inputs,0,0.0,0,0.0,0,0.0,13607128,13.607128,108271,0.108271,28475633,28.475633,42204705,42.204705
30,resident_inputs,0,0.0,0,0.0,0,0.0,13606503,13.606503,108579,0.108579,28834617,28.834617,42564144,42.564144
31,resident_inputs,0,0.0,0,0.0,0,0.0,13613846,13.613846,154012,0.154012,28462768,28.462768,42247257,42.247257
32,resident_inputs,0,0.0,0,0.0,0,0.0,13611139,13.611139,147054,0.147054,28475770,28.47577,42248780,42.24878
33,resident_inputs,0,0.0,0,0.0,0,0.0,13607213,13.607213,136305,0.136305,30262873,30.262873,44019940,44.01994
34,resident_inputs,0,0.0,0,0.0,0,0.0,13616302,13.616302,118027,0.118027,30123727,30.123727,43874212,43.874212
35,resident_inputs,0,0.0,0,0.0,0,0.0,13610801,13.610801,114940,0.11494,32996283,32.996283,46738339,46.738339
36,resident_inputs,0,0.0,0,0.0,0,0.0,13613122,13.613122,126592,0.126592,30025004,30.025004,43779419,43.779419
37,resident_inputs,0,0.0,0,0.0,0,0.0,13618480,13.61848,116247,0.116247,29786698,29.786698,43535187,43.535187
38,resident_inputs,0,0.0,0,0.0,0,0.0,13640643,13.640643,162971,0.162971,29786725,29.786725,43606602,43.606602
39,resident_inputs,0,0.0,0,0.0,0,0.0,13611750,13.61175,116919,0.116919,35459584,35.459584,49207532,49.207532
40,resident_inputs,0,0.0,0,0.0,0,0.0,14487996,14.487996,129126,0.129126,38693940,38.69394,53331441,53.331441
41,resident_inputs,0,0.0,0,0.0,0,0.0,13621091,13.621091,134826,0.134826,53408345,53.408345,67189754,67.189754
42,resident_inputs,0,0.0,0,0.0,0,0.0,13620031,13.620031,142117,0.142117,28496109,28.496109,42276096,42.276096
43,resident_inputs,0,0.0,0,0.0,0,0.0,13614145,13.614145,122104,0.122104,29323671,29.323671,43074726,43.074726
44,resident_inputs,0,0.0,0,0.0,0,0.0,13608484,13.608484,115411,0.115411,29471912,29.471912,43211473,43.211473
45,resident_inputs,0,0.0,0,0.0,0,0.0,13624755,13.624755,135387,0.135387,32184427,32.184427,45965889,45.965889
46,resident_inputs,0,0.0,0,0.0,0,0.0,13616195,13.616195,115956,0.115956,31514509,31.514509,45262089,45.262089
47,resident_inputs,0,0.0,0,0.0,0,0.0,13627510,13.62751,117489,0.117489,29730586,29.730586,43491700,43.4917
48,resident_inputs,0,0.0,0,0.0,0,0.0,13614651,13.614651,118514,0.118514,29403097,29.403097,43151780,43.15178
49,resident_inputs,0,0.0,0,0.0,0,0.0,13611484,13.611484,118892,0.118892,30470422,30.470422,44215087,44.215087
50,resident_inputs,0,0.0,0,0.0,0,0.0,13618550,13.61855,117716,0.117716,29661341,29.661341,43415348,43.415348
51,resident_inputs,0,0.0,0,0.0,0,0.0,13616880,13.61688,114322,0.114322,30385017,30.385017,44130699,44.130699
52,resident_inputs,0,0.0,0,0.0,0,0.0,13608887,13.608887,115006,0.115006,30892773,30.892773,44633066,44.633066
53,resident_inputs,0,0.0,0,0.0,0,0.0,13609697,13.609697,120331,0.120331,28991586,28.991586,42738891,42.738891
54,resident_inputs,0,0.0,0,0.0,0,0.0,13619712,13.619712,124626,0.124626,29760804,29.760804,43521785,43.521785
55,resident_inputs,0,0.0,0,0.0,0,0.0,13614795,13.614795,118084,0.118084,29372167,29.372167,43119494,43.119494
56,resident_inputs,0,0.0,0,0.0,0,0.0,13620254,13.620254,116724,0.116724,29099876,29.099876,42851173,42.851173
57,resident_inputs,0,0.0,0,0.0,0,0.0,13613923,13.613923,118734,0.118734,29593843,29.593843,43342228,43.342228
58,resident_inputs,0,0.0,0,0.0,0,0.0,13615546,13.615546,115058,0.115058,29447070,29.44707,43193483,43.193483
59,resident_inputs,0,0.0,0,0.0,0,0.0,13611463,13.611463,117877,0.117877,29865111,29.865111,43609437,43.609437
60,resident_inputs,0,0.0,0,0.0,0,0.0,13614563,13.614563,127448,0.127448,29857458,29.857458,43616430,43.61643
61,resident_inputs,0,0.0,0,0.0,0,0.0,13613769,13.613769,110743,0.110743,29253017,29.253017,42993217,42.993217
62,resident_inputs,0,0.0,0,0.0,0,0.0,13615085,13.615085,116685,0.116685,29414486,29.414486,43163727,43.163727
63,resident_inputs,0,0.0,0,0.0,0,0.0,13621825,13.621825,118578,0.118578,32458007,32.458007,46213619,46.213619
64,resident_inputs,0,0.0,0,0.0,0,0.0,13614498,13.614498,123788,0.123788,30749121,30.749121,44505813,44.505813
65,resident_inputs,0,0.0,0,0.0,0,0.0,13614853,13.614853,120665,0.120665,30974668,30.974668,44725850,44.72585
66,resident_inputs,0,0.0,0,0.0,0,0.0,13623855,13.623855,127704,0.127704,30197655,30.197655,43966069,43.966069
67,resident_inputs,0,0.0,0,0.0,0,0.0,13622351,13.622351,117481,0.117481,30174180,30.17418,43929177,43.929177
68,resident_inputs,0,0.0,0,0.0,0,0.0,13620638,13.620638,121031,0.121031,29528916,29.528916,43286804,43.286804
69,resident_inputs,0,0.0,0,0.0,0,0.0,13611246,13.611246,121563,0.121563,29327543,29.327543,43075976,43.075976
70,resident_inputs,0,0.0,0,0.0,0,0.0,13616899,13.616899,119229,0.119229,30157568,30.157568,43909023,43.909023
71,resident_inputs,0,0.0,0,0.0,0,0.0,13625502,13.625502,123673,0.123673,30106589,30.106589,43872185,43.872185
72,resident_inputs,0,0.0,0,0.0,0,0.0,13623047,13.623047,116350,0.11635,30858599,30.858599,44615059,44.615059
73,resident_inputs,0,0.0,0,0.0,0,0.0,13613841,13.613841,124258,0.124258,29689760,29.68976,43443701,43.443701
74,resident_inputs,0,0.0,0,0.0,0,0.0,13616615,13.616615,117276,0.117276,31737442,31.737442,45487382,45.487382
75,resident_inputs,0,0.0,0,0.0,0,0.0,13614401,13.614401,151301,0.151301,28718758,28.718758,42500023,42.500023
76,resident_inputs,0,0.0,0,0.0,0,0.0,13613530,13.61353,146962,0.146962,28350702,28.350702,42125172,42.125172
77,resident_inputs,0,0.0,0,0.0,0,0.0,13613721,13.613721,133522,0.133522,28896064,28.896064,42659547,42.659547
78,resident_inputs,0,0.0,0,0.0,0,0.0,13617832,13.617832,127909,0.127909,29709528,29.709528,43472870,43.47287
79,resident_inputs,0,0.0,0,0.0,0,0.0,13615532,13.615532,122553,0.122553,29473597,29.473597,43227585,43.227585
80,resident_inputs,0,0.0,0,0.0,0,0.0,13620357,13.620357,129665,0.129665,29642328,29.642328,43406913,43.406913
81,resident_inputs,0,0.0,0,0.0,0,0.0,13616948,13.616948,114238,0.114238,29362502,29.362502,43108125,43.108125
82,resident_inputs,0,0.0,0,0.0,0,0.0,13620627,13.620627,121442,0.121442,29733549,29.733549,43491344,43.491344
83,resident_inputs,0,0.0,0,0.0,0,0.0,13615840,13.61584,114808,0.114808,29169289,29.169289,42914950,42.91495
84,resident_inputs,0,0.0,0,0.0,0,0.0,13615889,13.615889,117300,0.1173,29845031,29.845031,43594531,43.594531
85,resident_inputs,0,0.0,0,0.0,0,0.0,13608128,13.608128,114834,0.114834,29910718,29.910718,43649259,43.649259
86,resident_inputs,0,0.0,0,0.0,0,0.0,13647934,13.647934,227860,0.22786,29657791,29.657791,43555566,43.555566
87,resident_inputs,0,0.0,0,0.0,0,0.0,13616582,13.616582,118858,0.118858,29427526,29.427526,43178597,43.178597
88,resident_inputs,0,0.0,0,0.0,0,0.0,13611403,13.611403,148193,0.148193,28701052,28.701052,42475584,42.475584
89,resident_inputs,0,0.0,0,0.0,0,0.0,13606498,13.606498,144754,0.144754,28826514,28.826514,42592765,42.592765
90,resident_inputs,0,0.0,0,0.0,0,0.0,13612661,13.612661,153449,0.153449,28597906,28.597906,42381035,42.381035
91,resident_inputs,0,0.0,0,0.0,0,0.0,13607779,13.607779,110043,0.110043,28691909,28.691909,42423205,42.423205
92,resident_inputs,0,0.0,0,0.0,0,0.0,13609939,13.609939,107265,0.107265,28476570,28.47657,42207116,42.207116
93,resident_inputs,0,0.0,0,0.0,0,0.0,13613313,13.613313,109182,0.109182,28534980,28.53498,42270860,42.27086
94,resident_inputs,0,0.0,0,0.0,0,0.0,13613692,13.613692,108259,0.108259,32456502,32.456502,46192188,46.192188
95,resident_inputs,0,0.0,0,0.0,0,0.0,13606658,13.606658,155477,0.155477,28849425,28.849425,42626422,42.626422
96,resident_inputs,0,0.0,0,0.0,0,0.0,13610922,13.610922,116327,0.116327,29419994,29.419994,43163082,43.163082
97,resident_inputs,0,0.0,0,0.0,0,0.0,13613888,13.613888,126954,0.126954,32914783,32.914783,46673415,46.673415
98,resident_inputs,0,0.0,0,0.0,0,0.0,13613335,13.613335,116318,0.116318,32098600,32.0986,45845505,45.845505
99,resident_inputs,0,0.0,0,0.0,0,0.0,13612024,13.612024,118977,0.118977,29996231,29.996231,43743173,43.743173
100,resident_inputs,0,0.0,0,0.0,0,0.0,13612334,13.612334,151051,0.151051,29648266,29.648266,43427483,43.427483
101,resident_inputs,0,0.0,0,0.0,0,0.0,13614029,13.614029,136181,0.136181,28359542,28.359542,42123116,42.123116
102,resident_inputs,0,0.0,0,0.0,0,0.0,13605631,13.605631,109289,0.109289,28276021,28.276021,42004058,42.004058
103,resident_inputs,0,0.0,0,0.0,0,0.0,13614393,13.614393,109282,0.109282,28356512,28.356512,42093190,42.09319
104,resident_inputs,0,0.0,0,0.0,0,0.0,13609705,13.609705,135273,0.135273,28379408,28.379408,42137325,42.137325
105,resident_inputs,0,0.0,0,0.0,0,0.0,13605994,13.605994,107836,0.107836,28390978,28.390978,42117961,42.117961
106,resident_inputs,0,0.0,0,0.0,0,0.0,13608445,13.608445,147626,0.147626,32302650,32.30265,46073025,46.073025
107,resident_inputs,0,0.0,0,0.0,0,0.0,13629059,13.629059,124640,0.12464,29688414,29.688414,43458317,43.458317
108,resident_inputs,0,0.0,0,0.0,0,0.0,13614255,13.614255,118205,0.118205,31547777,31.547777,45295011,45.295011
109,resident_inputs,0,0.0,0,0.0,0,0.0,13618328,13.618328,117599,0.117599,29182679,29.182679,42934799,42.934799
110,resident_inputs,0,0.0,0,0.0,0,0.0,13618513,13.618513,121711,0.121711,29305621,29.305621,43060259,43.060259
111,resident_inputs,0,0.0,0,0.0,0,0.0,13620537,13.620537,117967,0.117967,29428280,29.42828,43182641,43.182641
112,resident_inputs,0,0.0,0,0.0,0,0.0,13606828,13.606828,108103,0.108103,29209217,29.209217,42937671,42.937671
113,resident_inputs,0,0.0,0,0.0,0,0.0,13615514,13.615514,109018,0.109018,28697534,28.697534,42436957,42.436957
114,resident_inputs,0,0.0,0,0.0,0,0.0,13608872,13.608872,108571,0.108571,28565131,28.565131,42300114,42.300114
115,resident_inputs,0,0.0,0,0.0,0,0.0,13607593,13.607593,146552,0.146552,28469657,28.469657,42237286,42.237286
116,resident_inputs,0,0.0,0,0.0,0,0.0,13609299,13.609299,147294,0.147294,28797781,28.797781,42569089,42.569089
117,resident_inputs,0,0.0,0,0.0,0,0.0,13612624,13.612624,109307,0.109307,28600172,28.600172,42338072,42.338072
118,resident_inputs,0,0.0,0,0.0,0,0.0,13606760,13.60676,145424,0.145424,28514184,28.514184,42281267,42.281267
119,resident_inputs,0,0.0,0,0.0,0,0.0,13617837,13.617837,117513,0.117513,30039539,30.039539,43791901,43.791901
120,resident_inputs,0,0.0,0,0.0,0,0.0,13613760,13.61376,129261,0.129261,31417059,31.417059,45181232,45.181232
121,resident_inputs,0,0.0,0,0.0,0,0.0,13612015,13.612015,114844,0.114844,29395281,29.395281,43141510,43.14151
122,resident_inputs,0,0.0,0,0.0,0,0.0,13614986,13.614986,119010,0.11901,29891862,29.891862,43641998,43.641998
123,resident_inputs,0,0.0,0,0.0,0,0.0,13608719,13.608719,115754,0.115754,30059775,30.059775,43799515,43.799515
124,resident_inputs,0,0.0,0,0.0,0,0.0,13609972,13.609972,112455,0.112455,28569926,28.569926,42308366,42.308366
125,resident_inputs,0,0.0,0,0.0,0,0.0,13625530,13.62553,128570,0.12857,29733184,29.733184,43504672,43.504672
126,resident_inputs,0,0.0,0,0.0,0,0.0,13610801,13.610801,115068,0.115068,29314588,29.314588,43055605,43.055605
127,resident_inputs,0,0.0,0,0.0,0,0.0,13620343,13.620343,119555,0.119555,29584653,29.584653,43340987,43.340987
128,resident_inputs,0,0.0,0,0.0,0,0.0,13612291,13.612291,123145,0.123145,29796991,29.796991,43548599,43.548599
129,resident_inputs,0,0.0,0,0.0,0,0.0,13659866,13.659866,142782,0.142782,30925927,30.925927,44744577,44.744577
130,resident_inputs,0,0.0,0,0.0,0,0.0,13619055,13.619055,117635,0.117635,30225869,30.225869,43978604,43.978604
131,resident_inputs,0,0.0,0,0.0,0,0.0,13617754,13.617754,150339,0.150339,30042940,30.04294,43830580,43.83058
132,resident_inputs,0,0.0,0,0.0,0,0.0,13626125,13.626125,123931,0.123931,29202301,29.202301,42967719,42.967719
133,resident_inputs,0,0.0,0,0.0,0,0.0,13619476,13.619476,116302,0.116302,29703523,29.703523,43455951,43.455951
134,resident_inputs,0,0.0,0,0.0,0,0.0,13611725,13.611725,116820,0.11682,29415577,29.415577,43159936,43.159936
135,resident_inputs,0,0.0,0,0.0,0,0.0,13611918,13.611918,115969,0.115969,29461731,29.461731,43208453,43.208453
136,resident_inputs,0,0.0,0,0.0,0,0.0,13615495,13.615495,121375,0.121375,29485720,29.48572,43237679,43.237679
137,resident_inputs,0,0.0,0,0.0,0,0.0,13615319,13.615319,118356,0.118356,29286347,29.286347,43034691,43.034691
138,resident_inputs,0,0.0,0,0.0,0,0.0,13613901,13.613901,120508,0.120508,29260114,29.260114,43012188,43.012188
139,resident_inputs,0,0.0,0,0.0,0,0.0,13608852,13.608852,115425,0.115425,30237395,30.237395,43976463,43.976463
140,resident_inputs,0,0.0,0,0.0,0,0.0,13612404,13.612404,122479,0.122479,29413643,29.413643,43166729,43.166729
141,resident_inputs,0,0.0,0,0.0,0,0.0,13610981,13.610981,159301,0.159301,30966909,30.966909,44754028,44.754028
142,resident_inputs,0,0.0,0,0.0,0,0.0,13615976,13.615976,116655,0.116655,29491126,29.491126,43239963,43.239963
143,resident_inputs,0,0.0,0,0.0,0,0.0,13621584,13.621584,119796,0.119796,29487855,29.487855,43245939,43.245939
144,resident_inputs,0,0.0,0,0.0,0,0.0,13610650,13.61065,119804,0.119804,29385326,29.385326,43130679,43.130679
145,resident_inputs,0,0.0,0,0.0,0,0.0,13628730,13.62873,141476,0.141476,31134657,31.134657,44921541,44.921541
146,resident_inputs,0,0.0,0,0.0,0,0.0,13628607,13.628607,127135,0.127135,29909627,29.909627,43682017,43.682017
147,resident_inputs,0,0.0,0,0.0,0,0.0,13608820,13.60882,118379,0.118379,32076889,32.076889,45820113,45.820113
148,resident_inputs,0,0.0,0,0.0,0,0.0,13619210,13.61921,119706,0.119706,29272957,29.272957,43029760,43.02976
149,resident_inputs,0,0.0,0,0.0,0,0.0,13622999,13.622999,118081,0.118081,31080817,31.080817,44838970,44.83897
150,resident_inputs,0,0.0,0,0.0,0,0.0,13608570,13.60857,122753,0.122753,30145600,30.1456,43893321,43.893321
151,resident_inputs,0,0.0,0,0.0,0,0.0,13616621,13.616621,117892,0.117892,29411141,29.411141,43161213,43.161213
152,resident_inputs,0,0.0,0,0.0,0,0.0,13622138,13.622138,118277,0.118277,30032678,30.032678,43788104,43.788104
153,resident_inputs,0,0.0,0,0.0,0,0.0,13615864,13.615864,115195,0.115195,31243172,31.243172,44989557,44.989557
154,resident_inputs,0,0.0,0,0.0,0,0.0,13621829,13.621829,122003,0.122003,31493307,31.493307,45253480,45.25348
155,resident_inputs,0,0.0,0,0.0,0,0.0,13616998,13.616998,122932,0.122932,29963341,29.963341,43719856,43.719856
156,resident_inputs,0,0.0,0,0.0,0,0.0,13611128,13.611128,114559,0.114559,29432864,29.432864,43173492,43.173492
157,resident_inputs,0,0.0,0,0.0,0,0.0,13619449,13.619449,119715,0.119715,29437943,29.437943,43193952,43.193952
158,resident_inputs,0,0.0,0,0.0,0,0.0,13620504,13.620504,121328,0.121328,29525411,29.525411,43283280,43.28328
159,resident_inputs,0,0.0,0,0.0,0,0.0,13609557,13.609557,120592,0.120592,31078204,31.078204,44824947,44.824947
160,resident_inputs,0,0.0,0,0.0,0,0.0,13609572,13.609572,119289,0.119289,29537976,29.537976,43282054,43.282054
161,resident_inputs,0,0.0,0,0.0,0,0.0,13614324,13.614324,126127,0.126127,29652173,29.652173,43407554,43.407554
162,resident_inputs,0,0.0,0,0.0,0,0.0,13618591,13.618591,118935,0.118935,30126345,30.126345,43878383,43.878383
163,resident_inputs,0,0.0,0,0.0,0,0.0,13612605,13.612605,118669,0.118669,29474934,29.474934,43221011,43.221011
164,resident_inputs,0,0.0,0,0.0,0,0.0,13622921,13.622921,116765,0.116765,31669779,31.669779,45423782,45.423782
165,resident_inputs,0,0.0,0,0.0,0,0.0,13641077,13.641077,122875,0.122875,30188337,30.188337,43967253,43.967253
166,resident_inputs,0,0.0,0,0.0,0,0.0,13617349,13.617349,118927,0.118927,29166204,29.166204,42916586,42.916586
167,resident_inputs,0,0.0,0,0.0,0,0.0,13611845,13.611845,118736,0.118736,29410693,29.410693,43155739,43.155739
168,resident_inputs,0,0.0,0,0.0,0,0.0,13612538,13.612538,118730,0.11873,29714229,29.714229,43460234,43.460234
169,resident_inputs,0,0.0,0,0.0,0,0.0,13618303,13.618303,131606,0.131606,29825079,29.825079,43591963,43.591963
170,resident_inputs,0,0.0,0,0.0,0,0.0,13613400,13.6134,115741,0.115741,29865014,29.865014,43609373,43.609373
171,resident_inputs,0,0.0,0,0.0,0,0.0,13618524,13.618524,117972,0.117972,30002551,30.002551,43754008,43.754008
172,resident_inputs,0,0.0,0,0.0,0,0.0,13616915,13.616915,115003,0.115003,29594254,29.594254,43341084,43.341084
173,resident_inputs,0,0.0,0,0.0,0,0.0,13619095,13.619095,116980,0.11698,29854128,29.854128,43606697,43.606697
174,resident_inputs,0,0.0,0,0.0,0,0.0,13608899,13.608899,115405,0.115405,31429927,31.429927,45168207,45.168207
175,resident_inputs,0,0.0,0,0.0,0,0.0,13623530,13.62353,123352,0.123352,31955896,31.955896,45720877,45.720877
176,resident_inputs,0,0.0,0,0.0,0,0.0,13619015,13.619015,119717,0.119717,29872188,29.872188,43629031,43.629031
177,resident_inputs,0,0.0,0,0.0,0,0.0,13617071,13.617071,114997,0.114997,29307307,29.307307,43053621,43.053621
178,resident_inputs,0,0.0,0,0.0,0,0.0,13612328,13.612328,114957,0.114957,30272585,30.272585,44016045,44.016045
179,resident_inputs,0,0.0,0,0.0,0,0.0,13612733,13.612733,118405,0.118405,33095407,33.095407,46844430,46.84443
180,resident_inputs,0,0.0,0,0.0,0,0.0,13616145,13.616145,114641,0.114641,29344682,29.344682,43090400,43.0904
181,resident_inputs,0,0.0,0,0.0,0,0.0,13617165,13.617165,117622,0.117622,29502345,29.502345,43254241,43.254241
182,resident_inputs,0,0.0,0,0.0,0,0.0,13616547,13.616547,122875,0.122875,29887684,29.887684,43643526,43.643526
183,resident_inputs,0,0.0,0,0.0,0,0.0,13617596,13.617596,120500,0.1205,30166390,30.16639,43921716,43.921716
184,resident_inputs,0,0.0,0,0.0,0,0.0,13622875,13.622875,115149,0.115149,30502740,30.50274,44256752,44.256752
185,resident_inputs,0,0.0,0,0.0,0,0.0,13616596,13.616596,121281,0.121281,28851196,28.851196,42606835,42.606835
186,resident_inputs,0,0.0,0,0.0,0,0.0,13611438,13.611438,116588,0.116588,34869350,34.86935,48614304,48.614304
187,resident_inputs,0,0.0,0,0.0,0,0.0,13611948,13.611948,116412,0.116412,30156519,30.156519,43900950,43.90095
188,resident_inputs,0,0.0,0,0.0,0,0.0,13617857,13.617857,120615,0.120615,30726186,30.726186,44482884,44.482884
189,resident_inputs,0,0.0,0,0.0,0,0.0,13625771,13.625771,118399,0.118399,29478255,29.478255,43239429,43.239429
190,resident_inputs,0,0.0,0,0.0,0,0.0,13620437,13.620437,129236,0.129236,32768194,32.768194,46534563,46.534563
191,resident_inputs,0,0.0,0,0.0,0,0.0,13610566,13.610566,146196,0.146196,28527576,28.527576,42298670,42.29867
192,resident_inputs,0,0.0,0,0.0,0,0.0,13613171,13.613171,138193,0.138193,28603241,28.603241,42368255,42.368255
193,resident_inputs,0,0.0,0,0.0,0,0.0,13612275,13.612275,108160,0.10816,28507609,28.507609,42240281,42.240281
194,resident_inputs,0,0.0,0,0.0,0,0.0,13605283,13.605283,108645,0.108645,28557633,28.557633,42285025,42.285025
195,resident_inputs,0,0.0,0,0.0,0,0.0,13607539,13.607539,137063,0.137063,28608573,28.608573,42367662,42.367662
196,resident_inputs,0,0.0,0,0.0,0,0.0,13605429,13.605429,113766,0.113766,28607910,28.60791,42340384,42.340384
197,resident_inputs,0,0.0,0,0.0,0,0.0,13606797,13.606797,108913,0.108913,28553708,28.553708,42282819,42.282819
198,resident_inputs,0,0.0,0,0.0,0,0.0,13615310,13.61531,120456,0.120456,29863979,29.863979,43618352,43.618352
199,resident_inputs,0,0.0,0,0.0,0,0.0,13615618,13.615618,126378,0.126378,29970225,29.970225,43728419,43.728419
200,resident_inputs,0,0.0,0,0.0,0,0.0,13620207,13.620207,118432,0.118432,30081736,30.081736,43836218,43.836218
201,resident_inputs,0,0.0,0,0.0,0,0.0,13621556,13.621556,119417,0.119417,29660197,29.660197,43416161,43.416161
202,resident_inputs,0,0.0,0,0.0,0,0.0,13614084,13.614084,120327,0.120327,30147285,30.147285,43899135,43.899135
203,resident_inputs,0,0.0,0,0.0,0,0.0,13610017,13.610017,235945,0.235945,29566816,29.566816,43430754,43.430754
204,resident_inputs,0,0.0,0,0.0,0,0.0,13613842,13.613842,121689,0.121689,32000293,32.000293,45750771,45.750771
205,resident_inputs,0,0.0,0,0.0,0,0.0,13612049,13.612049,119206,0.119206,29355354,29.355354,43102052,43.102052
206,resident_inputs,0,0.0,0,0.0,0,0.0,13612145,13.612145,113690,0.11369,29013339,29.013339,42755407,42.755407
207,resident_inputs,0,0.0,0,0.0,0,0.0,13613159,13.613159,113931,0.113931,29944716,29.944716,43686327,43.686327
208,resident_inputs,0,0.0,0,0.0,0,0.0,13620302,13.620302,119736,0.119736,32666985,32.666985,46423094,46.423094
209,resident_inputs,0,0.0,0,0.0,0,0.0,13610197,13.610197,155296,0.155296,28804197,28.804197,42586554,42.586554
210,resident_inputs,0,0.0,0,0.0,0,0.0,13607561,13.607561,108797,0.108797,28599665,28.599665,42329368,42.329368
211,resident_inputs,0,0.0,0,0.0,0,0.0,13609520,13.60952,147459,0.147459,28491177,28.491177,42262379,42.262379
212,resident_inputs,0,0.0,0,0.0,0,0.0,13611567,13.611567,119262,0.119262,29651842,29.651842,43397568,43.397568
213,resident_inputs,0,0.0,0,0.0,0,0.0,13610864,13.610864,114592,0.114592,29761873,29.761873,43502688,43.502688
214,resident_inputs,0,0.0,0,0.0,0,0.0,13611820,13.61182,116593,0.116593,29417836,29.417836,43161373,43.161373
215,resident_inputs,0,0.0,0,0.0,0,0.0,13610233,13.610233,116517,0.116517,29662414,29.662414,43404024,43.404024
216,resident_inputs,0,0.0,0,0.0,0,0.0,13611986,13.611986,117870,0.11787,31477763,31.477763,45223269,45.223269
217,resident_inputs,0,0.0,0,0.0,0,0.0,13617282,13.617282,115418,0.115418,29535766,29.535766,43283727,43.283727
218,resident_inputs,0,0.0,0,0.0,0,0.0,13619769,13.619769,115527,0.115527,29619962,29.619962,43370066,43.370066
219,resident_inputs,0,0.0,0,0.0,0,0.0,13615483,13.615483,115288,0.115288,29526339,29.526339,43272780,43.27278
220,resident_inputs,0,0.0,0,0.0,0,0.0,13618094,13.618094,122309,0.122309,35167840,35.16784,48927366,48.927366
221,resident_inputs,0,0.0,0,0.0,0,0.0,13615802,13.615802,121508,0.121508,30367337,30.367337,44122406,44.122406
222,resident_inputs,0,0.0,0,0.0,0,0.0,13625246,13.625246,118687,0.118687,30975877,30.975877,44744870,44.74487
223,resident_inputs,0,0.0,0,0.0,0,0.0,13622488,13.622488,125993,0.125993,41594179,41.594179,55364577,55.364577
224,resident_inputs,0,0.0,0,0.0,0,0.0,13622430,13.62243,127296,0.127296,29617558,29.617558,43385952,43.385952
225,resident_inputs,0,0.0,0,0.0,0,0.0,13608820,13.60882,115646,0.115646,30081894,30.081894,43821475,43.821475
226,resident_inputs,0,0.0,0,0.0,0,0.0,13621527,13.621527,117648,0.117648,29396686,29.396686,43152079,43.152079
227,resident_inputs,0,0.0,0,0.0,0,0.0,13612126,13.612126,115061,0.115061,29493526,29.493526,43235413,43.235413
228,resident_inputs,0,0.0,0,0.0,0,0.0,13617225,13.617225,120764,0.120764,29189788,29.189788,42942790,42.94279
229,resident_inputs,0,0.0,0,0.0,0,0.0,13614529,13.614529,116626,0.116626,29842765,29.842765,43589238,43.589238
230,resident_inputs,0,0.0,0,0.0,0,0.0,13616229,13.616229,115046,0.115046,31317865,31.317865,45066568,45.066568
231,resident_inputs,0,0.0,0,0.0,0,0.0,13621737,13.621737,117293,0.117293,30327131,30.327131,44085264,44.085264
232,resident_inputs,0,0.0,0,0.0,0,0.0,13612109,13.612109,113303,0.113303,29071556,29.071556,42811443,42.811443
233,resident_inputs,0,0.0,0,0.0,0,0.0,13605953,13.605953,136183,0.136183,30242248,30.242248,43997963,43.997963
234,resident_inputs,0,0.0,0,0.0,0,0.0,13612084,13.612084,109072,0.109072,30070069,30.070069,43807688,43.807688
235,resident_inputs,0,0.0,0,0.0,0,0.0,13621958,13.621958,122726,0.122726,29979765,29.979765,43743069,43.743069
236,resident_inputs,0,0.0,0,0.0,0,0.0,13612363,13.612363,114116,0.114116,29882312,29.882312,43623584,43.623584
237,resident_inputs,0,0.0,0,0.0,0,0.0,13617633,13.617633,117161,0.117161,29380778,29.380778,43129949,43.129949
238,resident_inputs,0,0.0,0,0.0,0,0.0,13618753,13.618753,118486,0.118486,30208744,30.208744,43960624,43.960624
239,resident_inputs,0,0.0,0,0.0,0,0.0,13622482,13.622482,117695,0.117695,29417301,29.417301,43172099,43.172099
240,resident_inputs,0,0.0,0,0.0,0,0.0,13618347,13.618347,117696,0.117696,29427068,29.427068,43177997,43.177997
241,resident_inputs,0,0.0,0,0.0,0,0.0,13611347,13.611347,115954,0.115954,29741403,29.741403,43484253,43.484253
242,resident_inputs,0,0.0,0,0.0,0,0.0,13727531,13.727531,303117,0.303117,31448170,31.44817,45501519,45.501519
243,resident_inputs,0,0.0,0,0.0,0,0.0,13621649,13.621649,117385,0.117385,29575845,29.575845,43331658,43.331658
244,resident_inputs,0,0.0,0,0.0,0,0.0,13614511,13.614511,115998,0.115998,31063965,31.063965,44809728,44.809728
245,resident_inputs,0,0.0,0,0.0,0,0.0,13612423,13.612423,114847,0.114847,29624985,29.624985,43370767,43.370767
246,resident_inputs,0,0.0,0,0.0,0,0.0,13608877,13.608877,112817,0.112817,29356051,29.356051,43094544,43.094544
247,resident_inputs,0,0.0,0,0.0,0,0.0,13616655,13.616655,124202,0.124202,32155877,32.155877,45913222,45.913222
248,resident_inputs,0,0.0,0,0.0,0,0.0,13609185,13.609185,125179,0.125179,29488882,29.488882,43237838,43.237838
249,resident_inputs,0,0.0,0,0.0,0,0.0,13615300,13.6153,120328,0.120328,29585448,29.585448,43336365,43.336365
250,resident_inputs,0,0.0,0,0.0,0,0.0,13616822,13.616822,128006,0.128006,29446118,29.446118,43208056,43.208056
251,resident_inputs,0,0.0,0,0.0,0,0.0,13615451,13.615451,116989,0.116989,29668178,29.668178,43416910,43.41691
252,resident_inputs,0,0.0,0,0.0,0,0.0,13614704,13.614704,116446,0.116446,29571883,29.571883,43318175,43.318175
253,resident_inputs,0,0.0,0,0.0,0,0.0,13621292,13.621292,116934,0.116934,29311233,29.311233,43066221,43.066221
254,resident_inputs,0,0.0,0,0.0,0,0.0,13617636,13.617636,116526,0.116526,29593134,29.593134,43344034,43.344034
255,resident_inputs,0,0.0,0,0.0,0,0.0,13618697,13.618697,116135,0.116135,31291665,31.291665,45041245,45.041245
256,resident_inputs,0,0.0,0,0.0,0,0.0,13619712,13.619712,117025,0.117025,30250179,30.250179,44002096,44.002096
257,resident_inputs,0,0.0,0,0.0,0,0.0,13610280,13.61028,115562,0.115562,29434173,29.434173,43175109,43.175109
258,resident_inputs,0,0.0,0,0.0,0,0.0,13610666,13.610666,118792,0.118792,29921093,29.921093,43666337,43.666337
259,resident_inputs,0,0.0,0,0.0,0,0.0,13616964,13.616964,131864,0.131864,30054922,30.054922,43817842,43.817842
260,resident_inputs,0,0.0,0,0.0,0,0.0,13617199,13.617199,126719,0.126719,31394310,31.39431,45182582,45.182582
261,resident_inputs,0,0.0,0,0.0,0,0.0,13616306,13.616306,139913,0.139913,28550016,28.550016,42319214,42.319214
262,resident_inputs,0,0.0,0,0.0,0,0.0,13612290,13.61229,136831,0.136831,28766141,28.766141,42529795,42.529795
263,resident_inputs,0,0.0,0,0.0,0,0.0,13920514,13.920514,139031,0.139031,29486011,29.486011,43563885,43.563885
264,resident_inputs,0,0.0,0,0.0,0,0.0,13623362,13.623362,118752,0.118752,32260604,32.260604,46018334,46.018334
265,resident_inputs,0,0.0,0,0.0,0,0.0,13618476,13.618476,116108,0.116108,30803331,30.803331,44554104,44.554104
266,resident_inputs,0,0.0,0,0.0,0,0.0,13619835,13.619835,122058,0.122058,29764775,29.764775,43523540,43.52354
267,resident_inputs,0,0.0,0,0.0,0,0.0,13624776,13.624776,128163,0.128163,30848022,30.848022,44617373,44.617373
268,resident_inputs,0,0.0,0,0.0,0,0.0,13616314,13.616314,123158,0.123158,29420150,29.42015,43176735,43.176735
269,resident_inputs,0,0.0,0,0.0,0,0.0,13610381,13.610381,116957,0.116957,29713063,29.713063,43457305,43.457305
270,resident_inputs,0,0.0,0,0.0,0,0.0,13613839,13.613839,118422,0.118422,29195445,29.195445,42944114,42.944114
271,resident_inputs,0,0.0,0,0.0,0,0.0,13614704,13.614704,116853,0.116853,29556772,29.556772,43305722,43.305722
272,resident_inputs,0,0.0,0,0.0,0,0.0,13614211,13.614211,115488,0.115488,30203315,30.203315,43948397,43.948397
273,resident_inputs,0,0.0,0,0.0,0,0.0,13632437,13.632437,133059,0.133059,30624222,30.624222,44408096,44.408096
274,resident_inputs,0,0.0,0,0.0,0,0.0,13617432,13.617432,117299,0.117299,30752729,30.752729,44503659,44.503659
275,resident_inputs,0,0.0,0,0.0,0,0.0,13611716,13.611716,121086,0.121086,31200562,31.200562,44951401,44.951401
276,resident_inputs,0,0.0,0,0.0,0,0.0,13606582,13.606582,153609,0.153609,29985781,29.985781,43761178,43.761178
277,resident_inputs,0,0.0,0,0.0,0,0.0,13617601,13.617601,109424,0.109424,29557123,29.557123,43301498,43.301498
278,resident_inputs,0,0.0,0,0.0,0,0.0,13610913,13.610913,148234,0.148234,28797267,28.797267,42572426,42.572426
279,resident_inputs,0,0.0,0,0.0,0,0.0,13616315,13.616315,151691,0.151691,28986448,28.986448,42770351,42.770351
280,resident_inputs,0,0.0,0,0.0,0,0.0,13615574,13.615574,110136,0.110136,28841750,28.84175,42582573,42.582573
281,resident_inputs,0,0.0,0,0.0,0,0.0,13615871,13.615871,108637,0.108637,29093516,29.093516,42833455,42.833455
282,resident_inputs,0,0.0,0,0.0,0,0.0,13610783,13.610783,108789,0.108789,28455263,28.455263,42190119,42.190119
283,resident_inputs,0,0.0,0,0.0,0,0.0,13609718,13.609718,137064,0.137064,29338748,29.338748,43101031,43.101031
284,resident_inputs,0,0.0,0,0.0,0,0.0,13606988,13.606988,109287,0.109287,28565898,28.565898,42297561,42.297561
285,resident_inputs,0,0.0,0,0.0,0,0.0,13609563,13.609563,110418,0.110418,29031108,29.031108,42765318,42.765318
286,resident_inputs,0,0.0,0,0.0,0,0.0,13616822,13.616822,119888,0.119888,31644144,31.644144,45399132,45.399132
287,resident_inputs,0,0.0,0,0.0,0,0.0,13614073,13.614073,121006,0.121006,35582118,35.582118,49333580,49.33358
288,resident_inputs,0,0.0,0,0.0,0,0.0,13612412,13.612412,109146,0.109146,29324288,29.324288,43060530,43.06053
289,resident_inputs,0,0.0,0,0.0,0,0.0,13616083,13.616083,140867,0.140867,28676972,28.676972,42450111,42.450111
290,resident_inputs,0,0.0,0,0.0,0,0.0,13612631,13.612631,109741,0.109741,30858673,30.858673,44595529,44.595529
291,resident_inputs,0,0.0,0,0.0,0,0.0,13610660,13.61066,160082,0.160082,28828372,28.828372,42614787,42.614787
292,resident_inputs,0,0.0,0,0.0,0,0.0,13609357,13.609357,149950,0.14995,30048953,30.048953,43822926,43.822926
293,resident_inputs,0,0.0,0,0.0,0,0.0,13609961,13.609961,111642,0.111642,28713891,28.713891,42450771,42.450771
294,resident_inputs,0,0.0,0,0.0,0,0.0,13607378,13.607378,108064,0.108064,29111726,29.111726,42840915,42.840915
295,resident_inputs,0,0.0,0,0.0,0,0.0,13611990,13.61199,109552,0.109552,28748159,28.748159,42485924,42.485924
296,resident_inputs,0,0.0,0,0.0,0,0.0,13614070,13.61407,108448,0.108448,28693264,28.693264,42429698,42.429698
297,resident_inputs,0,0.0,0,0.0,0,0.0,13611721,13.611721,118474,0.118474,35849901,35.849901,49599621,49.599621
298,resident_inputs,0,0.0,0,0.0,0,0.0,13615166,13.615166,114590,0.11459,30282676,30.282676,44027642,44.027642
299,resident_inputs,0,0.0,0,0.0,0,0.0,13612069,13.612069,114553,0.114553,32235791,32.235791,45977110,45.97711
300,resident_inputs,0,0.0,0,0.0,0,0.0,13620135,13.620135,118780,0.11878,30062206,30.062206,43816570,43.81657
301,resident_inputs,0,0.0,0,0.0,0,0.0,13637166,13.637166,151819,0.151819,31149669,31.149669,44955070,44.95507
302,resident_inputs,0,0.0,0,0.0,0,0.0,13619270,13.61927,117222,0.117222,29390799,29.390799,43143236,43.143236
303,resident_inputs,0,0.0,0,0.0,0,0.0,13616005,13.616005,116761,0.116761,29692290,29.69229,43439994,43.439994
304,resident_inputs,0,0.0,0,0.0,0,0.0,13619928,13.619928,118095,0.118095,29540751,29.540751,43294166,43.294166
305,resident_inputs,0,0.0,0,0.0,0,0.0,13625423,13.625423,129081,0.129081,29484018,29.484018,43253179,43.253179
306,resident_inputs,0,0.0,0,0.0,0,0.0,13614863,13.614863,114293,0.114293,29514048,29.514048,43257974,43.257974
307,resident_inputs,0,0.0,0,0.0,0,0.0,13613915,13.613915,120158,0.120158,30310967,30.310967,44059606,44.059606
308,resident_inputs,0,0.0,0,0.0,0,0.0,13623796,13.623796,118741,0.118741,32058955,32.058955,45819248,45.819248
309,resident_inputs,0,0.0,0,0.0,0,0.0,13621914,13.621914,122782,0.122782,29625762,29.625762,43388799,43.388799
310,resident_inputs,0,0.0,0,0.0,0,0.0,13609501,13.609501,117140,0.11714,29490266,29.490266,43231301,43.231301
311,resident_inputs,0,0.0,0,0.0,0,0.0,13618741,13.618741,116721,0.116721,30172725,30.172725,43924620,43.92462
312,resident_inputs,0,0.0,0,0.0,0,0.0,13619350,13.61935,121318,0.121318,30659438,30.659438,44417456,44.417456
313,resident_inputs,0,0.0,0,0.0,0,0.0,13618637,13.618637,117258,0.117258,30428098,30.428098,44180750,44.18075
314,resident_inputs,0,0.0,0,0.0,0,0.0,13628080,13.62808,130153,0.130153,30186424,30.186424,43962341,43.962341
315,resident_inputs,0,0.0,0,0.0,0,0.0,13616082,13.616082,112907,0.112907,29608443,29.608443,43352830,43.35283
316,resident_inputs,0,0.0,0,0.0,0,0.0,13620225,13.620225,116670,0.11667,30839646,30.839646,44591675,44.591675
317,resident_inputs,0,0.0,0,0.0,0,0.0,13621922,13.621922,120091,0.120091,31784867,31.784867,45543707,45.543707
318,resident_inputs,0,0.0,0,0.0,0,0.0,13613012,13.613012,120362,0.120362,29863850,29.86385,43612010,43.61201
319,resident_inputs,0,0.0,0,0.0,0,0.0,13614346,13.614346,114888,0.114888,37486175,37.486175,51232151,51.232151
320,resident_inputs,0,0.0,0,0.0,0,0.0,13623425,13.623425,124756,0.124756,29745199,29.745199,43508870,43.50887
321,resident_inputs,0,0.0,0,0.0,0,0.0,13613411,13.613411,126635,0.126635,30090282,30.090282,43848075,43.848075
322,resident_inputs,0,0.0,0,0.0,0,0.0,13624888,13.624888,117021,0.117021,30325862,30.325862,44083111,44.083111
323,resident_inputs,0,0.0,0,0.0,0,0.0,13609395,13.609395,126428,0.126428,29664110,29.66411,43416779,43.416779
324,resident_inputs,0,0.0,0,0.0,0,0.0,13611488,13.611488,116269,0.116269,31283473,31.283473,45026695,45.026695
325,resident_inputs,0,0.0,0,0.0,0,0.0,13619537,13.619537,120346,0.120346,29457804,29.457804,43214443,43.214443
326,resident_inputs,0,0.0,0,0.0,0,0.0,13616719,13.616719,118113,0.118113,29566653,29.566653,43317138,43.317138
327,resident_inputs,0,0.0,0,0.0,0,0.0,13620796,13.620796,119845,0.119845,33348592,33.348592,47104453,47.104453
328,resident_inputs,0,0.0,0,0.0,0,0.0,13618634,13.618634,117153,0.117153,29949743,29.949743,43700467,43.700467
329,resident_inputs,0,0.0,0,0.0,0,0.0,13613368,13.613368,115501,0.115501,29570389,29.570389,43314764,43.314764
330,resident_inputs,0,0.0,0,0.0,0,0.0,13616049,13.616049,119114,0.119114,32265952,32.265952,46017709,46.017709
331,resident_inputs,0,0.0,0,0.0,0,0.0,13614851,13.614851,119627,0.119627,34268450,34.26845,48022012,48.022012
332,resident_inputs,0,0.0,0,0.0,0,0.0,13623844,13.623844,117734,0.117734,30178872,30.178872,43935484,43.935484
333,resident_inputs,0,0.0,0,0.0,0,0.0,13612340,13.61234,119115,0.119115,29448957,29.448957,43194728,43.194728
334,resident_inputs,0,0.0,0,0.0,0,0.0,13614790,13.61479,123689,0.123689,30843434,30.843434,44598165,44.598165
335,resident_inputs,0,0.0,0,0.0,0,0.0,13611905,13.611905,135833,0.135833,28726454,28.726454,42488115,42.488115
336,resident_inputs,0,0.0,0,0.0,0,0.0,13605570,13.60557,135338,0.135338,28633102,28.633102,42387239,42.387239
337,resident_inputs,0,0.0,0,0.0,0,0.0,13606346,13.606346,136157,0.136157,28651396,28.651396,42407684,42.407684
338,resident_inputs,0,0.0,0,0.0,0,0.0,13607988,13.607988,107721,0.107721,28804673,28.804673,42534571,42.534571
339,resident_inputs,0,0.0,0,0.0,0,0.0,13614300,13.6143,115334,0.115334,31949253,31.949253,45694619,45.694619
340,resident_inputs,0,0.0,0,0.0,0,0.0,13619100,13.6191,116412,0.116412,29418129,29.418129,43168685,43.168685
341,resident_inputs,0,0.0,0,0.0,0,0.0,13610870,13.61087,116010,0.11601,38333924,38.333924,52076706,52.076706
342,resident_inputs,0,0.0,0,0.0,0,0.0,13616932,13.616932,114608,0.114608,29757387,29.757387,43503969,43.503969
343,resident_inputs,0,0.0,0,0.0,0,0.0,13617244,13.617244,117640,0.11764,29731209,29.731209,43482558,43.482558
344,resident_inputs,0,0.0,0,0.0,0,0.0,13614257,13.614257,149208,0.149208,28778077,28.778077,42557788,42.557788
345,resident_inputs,0,0.0,0,0.0,0,0.0,13610453,13.610453,139137,0.139137,29208440,29.20844,42973791,42.973791
346,resident_inputs,0,0.0,0,0.0,0,0.0,13607060,13.60706,147118,0.147118,28443450,28.44345,42211874,42.211874
347,resident_inputs,0,0.0,0,0.0,0,0.0,13610033,13.610033,148319,0.148319,28609884,28.609884,42383118,42.383118
348,resident_inputs,0,0.0,0,0.0,0,0.0,13614024,13.614024,113492,0.113492,28421032,28.421032,42162049,42.162049
349,resident_inputs,0,0.0,0,0.0,0,0.0,13613082,13.613082,108030,0.10803,28545486,28.545486,42279410,42.27941
350,resident_inputs,0,0.0,0,0.0,0,0.0,13606864,13.606864,108066,0.108066,28419160,28.41916,42146353,42.146353
351,resident_inputs,0,0.0,0,0.0,0,0.0,13612125,13.612125,108552,0.108552,28549488,28.549488,42283478,42.283478
352,resident_inputs,0,0.0,0,0.0,0,0.0,13610191,13.610191,147072,0.147072,29007509,29.007509,42778328,42.778328
353,resident_inputs,0,0.0,0,0.0,0,0.0,13615491,13.615491,120461,0.120461,32161324,32.161324,45916569,45.916569
354,resident_inputs,0,0.0,0,0.0,0,0.0,13611437,13.611437,117685,0.117685,29607874,29.607874,43353072,43.353072
355,resident_inputs,0,0.0,0,0.0,0,0.0,13608874,13.608874,127180,0.12718,29875035,29.875035,43627590,43.62759
356,resident_inputs,0,0.0,0,0.0,0,0.0,13612023,13.612023,117677,0.117677,30418040,30.41804,44162563,44.162563
357,resident_inputs,0,0.0,0,0.0,0,0.0,13613077,13.613077,117441,0.117441,29621523,29.621523,43367867,43.367867
358,resident_inputs,0,0.0,0,0.0,0,0.0,13619410,13.61941,115411,0.115411,29717733,29.717733,43468898,43.468898
359,resident_inputs,0,0.0,0,0.0,0,0.0,13623100,13.6231,119376,0.119376,29741883,29.741883,43499921,43.499921
360,resident_inputs,0,0.0,0,0.0,0,0.0,13623676,13.623676,124262,0.124262,29891112,29.891112,43654726,43.654726
361,resident_inputs,0,0.0,0,0.0,0,0.0,13615018,13.615018,141619,0.141619,28892992,28.892992,42664010,42.66401
362,resident_inputs,0,0.0,0,0.0,0,0.0,13611471,13.611471,146540,0.14654,28857360,28.85736,42630486,42.630486
363,resident_inputs,0,0.0,0,0.0,0,0.0,13610278,13.610278,108061,0.108061,28571997,28.571997,42303583,42.303583
364,resident_inputs,0,0.0,0,0.0,0,0.0,13611991,13.611991,166855,0.166855,28706304,28.706304,42502249,42.502249
365,resident_inputs,0,0.0,0,0.0,0,0.0,13607855,13.607855,109653,0.109653,28593760,28.59376,42324741,42.324741
366,resident_inputs,0,0.0,0,0.0,0,0.0,13609866,13.609866,108239,0.108239,28684319,28.684319,42416200,42.4162
367,resident_inputs,0,0.0,0,0.0,0,0.0,13607203,13.607203,147284,0.147284,28652480,28.65248,42426932,42.426932
368,resident_inputs,0,0.0,0,0.0,0,0.0,13615416,13.615416,107783,0.107783,28590262,28.590262,42328141,42.328141
369,resident_inputs,0,0.0,0,0.0,0,0.0,13608724,13.608724,108659,0.108659,28632126,28.632126,42363360,42.36336
370,resident_inputs,0,0.0,0,0.0,0,0.0,13604459,13.604459,108299,0.108299,28667950,28.66795,42393840,42.39384
371,resident_inputs,0,0.0,0,0.0,0,0.0,13606007,13.606007,136216,0.136216,28460993,28.460993,42216631,42.216631
372,resident_inputs,0,0.0,0,0.0,0,0.0,13609180,13.60918,137304,0.137304,28641187,28.641187,42401735,42.401735
373,resident_inputs,0,0.0,0,0.0,0,0.0,13606955,13.606955,136456,0.136456,28443072,28.443072,42199801,42.199801
374,resident_inputs,0,0.0,0,0.0,0,0.0,13605972,13.605972,148829,0.148829,28599603,28.599603,42368513,42.368513
375,resident_inputs,0,0.0,0,0.0,0,0.0,13610695,13.610695,108477,0.108477,31038371,31.038371,44770786,44.770786
376,resident_inputs,0,0.0,0,0.0,0,0.0,13609297,13.609297,112284,0.112284,28536021,28.536021,42274191,42.274191
377,resident_inputs,0,0.0,0,0.0,0,0.0,13624174,13.624174,122344,0.122344,30140699,30.140699,43903031,43.903031
378,resident_inputs,0,0.0,0,0.0,0,0.0,13613794,13.613794,114904,0.114904,29348013,29.348013,43092313,43.092313
379,resident_inputs,0,0.0,0,0.0,0,0.0,13628420,13.62842,124211,0.124211,30130829,30.130829,43900077,43.900077
380,resident_inputs,0,0.0,0,0.0,0,0.0,13613504,13.613504,114948,0.114948,30212510,30.21251,43956645,43.956645
381,resident_inputs,0,0.0,0,0.0,0,0.0,13607182,13.607182,115486,0.115486,29575231,29.575231,43314578,43.314578
382,resident_inputs,0,0.0,0,0.0,0,0.0,13614811,13.614811,114751,0.114751,30505335,30.505335,44251005,44.251005
383,resident_inputs,0,0.0,0,0.0,0,0.0,13616564,13.616564,130576,0.130576,31084217,31.084217,44847308,44.847308
384,resident_inputs,0,0.0,0,0.0,0,0.0,13618420,13.61842,115463,0.115463,30108371,30.108371,43857320,43.85732
385,resident_inputs,0,0.0,0,0.0,0,0.0,13614859,13.614859,121303,0.121303,29771735,29.771735,43523838,43.523838
386,resident_inputs,0,0.0,0,0.0,0,0.0,13615158,13.615158,118087,0.118087,33495386,33.495386,47248410,47.24841
387,resident_inputs,0,0.0,0,0.0,0,0.0,13623092,13.623092,122964,0.122964,33772290,33.77229,47534558,47.534558
388,resident_inputs,0,0.0,0,0.0,0,0.0,13608011,13.608011,107559,0.107559,28801892,28.801892,42531283,42.531283
389,resident_inputs,0,0.0,0,0.0,0,0.0,13606567,13.606567,145990,0.14599,28751457,28.751457,42518375,42.518375
390,resident_inputs,0,0.0,0,0.0,0,0.0,13607142,13.607142,108238,0.108238,28724327,28.724327,42452953,42.452953
391,resident_inputs,0,0.0,0,0.0,0,0.0,13614057,13.614057,148872,0.148872,28958209,28.958209,42734919,42.734919
392,resident_inputs,0,0.0,0,0.0,0,0.0,13607896,13.607896,109009,0.109009,28876456,28.876456,42606270,42.60627
393,resident_inputs,0,0.0,0,0.0,0,0.0,13607092,13.607092,107720,0.10772,28840292,28.840292,42572262,42.572262
394,resident_inputs,0,0.0,0,0.0,0,0.0,13612992,13.612992,107674,0.107674,30316321,30.316321,44050522,44.050522
395,resident_inputs,0,0.0,0,0.0,0,0.0,13617068,13.617068,121920,0.12192,29585483,29.585483,43339913,43.339913
396,resident_inputs,0,0.0,0,0.0,0,0.0,13613057,13.613057,122745,0.122745,29367410,29.36741,43118391,43.118391
397,resident_inputs,0,0.0,0,0.0,0,0.0,13610275,13.610275,116321,0.116321,36121455,36.121455,49864407,49.864407
398,resident_inputs,0,0.0,0,0.0,0,0.0,13620466,13.620466,124267,0.124267,29982250,29.98225,43746723,43.746723
399,resident_inputs,0,0.0,0,0.0,0,0.0,13618092,13.618092,114796,0.114796,29559142,29.559142,43306604,43.306604
400,resident_inputs,0,0.0,0,0.0,0,0.0,13612657,13.612657,114620,0.11462,29687375,29.687375,43430761,43.430761
401,resident_inputs,0,0.0,0,0.0,0,0.0,13619281,13.619281,117643,0.117643,30141323,30.141323,43895009,43.895009
402,resident_inputs,0,0.0,0,0.0,0,0.0,13608771,13.608771,115049,0.115049,29628774,29.628774,43367812,43.367812
403,resident_inputs,0,0.0,0,0.0,0,0.0,13615028,13.615028,116091,0.116091,30029691,30.029691,43776709,43.776709
404,resident_inputs,0,0.0,0,0.0,0,0.0,13611555,13.611555,126451,0.126451,33608935,33.608935,47362346,47.362346
405,resident_inputs,0,0.0,0,0.0,0,0.0,13618119,13.618119,115371,0.115371,33220726,33.220726,46969262,46.969262
406,resident_inputs,0,0.0,0,0.0,0,0.0,13615073,13.615073,116038,0.116038,30214655,30.214655,43961057,43.961057
407,resident_inputs,0,0.0,0,0.0,0,0.0,13619986,13.619986,116161,0.116161,29499692,29.499692,43253216,43.253216
408,resident_inputs,0,0.0,0,0.0,0,0.0,13617424,13.617424,123932,0.123932,33300501,33.300501,47057673,47.057673
409,resident_inputs,0,0.0,0,0.0,0,0.0,13615410,13.61541,116750,0.11675,29668231,29.668231,43416904,43.416904
410,resident_inputs,0,0.0,0,0.0,0,0.0,13617980,13.61798,122438,0.122438,29411910,29.41191,43167722,43.167722
411,resident_inputs,0,0.0,0,0.0,0,0.0,13621954,13.621954,116262,0.116262,30963337,30.963337,44716808,44.716808
412,resident_inputs,0,0.0,0,0.0,0,0.0,13615873,13.615873,123155,0.123155,29757254,29.757254,43515568,43.515568
413,resident_inputs,0,0.0,0,0.0,0,0.0,13627263,13.627263,122398,0.122398,29406222,29.406222,43173628,43.173628
414,resident_inputs,0,0.0,0,0.0,0,0.0,13614145,13.614145,115390,0.11539,29662036,29.662036,43407502,43.407502
415,resident_inputs,0,0.0,0,0.0,0,0.0,13611488,13.611488,126176,0.126176,30917909,30.917909,44672131,44.672131
416,resident_inputs,0,0.0,0,0.0,0,0.0,13609713,13.609713,114760,0.11476,30406234,30.406234,44146148,44.146148
417,resident_inputs,0,0.0,0,0.0,0,0.0,13620518,13.620518,119380,0.11938,31028955,31.028955,44785819,44.785819
418,resident_inputs,0,0.0,0,0.0,0,0.0,13612457,13.612457,120273,0.120273,30009068,30.009068,43759104,43.759104
419,resident_inputs,0,0.0,0,0.0,0,0.0,13610918,13.610918,116097,0.116097,33449859,33.449859,47192156,47.192156
420,resident_inputs,0,0.0,0,0.0,0,0.0,13617946,13.617946,126951,0.126951,32130226,32.130226,45893721,45.893721
421,resident_inputs,0,0.0,0,0.0,0,0.0,13621919,13.621919,121374,0.121374,30037331,30.037331,43797157,43.797157
422,resident_inputs,0,0.0,0,0.0,0,0.0,13610717,13.610717,116226,0.116226,32011492,32.011492,45754364,45.754364
423,resident_inputs,0,0.0,0,0.0,0,0.0,13620883,13.620883,120304,0.120304,30108133,30.108133,43867336,43.867336
424,resident_inputs,0,0.0,0,0.0,0,0.0,13614780,13.61478,115134,0.115134,29514256,29.514256,43259438,43.259438
425,resident_inputs,0,0.0,0,0.0,0,0.0,13617529,13.617529,121653,0.121653,30261347,30.261347,44015708,44.015708
426,resident_inputs,0,0.0,0,0.0,0,0.0,13615684,13.615684,120331,0.120331,29808642,29.808642,43561342,43.561342
427,resident_inputs,0,0.0,0,0.0,0,0.0,13608169,13.608169,116835,0.116835,31666026,31.666026,45417037,45.417037
428,resident_inputs,0,0.0,0,0.0,0,0.0,13615368,13.615368,121915,0.121915,29442707,29.442707,43194707,43.194707
429,resident_inputs,0,0.0,0,0.0,0,0.0,13620309,13.620309,114680,0.11468,29452398,29.452398,43201689,43.201689
430,resident_inputs,0,0.0,0,0.0,0,0.0,13610749,13.610749,115028,0.115028,33279779,33.279779,47020842,47.020842
431,resident_inputs,0,0.0,0,0.0,0,0.0,13620968,13.620968,127155,0.127155,30390733,30.390733,44156161,44.156161
432,resident_inputs,0,0.0,0,0.0,0,0.0,13608554,13.608554,146090,0.14609,28507111,28.507111,42276178,42.276178
433,resident_inputs,0,0.0,0,0.0,0,0.0,13608164,13.608164,148538,0.148538,28582840,28.58284,42354181,42.354181
434,resident_inputs,0,0.0,0,0.0,0,0.0,13608564,13.608564,164827,0.164827,29081104,29.081104,42868798,42.868798
435,resident_inputs,0,0.0,0,0.0,0,0.0,13615118,13.615118,109171,0.109171,28672343,28.672343,42412396,42.412396
436,resident_inputs,0,0.0,0,0.0,0,0.0,13604680,13.60468,108243,0.108243,28401593,28.401593,42127908,42.127908
437,resident_inputs,0,0.0,0,0.0,0,0.0,13610528,13.610528,107562,0.107562,28550341,28.550341,42282464,42.282464
438,resident_inputs,0,0.0,0,0.0,0,0.0,13622806,13.622806,146208,0.146208,28681705,28.681705,42464665,42.464665
439,resident_inputs,0,0.0,0,0.0,0,0.0,13612157,13.612157,108179,0.108179,28673429,28.673429,42406395,42.406395
440,resident_inputs,0,0.0,0,0.0,0,0.0,13605970,13.60597,109820,0.10982,29603360,29.60336,43333080,43.33308
441,resident_inputs,0,0.0,0,0.0,0,0.0,13605656,13.605656,147268,0.147268,28731461,28.731461,42498362,42.498362
442,resident_inputs,0,0.0,0,0.0,0,0.0,13624890,13.62489,114045,0.114045,30352458,30.352458,44109686,44.109686
443,resident_inputs,0,0.0,0,0.0,0,0.0,13618001,13.618001,116266,0.116266,33111279,33.111279,46863605,46.863605
444,resident_inputs,0,0.0,0,0.0,0,0.0,13621094,13.621094,124597,0.124597,40792610,40.79261,54559276,54.559276
445,resident_inputs,0,0.0,0,0.0,0,0.0,13618155,13.618155,120552,0.120552,33078692,33.078692,46837533,46.837533
446,resident_inputs,0,0.0,0,0.0,0,0.0,13616062,13.616062,119392,0.119392,30543629,30.543629,44295908,44.295908
447,resident_inputs,0,0.0,0,0.0,0,0.0,13611693,13.611693,146924,0.146924,28739992,28.739992,42513445,42.513445
448,resident_inputs,0,0.0,0,0.0,0,0.0,13613062,13.613062,146679,0.146679,30121997,30.121997,43895286,43.895286
449,resident_inputs,0,0.0,0,0.0,0,0.0,13611085,13.611085,151322,0.151322,29097176,29.097176,42873176,42.873176
450,resident_inputs,0,0.0,0,0.0,0,0.0,13610841,13.610841,109462,0.109462,28983697,28.983697,42717293,42.717293
451,resident_inputs,0,0.0,0,0.0,0,0.0,13613492,13.613492,108702,0.108702,28589591,28.589591,42327086,42.327086
452,resident_inputs,0,0.0,0,0.0,0,0.0,13613054,13.613054,107261,0.107261,29164822,29.164822,42899165,42.899165
453,resident_inputs,0,0.0,0,0.0,0,0.0,13607246,13.607246,145843,0.145843,28561040,28.56104,42328855,42.328855
454,resident_inputs,0,0.0,0,0.0,0,0.0,13612233,13.612233,149263,0.149263,28522519,28.522519,42297641,42.297641
455,resident_inputs,0,0.0,0,0.0,0,0.0,13612146,13.612146,146131,0.146131,28557432,28.557432,42330596,42.330596
456,resident_inputs,0,0.0,0,0.0,0,0.0,13608938,13.608938,108804,0.108804,29440512,29.440512,43171413,43.171413
457,resident_inputs,0,0.0,0,0.0,0,0.0,13610161,13.610161,108111,0.108111,28510536,28.510536,42244712,42.244712
458,resident_inputs,0,0.0,0,0.0,0,0.0,13611738,13.611738,108338,0.108338,28734471,28.734471,42467896,42.467896
459,resident_inputs,0,0.0,0,0.0,0,0.0,13603983,13.603983,113006,0.113006,28391466,28.391466,42121303,42.121303
460,resident_inputs,0,0.0,0,0.0,0,0.0,13604747,13.604747,135923,0.135923,28412779,28.412779,42166617,42.166617
461,resident_inputs,0,0.0,0,0.0,0,0.0,13610164,13.610164,108541,0.108541,28369538,28.369538,42101117,42.101117
462,resident_inputs,0,0.0,0,0.0,0,0.0,13612924,13.612924,107971,0.107971,28552621,28.552621,42287148,42.287148
463,resident_inputs,0,0.0,0,0.0,0,0.0,13613033,13.613033,108917,0.108917,28494743,28.494743,42230039,42.230039
464,resident_inputs,0,0.0,0,0.0,0,0.0,13651812,13.651812,180554,0.180554,32374498,32.374498,46228138,46.228138
465,resident_inputs,0,0.0,0,0.0,0,0.0,13611342,13.611342,158260,0.15826,28677902,28.677902,42462111,42.462111
466,resident_inputs,0,0.0,0,0.0,0,0.0,13608592,13.608592,108192,0.108192,28763469,28.763469,42493392,42.493392
467,resident_inputs,0,0.0,0,0.0,0,0.0,13611096,13.611096,107934,0.107934,30180753,30.180753,43912720,43.91272
468,resident_inputs,0,0.0,0,0.0,0,0.0,13609591,13.609591,114022,0.114022,29790584,29.790584,43530030,43.53003
469,resident_inputs,0,0.0,0,0.0,0,0.0,13607872,13.607872,108533,0.108533,28790251,28.790251,42519527,42.519527
470,resident_inputs,0,0.0,0,0.0,0,0.0,13606364,13.606364,136041,0.136041,28587248,28.587248,42343345,42.343345
471,resident_inputs,0,0.0,0,0.0,0,0.0,13607723,13.607723,108470,0.10847,29386956,29.386956,43116987,43.116987
472,resident_inputs,0,0.0,0,0.0,0,0.0,13606627,13.606627,110153,0.110153,28763441,28.763441,42493417,42.493417
473,resident_inputs,0,0.0,0,0.0,0,0.0,13613423,13.613423,111073,0.111073,28576194,28.576194,42316762,42.316762
474,resident_inputs,0,0.0,0,0.0,0,0.0,13606918,13.606918,137385,0.137385,28723526,28.723526,42481689,42.481689
475,resident_inputs,0,0.0,0,0.0,0,0.0,13608497,13.608497,113462,0.113462,29020020,29.02002,42759042,42.759042
476,resident_inputs,0,0.0,0,0.0,0,0.0,13608776,13.608776,108438,0.108438,28654484,28.654484,42385301,42.385301
477,resident_inputs,0,0.0,0,0.0,0,0.0,13605246,13.605246,107365,0.107365,28580745,28.580745,42306005,42.306005
478,resident_inputs,0,0.0,0,0.0,0,0.0,13607719,13.607719,107712,0.107712,28576207,28.576207,42304811,42.304811
479,resident_inputs,0,0.0,0,0.0,0,0.0,13612321,13.612321,109753,0.109753,28728363,28.728363,42463969,42.463969
480,resident_inputs,0,0.0,0,0.0,0,0.0,13612540,13.61254,135665,0.135665,28657517,28.657517,42419430,42.41943
481,resident_inputs,0,0.0,0,0.0,0,0.0,13610130,13.61013,136860,0.13686,28771680,28.77168,42542237,42.542237
482,resident_inputs,0,0.0,0,0.0,0,0.0,13611352,13.611352,137933,0.137933,29545730,29.54573,43309069,43.309069
483,resident_inputs,0,0.0,0,0.0,0,0.0,13609949,13.609949,116161,0.116161,29502653,29.502653,43270933,43.270933
484,resident_inputs,0,0.0,0,0.0,0,0.0,13616801,13.616801,118621,0.118621,30314710,30.31471,44064642,44.064642
485,resident_inputs,0,0.0,0,0.0,0,0.0,13614392,13.614392,116522,0.116522,29492148,29.492148,43239664,43.239664
486,resident_inputs,0,0.0,0,0.0,0,0.0,13614567,13.614567,116315,0.116315,31156426,31.156426,44903583,44.903583
487,resident_inputs,0,0.0,0,0.0,0,0.0,13625631,13.625631,122728,0.122728,30390118,30.390118,44158022,44.158022
488,resident_inputs,0,0.0,0,0.0,0,0.0,13613091,13.613091,120223,0.120223,31056701,31.056701,44806319,44.806319
489,resident_inputs,0,0.0,0,0.0,0,0.0,13617852,13.617852,118386,0.118386,29645073,29.645073,43400082,43.400082
490,resident_inputs,0,0.0,0,0.0,0,0.0,13623744,13.623744,119161,0.119161,30011553,30.011553,43769590,43.76959
491,resident_inputs,0,0.0,0,0.0,0,0.0,13632074,13.632074,145026,0.145026,29547344,29.547344,43341900,43.3419
492,resident_inputs,0,0.0,0,0.0,0,0.0,13617883,13.617883,118458,0.118458,29793659,29.793659,43546046,43.546046
493,resident_inputs,0,0.0,0,0.0,0,0.0,13639577,13.639577,151362,0.151362,31461436,31.461436,45269403,45.269403
494,resident_inputs,0,0.0,0,0.0,0,0.0,13623004,13.623004,121294,0.121294,29987728,29.987728,43748812,43.748812
495,resident_inputs,0,0.0,0,0.0,0,0.0,13619314,13.619314,117704,0.117704,29716491,29.716491,43470577,43.470577
496,resident_inputs,0,0.0,0,0.0,0,0.0,13619205,13.619205,120797,0.120797,29358929,29.358929,43113946,43.113946
497,resident_inputs,0,0.0,0,0.0,0,0.0,13620279,13.620279,115879,0.115879,32079446,32.079446,45844902,45.844902
498,resident_inputs,0,0.0,0,0.0,0,0.0,13618342,13.618342,117021,0.117021,29579188,29.579188,43330336,43.330336
499,resident_inputs,0,0.0,0,0.0,0,0.0,13610519,13.610519,113876,0.113876,29779991,29.779991,43519216,43.519216
500,resident_inputs,0,0.0,0,0.0,0,0.0,13618522,13.618522,117939,0.117939,29930669,29.930669,43682266,43.682266
501,resident_inputs,0,0.0,0,0.0,0,0.0,13617698,13.617698,114859,0.114859,30563278,30.563278,44310279,44.310279
502,resident_inputs,0,0.0,0,0.0,0,0.0,13617673,13.617673,118772,0.118772,29582579,29.582579,43334369,43.334369
503,resident_inputs,0,0.0,0,0.0,0,0.0,13613103,13.613103,117037,0.117037,29569982,29.569982,43315090,43.31509
504,resident_inputs,0,0.0,0,0.0,0,0.0,13617822,13.617822,116519,0.116519,29567828,29.567828,43317191,43.317191
505,resident_inputs,0,0.0,0,0.0,0,0.0,13612474,13.612474,115902,0.115902,29520480,29.52048,43262650,43.26265
506,resident_inputs,0,0.0,0,0.0,0,0.0,13616153,13.616153,115631,0.115631,29613559,29.613559,43360179,43.360179
507,resident_inputs,0,0.0,0,0.0,0,0.0,13610372,13.610372,115707,0.115707,29562248,29.562248,43303322,43.303322
508,resident_inputs,0,0.0,0,0.0,0,0.0,13610051,13.610051,126783,0.126783,29623706,29.623706,43375839,43.375839
509,resident_inputs,0,0.0,0,0.0,0,0.0,13617706,13.617706,131697,0.131697,30293308,30.293308,44062104,44.062104
510,resident_inputs,0,0.0,0,0.0,0,0.0,13616606,13.616606,132325,0.132325,31196645,31.196645,44964504,44.964504
511,resident_inputs,0,0.0,0,0.0,0,0.0,13613567,13.613567,118306,0.118306,29589841,29.589841,43338460,43.33846
512,resident_inputs,0,0.0,0,0.0,0,0.0,13616661,13.616661,119039,0.119039,30732177,30.732177,44486177,44.486177
513,resident_inputs,0,0.0,0,0.0,0,0.0,13624346,13.624346,118787,0.118787,29720790,29.72079,43481934,43.481934
514,resident_inputs,0,0.0,0,0.0,0,0.0,13616673,13.616673,124045,0.124045,31512027,31.512027,45270869,45.270869
515,resident_inputs,0,0.0,0,0.0,0,0.0,13612081,13.612081,116527,0.116527,29693823,29.693823,43438966,43.438966
516,resident_inputs,0,0.0,0,0.0,0,0.0,13621523,13.621523,121365,0.121365,33373087,33.373087,47131381,47.131381
517,resident_inputs,0,0.0,0,0.0,0,0.0,13613508,13.613508,147802,0.147802,28619424,28.619424,42395197,42.395197
518,resident_inputs,0,0.0,0,0.0,0,0.0,13609986,13.609986,146763,0.146763,28633543,28.633543,42405347,42.405347
519,resident_inputs,0,0.0,0,0.0,0,0.0,13610640,13.61064,127070,0.12707,29070021,29.070021,42824490,42.82449
520,resident_inputs,0,0.0,0,0.0,0,0.0,13611482,13.611482,111737,0.111737,28614715,28.614715,42352957,42.352957
521,resident_inputs,0,0.0,0,0.0,0,0.0,13613012,13.613012,118092,0.118092,29543284,29.543284,43290174,43.290174
522,resident_inputs,0,0.0,0,0.0,0,0.0,13609215,13.609215,119516,0.119516,30281315,30.281315,44025436,44.025436
523,resident_inputs,0,0.0,0,0.0,0,0.0,13609797,13.609797,116348,0.116348,29714762,29.714762,43455011,43.455011
524,resident_inputs,0,0.0,0,0.0,0,0.0,13613687,13.613687,117878,0.117878,31530759,31.530759,45277367,45.277367
525,resident_inputs,0,0.0,0,0.0,0,0.0,13609332,13.609332,116598,0.116598,30138842,30.138842,43879528,43.879528
526,resident_inputs,0,0.0,0,0.0,0,0.0,13617187,13.617187,120776,0.120776,29651619,29.651619,43411249,43.411249
527,resident_inputs,0,0.0,0,0.0,0,0.0,13624349,13.624349,121412,0.121412,30177516,30.177516,43940260,43.94026
528,resident_inputs,0,0.0,0,0.0,0,0.0,13619549,13.619549,167631,0.167631,28803144,28.803144,42606546,42.606546
529,resident_inputs,0,0.0,0,0.0,0,0.0,13606448,13.606448,155273,0.155273,30387441,30.387441,44163584,44.163584
530,resident_inputs,0,0.0,0,0.0,0,0.0,13606523,13.606523,148613,0.148613,28659433,28.659433,42428687,42.428687
531,resident_inputs,0,0.0,0,0.0,0,0.0,13614864,13.614864,146512,0.146512,30363189,30.363189,44144368,44.144368
532,resident_inputs,0,0.0,0,0.0,0,0.0,13609593,13.609593,117767,0.117767,30984321,30.984321,44727158,44.727158
533,resident_inputs,0,0.0,0,0.0,0,0.0,13608147,13.608147,120001,0.120001,29735583,29.735583,43479120,43.47912
534,resident_inputs,0,0.0,0,0.0,0,0.0,13621316,13.621316,120571,0.120571,30053706,30.053706,43811476,43.811476
535,resident_inputs,0,0.0,0,0.0,0,0.0,13616917,13.616917,116792,0.116792,29742381,29.742381,43492760,43.49276
536,resident_inputs,0,0.0,0,0.0,0,0.0,13621545,13.621545,119498,0.119498,29687305,29.687305,43443643,43.443643
537,resident_inputs,0,0.0,0,0.0,0,0.0,13624438,13.624438,123145,0.123145,29724444,29.724444,43487637,43.487637
538,resident_inputs,0,0.0,0,0.0,0,0.0,13611462,13.611462,119120,0.11912,29823115,29.823115,43569263,43.569263
539,resident_inputs,0,0.0,0,0.0,0,0.0,13618772,13.618772,119806,0.119806,30929622,30.929622,44683744,44.683744
540,resident_inputs,0,0.0,0,0.0,0,0.0,13618309,13.618309,125434,0.125434,30164967,30.164967,43956260,43.95626
541,resident_inputs,0,0.0,0,0.0,0,0.0,13622811,13.622811,119918,0.119918,30782275,30.782275,44542094,44.542094
542,resident_inputs,0,0.0,0,0.0,0,0.0,13618240,13.61824,136327,0.136327,30499964,30.499964,44277233,44.277233
543,resident_inputs,0,0.0,0,0.0,0,0.0,13611190,13.61119,126020,0.12602,28599518,28.599518,42351188,42.351188
544,resident_inputs,0,0.0,0,0.0,0,0.0,13605419,13.605419,109023,0.109023,28892464,28.892464,42620362,42.620362
545,resident_inputs,0,0.0,0,0.0,0,0.0,13611649,13.611649,110004,0.110004,28671113,28.671113,42406070,42.40607
546,resident_inputs,0,0.0,0,0.0,0,0.0,13610407,13.610407,109908,0.109908,28725065,28.725065,42458763,42.458763
547,resident_inputs,0,0.0,0,0.0,0,0.0,13604351,13.604351,136938,0.136938,29032947,29.032947,42787629,42.787629
548,resident_inputs,0,0.0,0,0.0,0,0.0,13607560,13.60756,110169,0.110169,28766097,28.766097,42497559,42.497559
549,resident_inputs,0,0.0,0,0.0,0,0.0,13613061,13.613061,110115,0.110115,28712562,28.712562,42448716,42.448716
550,resident_inputs,0,0.0,0,0.0,0,0.0,13605646,13.605646,147867,0.147867,28924836,28.924836,42692204,42.692204
551,resident_inputs,0,0.0,0,0.0,0,0.0,13612411,13.612411,148825,0.148825,28845096,28.845096,42620638,42.620638
552,resident_inputs,0,0.0,0,0.0,0,0.0,13612871,13.612871,109380,0.10938,28835327,28.835327,42571687,42.571687
553,resident_inputs,0,0.0,0,0.0,0,0.0,13612893,13.612893,109364,0.109364,33319703,33.319703,47054974,47.054974
554,resident_inputs,0,0.0,0,0.0,0,0.0,13613938,13.613938,113106,0.113106,28804272,28.804272,42546356,42.546356
555,resident_inputs,0,0.0,0,0.0,0,0.0,13611412,13.611412,110725,0.110725,30238369,30.238369,43973617,43.973617
556,resident_inputs,0,0.0,0,0.0,0,0.0,13607012,13.607012,148336,0.148336,28800839,28.800839,42570354,42.570354
557,resident_inputs,0,0.0,0,0.0,0,0.0,13610755,13.610755,109443,0.109443,30643411,30.643411,44376919,44.376919
558,resident_inputs,0,0.0,0,0.0,0,0.0,13611855,13.611855,110587,0.110587,28687040,28.68704,42422826,42.422826
559,resident_inputs,0,0.0,0,0.0,0,0.0,13621164,13.621164,127086,0.127086,31591373,31.591373,45355886,45.355886
560,resident_inputs,0,0.0,0,0.0,0,0.0,13618759,13.618759,117249,0.117249,31434101,31.434101,45185861,45.185861
561,resident_inputs,0,0.0,0,0.0,0,0.0,13608846,13.608846,116192,0.116192,29781731,29.781731,43523026,43.523026
562,resident_inputs,0,0.0,0,0.0,0,0.0,13621434,13.621434,119433,0.119433,31266485,31.266485,45022777,45.022777
563,resident_inputs,0,0.0,0,0.0,0,0.0,13608853,13.608853,125892,0.125892,29809542,29.809542,43559474,43.559474
564,resident_inputs,0,0.0,0,0.0,0,0.0,13616440,13.61644,119810,0.11981,34242200,34.2422,47994805,47.994805
565,resident_inputs,0,0.0,0,0.0,0,0.0,13612403,13.612403,133963,0.133963,28958943,28.958943,42717737,42.717737
566,resident_inputs,0,0.0,0,0.0,0,0.0,13619757,13.619757,120066,0.120066,29520681,29.520681,43280875,43.280875
567,resident_inputs,0,0.0,0,0.0,0,0.0,13620251,13.620251,119645,0.119645,29482562,29.482562,43237372,43.237372
568,resident_inputs,0,0.0,0,0.0,0,0.0,13607207,13.607207,117343,0.117343,31202063,31.202063,44942549,44.942549
569,resident_inputs,0,0.0,0,0.0,0,0.0,13613880,13.61388,119121,0.119121,31902333,31.902333,45651947,45.651947
570,resident_inputs,0,0.0,0,0.0,0,0.0,13623166,13.623166,120439,0.120439,29467983,29.467983,43226792,43.226792
571,resident_inputs,0,0.0,0,0.0,0,0.0,13611325,13.611325,117420,0.11742,29854854,29.854854,43599295,43.599295
572,resident_inputs,0,0.0,0,0.0,0,0.0,13610617,13.610617,119413,0.119413,29504295,29.504295,43249633,43.249633
573,resident_inputs,0,0.0,0,0.0,0,0.0,13611251,13.611251,117018,0.117018,29834281,29.834281,43577935,43.577935
574,resident_inputs,0,0.0,0,0.0,0,0.0,13617823,13.617823,117361,0.117361,29652016,29.652016,43403667,43.403667
575,resident_inputs,0,0.0,0,0.0,0,0.0,13614375,13.614375,125183,0.125183,32210956,32.210956,45966990,45.96699
576,resident_inputs,0,0.0,0,0.0,0,0.0,13613329,13.613329,117692,0.117692,33166615,33.166615,46914873,46.914873
577,resident_inputs,0,0.0,0,0.0,0,0.0,13616863,13.616863,120993,0.120993,30185667,30.185667,43939544,43.939544
578,resident_inputs,0,0.0,0,0.0,0,0.0,13618831,13.618831,126566,0.126566,29823739,29.823739,43585530,43.58553
579,resident_inputs,0,0.0,0,0.0,0,0.0,13617398,13.617398,123200,0.1232,30921728,30.921728,44677366,44.677366
580,resident_inputs,0,0.0,0,0.0,0,0.0,13612674,13.612674,115597,0.115597,30533546,30.533546,44276590,44.27659
581,resident_inputs,0,0.0,0,0.0,0,0.0,13615877,13.615877,118595,0.118595,29960780,29.96078,43710817,43.710817
582,resident_inputs,0,0.0,0,0.0,0,0.0,13615708,13.615708,115729,0.115729,29820303,29.820303,43567101,43.567101
583,resident_inputs,0,0.0,0,0.0,0,0.0,13617749,13.617749,128884,0.128884,30407636,30.407636,44171445,44.171445
584,resident_inputs,0,0.0,0,0.0,0,0.0,13622434,13.622434,124361,0.124361,29411352,29.411352,43176274,43.176274
585,resident_inputs,0,0.0,0,0.0,0,0.0,13616025,13.616025,150233,0.150233,30189113,30.189113,43971220,43.97122
586,resident_inputs,0,0.0,0,0.0,0,0.0,13617560,13.61756,111920,0.11192,32737981,32.737981,46484781,46.484781
587,resident_inputs,0,0.0,0,0.0,0,0.0,13612920,13.61292,110746,0.110746,29872873,29.872873,43609669,43.609669
588,resident_inputs,0,0.0,0,0.0,0,0.0,13607755,13.607755,109394,0.109394,28671336,28.671336,42402387,42.402387
589,resident_inputs,0,0.0,0,0.0,0,0.0,13609381,13.609381,109507,0.109507,28638519,28.638519,42370260,42.37026
590,resident_inputs,0,0.0,0,0.0,0,0.0,13611409,13.611409,146744,0.146744,28641143,28.641143,42413614,42.413614
591,resident_inputs,0,0.0,0,0.0,0,0.0,13610476,13.610476,109414,0.109414,28696422,28.696422,42429698,42.429698
592,resident_inputs,0,0.0,0,0.0,0,0.0,13606649,13.606649,109976,0.109976,28662031,28.662031,42392194,42.392194
593,resident_inputs,0,0.0,0,0.0,0,0.0,13607410,13.60741,108038,0.108038,28595129,28.595129,42323207,42.323207
594,resident_inputs,0,0.0,0,0.0,0,0.0,13611298,13.611298,146570,0.14657,28598524,28.598524,42370126,42.370126
595,resident_inputs,0,0.0,0,0.0,0,0.0,13611099,13.611099,109625,0.109625,28665133,28.665133,42400041,42.400041
596,resident_inputs,0,0.0,0,0.0,0,0.0,13606430,13.60643,109384,0.109384,28645717,28.645717,42375571,42.375571
597,resident_inputs,0,0.0,0,0.0,0,0.0,13608679,13.608679,109011,0.109011,28616103,28.616103,42346865,42.346865
598,resident_inputs,0,0.0,0,0.0,0,0.0,13615829,13.615829,121111,0.121111,29670183,29.670183,43425580,43.42558
599,resident_inputs,0,0.0,0,0.0,0,0.0,13614859,13.614859,116608,0.116608,29434095,29.434095,43182066,43.182066
600,resident_inputs,0,0.0,0,0.0,0,0.0,13619492,13.619492,120820,0.12082,29976281,29.976281,43731864,43.731864
601,resident_inputs,0,0.0,0,0.0,0,0.0,13614881,13.614881,117224,0.117224,29674647,29.674647,43423098,43.423098
602,resident_inputs,0,0.0,0,0.0,0,0.0,13632692,13.632692,132635,0.132635,30003794,30.003794,43787461,43.787461
603,resident_inputs,0,0.0,0,0.0,0,0.0,13616147,13.616147,119133,0.119133,29959003,29.959003,43711088,43.711088
604,resident_inputs,0,0.0,0,0.0,0,0.0,13617280,13.61728,116481,0.116481,31123205,31.123205,44871679,44.871679
605,resident_inputs,0,0.0,0,0.0,0,0.0,13618542,13.618542,116730,0.11673,29805675,29.805675,43557221,43.557221
606,resident_inputs,0,0.0,0,0.0,0,0.0,13615240,13.61524,112096,0.112096,29679688,29.679688,43421582,43.421582
607,resident_inputs,0,0.0,0,0.0,0,0.0,13615176,13.615176,147353,0.147353,28547303,28.547303,42336974,42.336974
608,resident_inputs,0,0.0,0,0.0,0,0.0,13607051,13.607051,138013,0.138013,28595598,28.595598,42354308,42.354308
609,resident_inputs,0,0.0,0,0.0,0,0.0,13610470,13.61047,135958,0.135958,29441884,29.441884,43208296,43.208296
610,resident_inputs,0,0.0,0,0.0,0,0.0,13606147,13.606147,138884,0.138884,29598177,29.598177,43357603,43.357603
611,resident_inputs,0,0.0,0,0.0,0,0.0,13609771,13.609771,108464,0.108464,28478963,28.478963,42210426,42.210426
612,resident_inputs,0,0.0,0,0.0,0,0.0,13606894,13.606894,110051,0.110051,29309151,29.309151,43039477,43.039477
613,resident_inputs,0,0.0,0,0.0,0,0.0,13608147,13.608147,108446,0.108446,28633811,28.633811,42363671,42.363671
614,resident_inputs,0,0.0,0,0.0,0,0.0,13605949,13.605949,108770,0.10877,28605524,28.605524,42333780,42.33378
615,resident_inputs,0,0.0,0,0.0,0,0.0,13608739,13.608739,138290,0.13829,28484273,28.484273,42244092,42.244092
616,resident_inputs,0,0.0,0,0.0,0,0.0,13611808,13.611808,109473,0.109473,29000493,29.000493,42734741,42.734741
617,resident_inputs,0,0.0,0,0.0,0,0.0,13610641,13.610641,109230,0.10923,28524632,28.524632,42257233,42.257233
618,resident_inputs,0,0.0,0,0.0,0,0.0,13605569,13.605569,149067,0.149067,28464576,28.464576,42233034,42.233034
619,resident_inputs,0,0.0,0,0.0,0,0.0,13608654,13.608654,110070,0.11007,28568466,28.568466,42300159,42.300159
620,resident_inputs,0,0.0,0,0.0,0,0.0,13613641,13.613641,148276,0.148276,31189149,31.189149,44965442,44.965442
621,resident_inputs,0,0.0,0,0.0,0,0.0,13609472,13.609472,110708,0.110708,29246245,29.246245,42981293,42.981293
622,resident_inputs,0,0.0,0,0.0,0,0.0,13610807,13.610807,110108,0.110108,29554293,29.554293,43288528,43.288528
623,resident_inputs,0,0.0,0,0.0,0,0.0,13608887,13.608887,109945,0.109945,28732242,28.732242,42464527,42.464527
624,resident_inputs,0,0.0,0,0.0,0,0.0,13611519,13.611519,137588,0.137588,31726098,31.726098,45489125,45.489125
625,resident_inputs,0,0.0,0,0.0,0,0.0,13609724,13.609724,109021,0.109021,28628929,28.628929,42362548,42.362548
626,resident_inputs,0,0.0,0,0.0,0,0.0,13607778,13.607778,112746,0.112746,30236932,30.236932,43971268,43.971268
627,resident_inputs,0,0.0,0,0.0,0,0.0,13611457,13.611457,147850,0.14785,28526279,28.526279,42299265,42.299265
628,resident_inputs,0,0.0,0,0.0,0,0.0,13614425,13.614425,109819,0.109819,29600068,29.600068,43337701,43.337701
629,resident_inputs,0,0.0,0,0.0,0,0.0,13612228,13.612228,109812,0.109812,28682650,28.68265,42418855,42.418855
630,resident_inputs,0,0.0,0,0.0,0,0.0,13606027,13.606027,109194,0.109194,29679397,29.679397,43407766,43.407766
631,resident_inputs,0,0.0,0,0.0,0,0.0,13611849,13.611849,147091,0.147091,29359004,29.359004,43134615,43.134615
632,resident_inputs,0,0.0,0,0.0,0,0.0,13619297,13.619297,113238,0.113238,29966174,29.966174,43715609,43.715609
633,resident_inputs,0,0.0,0,0.0,0,0.0,13607632,13.607632,109772,0.109772,28473331,28.473331,42204258,42.204258
634,resident_inputs,0,0.0,0,0.0,0,0.0,13605970,13.60597,109432,0.109432,30218657,30.218657,43947285,43.947285
635,resident_inputs,0,0.0,0,0.0,0,0.0,13605325,13.605325,147120,0.14712,28512475,28.512475,42279881,42.279881
636,resident_inputs,0,0.0,0,0.0,0,0.0,13608669,13.608669,111537,0.111537,30440978,30.440978,44174447,44.174447
637,resident_inputs,0,0.0,0,0.0,0,0.0,13629317,13.629317,127084,0.127084,29973042,29.973042,43745317,43.745317
638,resident_inputs,0,0.0,0,0.0,0,0.0,13612090,13.61209,119843,0.119843,29541906,29.541906,43288611,43.288611
639,resident_inputs,0,0.0,0,0.0,0,0.0,13608855,13.608855,117266,0.117266,29437607,29.437607,43179764,43.179764
640,resident_inputs,0,0.0,0,0.0,0,0.0,13616126,13.616126,120440,0.12044,29620132,29.620132,43372443,43.372443
641,resident_inputs,0,0.0,0,0.0,0,0.0,13615356,13.615356,117250,0.11725,31337281,31.337281,45085586,45.085586
642,resident_inputs,0,0.0,0,0.0,0,0.0,13614841,13.614841,121112,0.121112,29503765,29.503765,43256279,43.256279
643,resident_inputs,0,0.0,0,0.0,0,0.0,13682810,13.68281,137746,0.137746,30172685,30.172685,44013845,44.013845
644,resident_inputs,0,0.0,0,0.0,0,0.0,13613560,13.61356,116269,0.116269,30354507,30.354507,44100299,44.100299
645,resident_inputs,0,0.0,0,0.0,0,0.0,13612081,13.612081,118993,0.118993,30005144,30.005144,43755211,43.755211
646,resident_inputs,0,0.0,0,0.0,0,0.0,13612090,13.61209,119578,0.119578,30951756,30.951756,44699263,44.699263
647,resident_inputs,0,0.0,0,0.0,0,0.0,13612494,13.612494,145020,0.14502,29745981,29.745981,43521679,43.521679
648,resident_inputs,0,0.0,0,0.0,0,0.0,13616547,13.616547,116002,0.116002,29710796,29.710796,43457536,43.457536
649,resident_inputs,0,0.0,0,0.0,0,0.0,13613967,13.613967,119293,0.119293,29634917,29.634917,43383534,43.383534
650,resident_inputs,0,0.0,0,0.0,0,0.0,13616109,13.616109,118490,0.11849,30282632,30.282632,44031832,44.031832
651,resident_inputs,0,0.0,0,0.0,0,0.0,13607042,13.607042,147548,0.147548,28848843,28.848843,42617248,42.617248
652,resident_inputs,0,0.0,0,0.0,0,0.0,13606689,13.606689,138474,0.138474,28488858,28.488858,42249005,42.249005
653,resident_inputs,0,0.0,0,0.0,0,0.0,13612776,13.612776,116872,0.116872,30116888,30.116888,43862020,43.86202
654,resident_inputs,0,0.0,0,0.0,0,0.0,13617143,13.617143,131300,0.1313,30455207,30.455207,44222626,44.222626
655,resident_inputs,0,0.0,0,0.0,0,0.0,13622386,13.622386,117489,0.117489,29763473,29.763473,43520499,43.520499
656,resident_inputs,0,0.0,0,0.0,0,0.0,13615602,13.615602,115677,0.115677,32581106,32.581106,46327108,46.327108
657,resident_inputs,0,0.0,0,0.0,0,0.0,13612656,13.612656,118839,0.118839,31855705,31.855705,45604012,45.604012
658,resident_inputs,0,0.0,0,0.0,0,0.0,13613950,13.61395,120877,0.120877,30776649,30.776649,44527477,44.527477
659,resident_inputs,0,0.0,0,0.0,0,0.0,13618049,13.618049,118128,0.118128,30445429,30.445429,44198824,44.198824
660,resident_inputs,0,0.0,0,0.0,0,0.0,13614177,13.614177,118145,0.118145,30118126,30.118126,43866186,43.866186
661,resident_inputs,0,0.0,0,0.0,0,0.0,13618060,13.61806,122671,0.122671,29853805,29.853805,43611915,43.611915
662,resident_inputs,0,0.0,0,0.0,0,0.0,13613349,13.613349,119672,0.119672,29917197,29.917197,43665618,43.665618
663,resident_inputs,0,0.0,0,0.0,0,0.0,13617507,13.617507,151026,0.151026,31687180,31.68718,45472879,45.472879
664,resident_inputs,0,0.0,0,0.0,0,0.0,13612763,13.612763,116966,0.116966,29860160,29.86016,43604947,43.604947
665,resident_inputs,0,0.0,0,0.0,0,0.0,14084672,14.084672,171175,0.171175,42432491,42.432491,56713981,56.713981
666,resident_inputs,0,0.0,0,0.0,0,0.0,13614924,13.614924,134961,0.134961,40707879,40.707879,54480232,54.480232
667,resident_inputs,0,0.0,0,0.0,0,0.0,13622483,13.622483,116726,0.116726,32916160,32.91616,46673990,46.67399
668,resident_inputs,0,0.0,0,0.0,0,0.0,13618985,13.618985,117663,0.117663,34302518,34.302518,48057198,48.057198
669,resident_inputs,0,0.0,0,0.0,0,0.0,13615479,13.615479,109940,0.10994,29183346,29.183346,42927915,42.927915
670,resident_inputs,0,0.0,0,0.0,0,0.0,13609705,13.609705,148393,0.148393,28810712,28.810712,42584320,42.58432
671,resident_inputs,0,0.0,0,0.0,0,0.0,13613546,13.613546,111017,0.111017,28726564,28.726564,42465414,42.465414
672,resident_inputs,0,0.0,0,0.0,0,0.0,13608005,13.608005,151904,0.151904,29328716,29.328716,43105024,43.105024
673,resident_inputs,0,0.0,0,0.0,0,0.0,13605566,13.605566,147930,0.14793,29156366,29.156366,42923656,42.923656
674,resident_inputs,0,0.0,0,0.0,0,0.0,13615045,13.615045,111327,0.111327,28950361,28.950361,42691458,42.691458
675,resident_inputs,0,0.0,0,0.0,0,0.0,13610572,13.610572,109346,0.109346,30837151,30.837151,44570375,44.570375
676,resident_inputs,0,0.0,0,0.0,0,0.0,13616941,13.616941,125419,0.125419,29711006,29.711006,43468511,43.468511
677,resident_inputs,0,0.0,0,0.0,0,0.0,13615326,13.615326,117167,0.117167,30171774,30.171774,43919620,43.91962
678,resident_inputs,0,0.0,0,0.0,0,0.0,13610179,13.610179,118047,0.118047,29602294,29.602294,43347057,43.347057
679,resident_inputs,0,0.0,0,0.0,0,0.0,13622111,13.622111,127192,0.127192,30122257,30.122257,43888455,43.888455
680,resident_inputs,0,0.0,0,0.0,0,0.0,13618139,13.618139,119015,0.119015,31979548,31.979548,45732068,45.732068
681,resident_inputs,0,0.0,0,0.0,0,0.0,13618621,13.618621,150166,0.150166,28769554,28.769554,42552963,42.552963
682,resident_inputs,0,0.0,0,0.0,0,0.0,13609130,13.60913,147488,0.147488,30150572,30.150572,43921822,43.921822
683,resident_inputs,0,0.0,0,0.0,0,0.0,13615721,13.615721,110821,0.110821,29015746,29.015746,42756197,42.756197
684,resident_inputs,0,0.0,0,0.0,0,0.0,13611279,13.611279,108539,0.108539,30107000,30.107,43839860,43.83986
685,resident_inputs,0,0.0,0,0.0,0,0.0,13612929,13.612929,110375,0.110375,28857485,28.857485,42595540,42.59554
686,resident_inputs,0,0.0,0,0.0,0,0.0,13607854,13.607854,148278,0.148278,31903365,31.903365,45676116,45.676116
687,resident_inputs,0,0.0,0,0.0,0,0.0,13624898,13.624898,121243,0.121243,30399362,30.399362,44165818,44.165818
688,resident_inputs,0,0.0,0,0.0,0,0.0,13613171,13.613171,117038,0.117038,29633396,29.633396,43378572,43.378572
689,resident_inputs,0,0.0,0,0.0,0,0.0,13611037,13.611037,120762,0.120762,30789532,30.789532,44538545,44.538545
690,resident_inputs,0,0.0,0,0.0,0,0.0,13612218,13.612218,136584,0.136584,32011522,32.011522,45773410,45.77341
691,resident_inputs,0,0.0,0,0.0,0,0.0,13610954,13.610954,148465,0.148465,28630475,28.630475,42403574,42.403574
692,resident_inputs,0,0.0,0,0.0,0,0.0,13611460,13.61146,148381,0.148381,28633792,28.633792,42409189,42.409189
693,resident_inputs,0,0.0,0,0.0,0,0.0,13614510,13.61451,110795,0.110795,28542944,28.542944,42280942,42.280942
694,resident_inputs,0,0.0,0,0.0,0,0.0,13604361,13.604361,149328,0.149328,28790666,28.790666,42558620,42.55862
695,resident_inputs,0,0.0,0,0.0,0,0.0,13614716,13.614716,109423,0.109423,28704448,28.704448,42444294,42.444294
696,resident_inputs,0,0.0,0,0.0,0,0.0,13609781,13.609781,117053,0.117053,29397542,29.397542,43139998,43.139998
697,resident_inputs,0,0.0,0,0.0,0,0.0,13614613,13.614613,118155,0.118155,30352931,30.352931,44101340,44.10134
698,resident_inputs,0,0.0,0,0.0,0,0.0,13614700,13.6147,132948,0.132948,29387375,29.387375,43153589,43.153589
699,resident_inputs,0,0.0,0,0.0,0,0.0,13610065,13.610065,117342,0.117342,29470698,29.470698,43213186,43.213186
700,resident_inputs,0,0.0,0,0.0,0,0.0,13614541,13.614541,122319,0.122319,30407692,30.407692,44160350,44.16035
701,resident_inputs,0,0.0,0,0.0,0,0.0,13609032,13.609032,119512,0.119512,29827006,29.827006,43571941,43.571941
702,resident_inputs,0,0.0,0,0.0,0,0.0,13611141,13.611141,116670,0.11667,29420389,29.420389,43163035,43.163035
703,resident_inputs,0,0.0,0,0.0,0,0.0,13609864,13.609864,125147,0.125147,29889571,29.889571,43640247,43.640247
704,resident_inputs,0,0.0,0,0.0,0,0.0,13616382,13.616382,117948,0.117948,30296066,30.296066,44044427,44.044427
705,resident_inputs,0,0.0,0,0.0,0,0.0,13616499,13.616499,123784,0.123784,29485884,29.485884,43242006,43.242006
706,resident_inputs,0,0.0,0,0.0,0,0.0,13608851,13.608851,117475,0.117475,29542017,29.542017,43283619,43.283619
707,resident_inputs,0,0.0,0,0.0,0,0.0,13610291,13.610291,119008,0.119008,29634895,29.634895,43379935,43.379935
708,resident_inputs,0,0.0,0,0.0,0,0.0,13615801,13.615801,117226,0.117226,29494590,29.49459,43242260,43.24226
709,resident_inputs,0,0.0,0,0.0,0,0.0,13772406,13.772406,128236,0.128236,31365756,31.365756,45284352,45.284352
710,resident_inputs,0,0.0,0,0.0,0,0.0,13618244,13.618244,124156,0.124156,29866012,29.866012,43624230,43.62423
711,resident_inputs,0,0.0,0,0.0,0,0.0,13613094,13.613094,126261,0.126261,31004761,31.004761,44759451,44.759451
712,resident_inputs,0,0.0,0,0.0,0,0.0,13613749,13.613749,142272,0.142272,29254375,29.254375,43024528,43.024528
713,resident_inputs,0,0.0,0,0.0,0,0.0,13609481,13.609481,161461,0.161461,28511292,28.511292,42299595,42.299595
714,resident_inputs,0,0.0,0,0.0,0,0.0,13608922,13.608922,108813,0.108813,28699921,28.699921,42430896,42.430896
715,resident_inputs,0,0.0,0,0.0,0,0.0,13615821,13.615821,119629,0.119629,29694300,29.6943,43446216,43.446216
716,resident_inputs,0,0.0,0,0.0,0,0.0,13611291,13.611291,116697,0.116697,29663503,29.663503,43406673,43.406673
717,resident_inputs,0,0.0,0,0.0,0,0.0,13627844,13.627844,129306,0.129306,31190517,31.190517,44964381,44.964381
718,resident_inputs,0,0.0,0,0.0,0,0.0,13612536,13.612536,150424,0.150424,28729666,28.729666,42508287,42.508287
719,resident_inputs,0,0.0,0,0.0,0,0.0,13612638,13.612638,142247,0.142247,28899566,28.899566,42668420,42.66842
720,resident_inputs,0,0.0,0,0.0,0,0.0,13608712,13.608712,115382,0.115382,29147341,29.147341,42887493,42.887493
721,resident_inputs,0,0.0,0,0.0,0,0.0,13610213,13.610213,119529,0.119529,31974747,31.974747,45719673,45.719673
722,resident_inputs,0,0.0,0,0.0,0,0.0,13614106,13.614106,117489,0.117489,30504552,30.504552,44251470,44.25147
723,resident_inputs,0,0.0,0,0.0,0,0.0,13613730,13.61373,117036,0.117036,29904707,29.904707,43656773,43.656773
724,resident_inputs,0,0.0,0,0.0,0,0.0,13615235,13.615235,120770,0.12077,29648412,29.648412,43400373,43.400373
725,resident_inputs,0,0.0,0,0.0,0,0.0,13624785,13.624785,126935,0.126935,30122714,30.122714,43890662,43.890662
726,resident_inputs,0,0.0,0,0.0,0,0.0,13609946,13.609946,147491,0.147491,28565257,28.565257,42336604,42.336604
727,resident_inputs,0,0.0,0,0.0,0,0.0,13611260,13.61126,148539,0.148539,28623933,28.623933,42397648,42.397648
728,resident_inputs,0,0.0,0,0.0,0,0.0,13612677,13.612677,148353,0.148353,29365343,29.365343,43140992,43.140992
729,resident_inputs,0,0.0,0,0.0,0,0.0,13615229,13.615229,108976,0.108976,28493912,28.493912,42231182,42.231182
730,resident_inputs,0,0.0,0,0.0,0,0.0,13605624,13.605624,112937,0.112937,28535629,28.535629,42267865,42.267865
731,resident_inputs,0,0.0,0,0.0,0,0.0,13620560,13.62056,119568,0.119568,32076435,32.076435,45832370,45.83237
732,resident_inputs,0,0.0,0,0.0,0,0.0,13621384,13.621384,118058,0.118058,30349327,30.349327,44104835,44.104835
733,resident_inputs,0,0.0,0,0.0,0,0.0,13609269,13.609269,123753,0.123753,29796775,29.796775,43545368,43.545368
734,resident_inputs,0,0.0,0,0.0,0,0.0,13611768,13.611768,117078,0.117078,29399285,29.399285,43142984,43.142984
735,resident_inputs,0,0.0,0,0.0,0,0.0,13610145,13.610145,124927,0.124927,30609159,30.609159,44359583,44.359583
736,resident_inputs,0,0.0,0,0.0,0,0.0,13613952,13.613952,120462,0.120462,30906336,30.906336,44657498,44.657498
737,resident_inputs,0,0.0,0,0.0,0,0.0,13616551,13.616551,116538,0.116538,29986177,29.986177,43734699,43.734699
738,resident_inputs,0,0.0,0,0.0,0,0.0,13613571,13.613571,115561,0.115561,30229138,30.229138,43973379,43.973379
739,resident_inputs,0,0.0,0,0.0,0,0.0,13618542,13.618542,115608,0.115608,30257705,30.257705,44007157,44.007157
740,resident_inputs,0,0.0,0,0.0,0,0.0,13608762,13.608762,120608,0.120608,29726867,29.726867,43472857,43.472857
741,resident_inputs,0,0.0,0,0.0,0,0.0,13612851,13.612851,149212,0.149212,28615809,28.615809,42397459,42.397459
742,resident_inputs,0,0.0,0,0.0,0,0.0,13633067,13.633067,125775,0.125775,33617492,33.617492,47394965,47.394965
743,resident_inputs,0,0.0,0,0.0,0,0.0,13616262,13.616262,120080,0.12008,30007193,30.007193,43759314,43.759314
744,resident_inputs,0,0.0,0,0.0,0,0.0,13610910,13.61091,148786,0.148786,28683911,28.683911,42457498,42.457498
745,resident_inputs,0,0.0,0,0.0,0,0.0,13614278,13.614278,120220,0.12022,30351425,30.351425,44100291,44.100291
746,resident_inputs,0,0.0,0,0.0,0,0.0,13621094,13.621094,121692,0.121692,29720331,29.720331,43477981,43.477981
747,resident_inputs,0,0.0,0,0.0,0,0.0,13619009,13.619009,119351,0.119351,29377838,29.377838,43130722,43.130722
748,resident_inputs,0,0.0,0,0.0,0,0.0,13615596,13.615596,125378,0.125378,29387736,29.387736,43143271,43.143271
749,resident_inputs,0,0.0,0,0.0,0,0.0,13611523,13.611523,111959,0.111959,29265627,29.265627,43003115,43.003115
750,resident_inputs,0,0.0,0,0.0,0,0.0,13607359,13.607359,109854,0.109854,28603332,28.603332,42333714,42.333714
751,resident_inputs,0,0.0,0,0.0,0,0.0,13607880,13.60788,148867,0.148867,28936387,28.936387,42706725,42.706725
752,resident_inputs,0,0.0,0,0.0,0,0.0,13610169,13.610169,148571,0.148571,28658859,28.658859,42431968,42.431968
753,resident_inputs,0,0.0,0,0.0,0,0.0,13606791,13.606791,109564,0.109564,28745474,28.745474,42474898,42.474898
754,resident_inputs,0,0.0,0,0.0,0,0.0,13620994,13.620994,123457,0.123457,29824302,29.824302,43587389,43.587389
755,resident_inputs,0,0.0,0,0.0,0,0.0,13616624,13.616624,116896,0.116896,29531910,29.53191,43280559,43.280559
756,resident_inputs,0,0.0,0,0.0,0,0.0,13620952,13.620952,118243,0.118243,29759465,29.759465,43514493,43.514493
757,resident_inputs,0,0.0,0,0.0,0,0.0,13618377,13.618377,117244,0.117244,29561222,29.561222,43312983,43.312983
758,resident_inputs,0,0.0,0,0.0,0,0.0,13614792,13.614792,122144,0.122144,29801053,29.801053,43555827,43.555827
759,resident_inputs,0,0.0,0,0.0,0,0.0,13621655,13.621655,117873,0.117873,29940927,29.940927,43695226,43.695226
760,resident_inputs,0,0.0,0,0.0,0,0.0,13611218,13.611218,116061,0.116061,30258157,30.258157,44000988,44.000988
761,resident_inputs,0,0.0,0,0.0,0,0.0,13617904,13.617904,116983,0.116983,30601929,30.601929,44351181,44.351181
762,resident_inputs,0,0.0,0,0.0,0,0.0,13609482,13.609482,111603,0.111603,28886321,28.886321,42622238,42.622238
763,resident_inputs,0,0.0,0,0.0,0,0.0,13613033,13.613033,119176,0.119176,29784995,29.784995,43533861,43.533861
764,resident_inputs,0,0.0,0,0.0,0,0.0,13610875,13.610875,117284,0.117284,29749165,29.749165,43493106,43.493106
765,resident_inputs,0,0.0,0,0.0,0,0.0,13609494,13.609494,117604,0.117604,31346921,31.346921,45089857,45.089857
766,resident_inputs,0,0.0,0,0.0,0,0.0,13612976,13.612976,117215,0.117215,29641730,29.64173,43388589,43.388589
767,resident_inputs,0,0.0,0,0.0,0,0.0,13615672,13.615672,117453,0.117453,29623041,29.623041,43370829,43.370829
768,resident_inputs,0,0.0,0,0.0,0,0.0,13619091,13.619091,117306,0.117306,29608393,29.608393,43359582,43.359582
769,resident_inputs,0,0.0,0,0.0,0,0.0,13627964,13.627964,120906,0.120906,29769450,29.76945,43532944,43.532944
770,resident_inputs,0,0.0,0,0.0,0,0.0,13619781,13.619781,115732,0.115732,30452400,30.4524,44203892,44.203892
771,resident_inputs,0,0.0,0,0.0,0,0.0,13617869,13.617869,125868,0.125868,29544877,29.544877,43304060,43.30406
772,resident_inputs,0,0.0,0,0.0,0,0.0,13621657,13.621657,119005,0.119005,29555303,29.555303,43310773,43.310773
773,resident_inputs,0,0.0,0,0.0,0,0.0,13616461,13.616461,128653,0.128653,30295759,30.295759,44058147,44.058147
774,resident_inputs,0,0.0,0,0.0,0,0.0,13621240,13.62124,123204,0.123204,35674125,35.674125,49435156,49.435156
775,resident_inputs,0,0.0,0,0.0,0,0.0,13604680,13.60468,150038,0.150038,28777290,28.77729,42546508,42.546508
776,resident_inputs,0,0.0,0,0.0,0,0.0,13610719,13.610719,149359,0.149359,31274524,31.274524,45049927,45.049927
777,resident_inputs,0,0.0,0,0.0,0,0.0,13608087,13.608087,116295,0.116295,28750333,28.750333,42490737,42.490737
778,resident_inputs,0,0.0,0,0.0,0,0.0,13611841,13.611841,148945,0.148945,30076404,30.076404,43851747,43.851747
779,resident_inputs,0,0.0,0,0.0,0,0.0,13614986,13.614986,111069,0.111069,28570395,28.570395,42310747,42.310747
780,resident_inputs,0,0.0,0,0.0,0,0.0,13610981,13.610981,118970,0.11897,29015875,29.015875,42761571,42.761571
781,resident_inputs,0,0.0,0,0.0,0,0.0,13613125,13.613125,151748,0.151748,28988201,28.988201,42768720,42.76872
782,resident_inputs,0,0.0,0,0.0,0,0.0,13607070,13.60707,110274,0.110274,29268499,29.268499,43000511,43.000511
783,resident_inputs,0,0.0,0,0.0,0,0.0,13609657,13.609657,111412,0.111412,28490678,28.490678,42226519,42.226519
784,resident_inputs,0,0.0,0,0.0,0,0.0,13604866,13.604866,114361,0.114361,28887173,28.887173,42619221,42.619221
785,resident_inputs,0,0.0,0,0.0,0,0.0,13620737,13.620737,131048,0.131048,28959756,28.959756,42729975,42.729975
786,resident_inputs,0,0.0,0,0.0,0,0.0,13610157,13.610157,148421,0.148421,28741305,28.741305,42513902,42.513902
787,resident_inputs,0,0.0,0,0.0,0,0.0,13626035,13.626035,140784,0.140784,35711478,35.711478,49499093,49.499093
788,resident_inputs,0,0.0,0,0.0,0,0.0,13617874,13.617874,126389,0.126389,29555352,29.555352,43315586,43.315586
789,resident_inputs,0,0.0,0,0.0,0,0.0,13613064,13.613064,116982,0.116982,29574258,29.574258,43320185,43.320185
790,resident_inputs,0,0.0,0,0.0,0,0.0,13618941,13.618941,121385,0.121385,30226144,30.226144,43981692,43.981692
791,resident_inputs,0,0.0,0,0.0,0,0.0,13609456,13.609456,118510,0.11851,30337354,30.337354,44081557,44.081557
792,resident_inputs,0,0.0,0,0.0,0,0.0,13614018,13.614018,117999,0.117999,30139311,30.139311,43886253,43.886253
793,resident_inputs,0,0.0,0,0.0,0,0.0,13610871,13.610871,119502,0.119502,29519711,29.519711,43264658,43.264658
794,resident_inputs,0,0.0,0,0.0,0,0.0,13623710,13.62371,124138,0.124138,31533834,31.533834,45298934,45.298934
795,resident_inputs,0,0.0,0,0.0,0,0.0,13616315,13.616315,119659,0.119659,31687619,31.687619,45438179,45.438179
796,resident_inputs,0,0.0,0,0.0,0,0.0,13622535,13.622535,120373,0.120373,30252315,30.252315,44010809,44.010809
797,resident_inputs,0,0.0,0,0.0,0,0.0,13619592,13.619592,116513,0.116513,29473098,29.473098,43225298,43.225298
798,resident_inputs,0,0.0,0,0.0,0,0.0,13611786,13.611786,116302,0.116302,31428823,31.428823,45172104,45.172104
799,resident_inputs,0,0.0,0,0.0,0,0.0,13620287,13.620287,122074,0.122074,29436966,29.436966,43195287,43.195287
800,resident_inputs,0,0.0,0,0.0,0,0.0,13608219,13.608219,118254,0.118254,33396684,33.396684,47138553,47.138553
801,resident_inputs,0,0.0,0,0.0,0,0.0,13618560,13.61856,121338,0.121338,29701515,29.701515,43458109,43.458109
802,resident_inputs,0,0.0,0,0.0,0,0.0,13612768,13.612768,122789,0.122789,29979193,29.979193,43731379,43.731379
803,resident_inputs,0,0.0,0,0.0,0,0.0,13619905,13.619905,120956,0.120956,30634123,30.634123,44392054,44.392054
804,resident_inputs,0,0.0,0,0.0,0,0.0,13612261,13.612261,148478,0.148478,28775616,28.775616,42551402,42.551402
805,resident_inputs,0,0.0,0,0.0,0,0.0,13609185,13.609185,147706,0.147706,28528508,28.528508,42298801,42.298801
806,resident_inputs,0,0.0,0,0.0,0,0.0,13610030,13.61003,154748,0.154748,29007010,29.00701,42785935,42.785935
807,resident_inputs,0,0.0,0,0.0,0,0.0,13617060,13.61706,117182,0.117182,30280694,30.280694,44030453,44.030453
808,resident_inputs,0,0.0,0,0.0,0,0.0,13627383,13.627383,119642,0.119642,29377414,29.377414,43139183,43.139183
809,resident_inputs,0,0.0,0,0.0,0,0.0,13611862,13.611862,117167,0.117167,31800149,31.800149,45544663,45.544663
810,resident_inputs,0,0.0,0,0.0,0,0.0,13614868,13.614868,118955,0.118955,30003393,30.003393,43751943,43.751943
811,resident_inputs,0,0.0,0,0.0,0,0.0,13617530,13.61753,117084,0.117084,30682779,30.682779,44432813,44.432813
812,resident_inputs,0,0.0,0,0.0,0,0.0,13614397,13.614397,117534,0.117534,29264821,29.264821,43013231,43.013231
813,resident_inputs,0,0.0,0,0.0,0,0.0,13618695,13.618695,121825,0.121825,29425678,29.425678,43182641,43.182641
814,resident_inputs,0,0.0,0,0.0,0,0.0,13611312,13.611312,118132,0.118132,30312986,30.312986,44058072,44.058072
815,resident_inputs,0,0.0,0,0.0,0,0.0,13613348,13.613348,115933,0.115933,29948354,29.948354,43693326,43.693326
816,resident_inputs,0,0.0,0,0.0,0,0.0,13619262,13.619262,116725,0.116725,30114775,30.114775,43865785,43.865785
817,resident_inputs,0,0.0,0,0.0,0,0.0,13614515,13.614515,117036,0.117036,29285772,29.285772,43031760,43.03176
818,resident_inputs,0,0.0,0,0.0,0,0.0,13611467,13.611467,116360,0.11636,29423692,29.423692,43165821,43.165821
819,resident_inputs,0,0.0,0,0.0,0,0.0,13621921,13.621921,120321,0.120321,29391535,29.391535,43148383,43.148383
820,resident_inputs,0,0.0,0,0.0,0,0.0,13625856,13.625856,132777,0.132777,32235457,32.235457,46012417,46.012417
821,resident_inputs,0,0.0,0,0.0,0,0.0,13609519,13.609519,164504,0.164504,28980874,28.980874,42771996,42.771996
822,resident_inputs,0,0.0,0,0.0,0,0.0,13611377,13.611377,148961,0.148961,28716452,28.716452,42490840,42.49084
823,resident_inputs,0,0.0,0,0.0,0,0.0,13611876,13.611876,109670,0.10967,28828181,28.828181,42563174,42.563174
824,resident_inputs,0,0.0,0,0.0,0,0.0,13605826,13.605826,111095,0.111095,30892672,30.892672,44622797,44.622797
825,resident_inputs,0,0.0,0,0.0,0,0.0,13610709,13.610709,109242,0.109242,28742767,28.742767,42476194,42.476194
826,resident_inputs,0,0.0,0,0.0,0,0.0,13612656,13.612656,138926,0.138926,28747098,28.747098,42512815,42.512815
827,resident_inputs,0,0.0,0,0.0,0,0.0,13610571,13.610571,110065,0.110065,28689771,28.689771,42423335,42.423335
828,resident_inputs,0,0.0,0,0.0,0,0.0,13608473,13.608473,119878,0.119878,31509555,31.509555,45255591,45.255591
829,resident_inputs,0,0.0,0,0.0,0,0.0,13613775,13.613775,116822,0.116822,29982938,29.982938,43729477,43.729477
830,resident_inputs,0,0.0,0,0.0,0,0.0,13615293,13.615293,116153,0.116153,30172227,30.172227,43918781,43.918781
831,resident_inputs,0,0.0,0,0.0,0,0.0,13620329,13.620329,121241,0.121241,30354040,30.35404,44112823,44.112823
832,resident_inputs,0,0.0,0,0.0,0,0.0,13615021,13.615021,118989,0.118989,29816975,29.816975,43567510,43.56751
833,resident_inputs,0,0.0,0,0.0,0,0.0,13614337,13.614337,129872,0.129872,29993358,29.993358,43752087,43.752087
834,resident_inputs,0,0.0,0,0.0,0,0.0,13617974,13.617974,116163,0.116163,29534506,29.534506,43284205,43.284205
835,resident_inputs,0,0.0,0,0.0,0,0.0,13610888,13.610888,116302,0.116302,29298081,29.298081,43040026,43.040026
836,resident_inputs,0,0.0,0,0.0,0,0.0,13609275,13.609275,116653,0.116653,29497368,29.497368,43238407,43.238407
837,resident_inputs,0,0.0,0,0.0,0,0.0,13611423,13.611423,120348,0.120348,29417297,29.417297,43164391,43.164391
838,resident_inputs,0,0.0,0,0.0,0,0.0,13611551,13.611551,119042,0.119042,29245274,29.245274,42989965,42.989965
839,resident_inputs,0,0.0,0,0.0,0,0.0,13630336,13.630336,120040,0.12004,29554402,29.554402,43318858,43.318858
840,resident_inputs,0,0.0,0,0.0,0,0.0,13621366,13.621366,117229,0.117229,29582441,29.582441,43336583,43.336583
841,resident_inputs,0,0.0,0,0.0,0,0.0,13615709,13.615709,117095,0.117095,29545264,29.545264,43292464,43.292464
842,resident_inputs,0,0.0,0,0.0,0,0.0,13616647,13.616647,119156,0.119156,29473721,29.473721,43224636,43.224636
843,resident_inputs,0,0.0,0,0.0,0,0.0,13871940,13.87194,135777,0.135777,29897563,29.897563,43927136,43.927136
844,resident_inputs,0,0.0,0,0.0,0,0.0,13619417,13.619417,124963,0.124963,29486772,29.486772,43248455,43.248455
845,resident_inputs,0,0.0,0,0.0,0,0.0,13614969,13.614969,120549,0.120549,31887928,31.887928,45638404,45.638404
846,resident_inputs,0,0.0,0,0.0,0,0.0,13614353,13.614353,120659,0.120659,29583224,29.583224,43337437,43.337437
847,resident_inputs,0,0.0,0,0.0,0,0.0,13631469,13.631469,130682,0.130682,29909736,29.909736,43689916,43.689916
848,resident_inputs,0,0.0,0,0.0,0,0.0,13610017,13.610017,118903,0.118903,29622591,29.622591,43366825,43.366825
849,resident_inputs,0,0.0,0,0.0,0,0.0,13613654,13.613654,114337,0.114337,29466805,29.466805,43209157,43.209157
850,resident_inputs,0,0.0,0,0.0,0,0.0,13614939,13.614939,117318,0.117318,29603492,29.603492,43351443,43.351443
851,resident_inputs,0,0.0,0,0.0,0,0.0,13624975,13.624975,114537,0.114537,29078036,29.078036,42831931,42.831931
852,resident_inputs,0,0.0,0,0.0,0,0.0,13611516,13.611516,127895,0.127895,30746884,30.746884,44502939,44.502939
853,resident_inputs,0,0.0,0,0.0,0,0.0,13607903,13.607903,148167,0.148167,28845867,28.845867,42616225,42.616225
854,resident_inputs,0,0.0,0,0.0,0,0.0,13611206,13.611206,135273,0.135273,29197623,29.197623,42962820,42.96282
855,resident_inputs,0,0.0,0,0.0,0,0.0,13619908,13.619908,122211,0.122211,29771913,29.771913,43529775,43.529775
856,resident_inputs,0,0.0,0,0.0,0,0.0,13618553,13.618553,117381,0.117381,29380263,29.380263,43131812,43.131812
857,resident_inputs,0,0.0,0,0.0,0,0.0,13615798,13.615798,121471,0.121471,29806014,29.806014,43560876,43.560876
858,resident_inputs,0,0.0,0,0.0,0,0.0,13616921,13.616921,120643,0.120643,30172734,30.172734,43933900,43.9339
859,resident_inputs,0,0.0,0,0.0,0,0.0,13619647,13.619647,119827,0.119827,29757961,29.757961,43513471,43.513471
860,resident_inputs,0,0.0,0,0.0,0,0.0,13616287,13.616287,128186,0.128186,29596382,29.596382,43356366,43.356366
861,resident_inputs,0,0.0,0,0.0,0,0.0,13612062,13.612062,116671,0.116671,29560831,29.560831,43305749,43.305749
862,resident_inputs,0,0.0,0,0.0,0,0.0,13616113,13.616113,119527,0.119527,29434290,29.43429,43185074,43.185074
863,resident_inputs,0,0.0,0,0.0,0,0.0,13623091,13.623091,119787,0.119787,29631864,29.631864,43389042,43.389042
864,resident_inputs,0,0.0,0,0.0,0,0.0,13618245,13.618245,119250,0.11925,29641866,29.641866,43394520,43.39452
865,resident_inputs,0,0.0,0,0.0,0,0.0,13610121,13.610121,121787,0.121787,31610911,31.610911,45357742,45.357742
866,resident_inputs,0,0.0,0,0.0,0,0.0,13614966,13.614966,153491,0.153491,29549733,29.549733,43334130,43.33413
867,resident_inputs,0,0.0,0,0.0,0,0.0,13614978,13.614978,149274,0.149274,29057514,29.057514,42837807,42.837807
868,resident_inputs,0,0.0,0,0.0,0,0.0,13613985,13.613985,109691,0.109691,29301546,29.301546,43038847,43.038847
869,resident_inputs,0,0.0,0,0.0,0,0.0,13615834,13.615834,115886,0.115886,28840297,28.840297,42587525,42.587525
870,resident_inputs,0,0.0,0,0.0,0,0.0,13608402,13.608402,151505,0.151505,29234163,29.234163,43009816,43.009816
871,resident_inputs,0,0.0,0,0.0,0,0.0,13609815,13.609815,111612,0.111612,28666051,28.666051,42401553,42.401553
872,resident_inputs,0,0.0,0,0.0,0,0.0,13605930,13.60593,109807,0.109807,29456988,29.456988,43185293,43.185293
873,resident_inputs,0,0.0,0,0.0,0,0.0,13611181,13.611181,115357,0.115357,29168506,29.168506,42909638,42.909638
874,resident_inputs,0,0.0,0,0.0,0,0.0,13611436,13.611436,153521,0.153521,29419248,29.419248,43199815,43.199815
875,resident_inputs,0,0.0,0,0.0,0,0.0,13613905,13.613905,113088,0.113088,29035467,29.035467,42778232,42.778232
876,resident_inputs,0,0.0,0,0.0,0,0.0,13609000,13.609,159312,0.159312,31068151,31.068151,44851640,44.85164
877,resident_inputs,0,0.0,0,0.0,0,0.0,13615938,13.615938,118672,0.118672,30710962,30.710962,44460398,44.460398
878,resident_inputs,0,0.0,0,0.0,0,0.0,13613996,13.613996,136563,0.136563,28731721,28.731721,42495554,42.495554
879,resident_inputs,0,0.0,0,0.0,0,0.0,13607837,13.607837,141663,0.141663,29008461,29.008461,42772468,42.772468
880,resident_inputs,0,0.0,0,0.0,0,0.0,13612237,13.612237,109772,0.109772,28829391,28.829391,42565417,42.565417
881,resident_inputs,0,0.0,0,0.0,0,0.0,13610105,13.610105,139993,0.139993,28946645,28.946645,42712512,42.712512
882,resident_inputs,0,0.0,0,0.0,0,0.0,13615579,13.615579,110297,0.110297,29485661,29.485661,43227291,43.227291
883,resident_inputs,0,0.0,0,0.0,0,0.0,13608140,13.60814,111138,0.111138,28746727,28.746727,42480255,42.480255
884,resident_inputs,0,0.0,0,0.0,0,0.0,13615768,13.615768,110814,0.110814,30383559,30.383559,44124795,44.124795
885,resident_inputs,0,0.0,0,0.0,0,0.0,13614902,13.614902,144690,0.14469,28872510,28.87251,42647280,42.64728
886,resident_inputs,0,0.0,0,0.0,0,0.0,13609058,13.609058,110826,0.110826,28976904,28.976904,42711716,42.711716
887,resident_inputs,0,0.0,0,0.0,0,0.0,13611651,13.611651,110667,0.110667,30491813,30.491813,44231636,44.231636
888,resident_inputs,0,0.0,0,0.0,0,0.0,13626224,13.626224,126381,0.126381,41124924,41.124924,54900329,54.900329
889,resident_inputs,0,0.0,0,0.0,0,0.0,13646508,13.646508,128390,0.12839,40724590,40.72459,54521014,54.521014
890,resident_inputs,0,0.0,0,0.0,0,0.0,13627030,13.62703,138115,0.138115,30053903,30.053903,43838067,43.838067
891,resident_inputs,0,0.0,0,0.0,0,0.0,13620846,13.620846,134570,0.13457,37425357,37.425357,51204230,51.20423
892,resident_inputs,0,0.0,0,0.0,0,0.0,13615421,13.615421,159391,0.159391,29807911,29.807911,43599199,43.599199
893,resident_inputs,0,0.0,0,0.0,0,0.0,13622387,13.622387,118004,0.118004,29520106,29.520106,43274475,43.274475
894,resident_inputs,0,0.0,0,0.0,0,0.0,13620926,13.620926,120089,0.120089,29636793,29.636793,43393226,43.393226
895,resident_inputs,0,0.0,0,0.0,0,0.0,13608256,13.608256,111153,0.111153,28888937,28.888937,42622083,42.622083
896,resident_inputs,0,0.0,0,0.0,0,0.0,13612412,13.612412,142881,0.142881,28790609,28.790609,42563740,42.56374
897,resident_inputs,0,0.0,0,0.0,0,0.0,13615123,13.615123,140023,0.140023,28687106,28.687106,42459935,42.459935
898,resident_inputs,0,0.0,0,0.0,0,0.0,14300240,14.30024,133366,0.133366,29352839,29.352839,43805077,43.805077
899,resident_inputs,0,0.0,0,0.0,0,0.0,13621395,13.621395,117179,0.117179,29807497,29.807497,43562548,43.562548
900,resident_inputs,0,0.0,0,0.0,0,0.0,13618162,13.618162,118115,0.118115,30522347,30.522347,44274046,44.274046
901,resident_inputs,0,0.0,0,0.0,0,0.0,13614062,13.614062,117637,0.117637,29691472,29.691472,43438323,43.438323
902,resident_inputs,0,0.0,0,0.0,0,0.0,13616483,13.616483,119517,0.119517,30568027,30.568027,44318809,44.318809
903,resident_inputs,0,0.0,0,0.0,0,0.0,13609182,13.609182,117955,0.117955,30621338,30.621338,44364585,44.364585
904,resident_inputs,0,0.0,0,0.0,0,0.0,13611646,13.611646,116539,0.116539,29439692,29.439692,43206806,43.206806
905,resident_inputs,0,0.0,0,0.0,0,0.0,13619149,13.619149,119284,0.119284,29960599,29.960599,43714317,43.714317
906,resident_inputs,0,0.0,0,0.0,0,0.0,13621623,13.621623,119138,0.119138,30398676,30.398676,44155189,44.155189
907,resident_inputs,0,0.0,0,0.0,0,0.0,13633119,13.633119,125500,0.1255,30295094,30.295094,44069892,44.069892
908,resident_inputs,0,0.0,0,0.0,0,0.0,13618120,13.61812,125209,0.125209,30811663,30.811663,44572264,44.572264
909,resident_inputs,0,0.0,0,0.0,0,0.0,13619662,13.619662,120208,0.120208,32760627,32.760627,46516634,46.516634
910,resident_inputs,0,0.0,0,0.0,0,0.0,13608545,13.608545,155434,0.155434,28939942,28.939942,42720126,42.720126
911,resident_inputs,0,0.0,0,0.0,0,0.0,13618700,13.6187,120497,0.120497,30043883,30.043883,43798181,43.798181
912,resident_inputs,0,0.0,0,0.0,0,0.0,13620700,13.6207,119503,0.119503,29735736,29.735736,43490393,43.490393
913,resident_inputs,0,0.0,0,0.0,0,0.0,13623501,13.623501,126803,0.126803,29239886,29.239886,43006725,43.006725
914,resident_inputs,0,0.0,0,0.0,0,0.0,13619869,13.619869,121428,0.121428,31302926,31.302926,45059140,45.05914
915,resident_inputs,0,0.0,0,0.0,0,0.0,13607592,13.607592,147983,0.147983,28838400,28.8384,42608812,42.608812
916,resident_inputs,0,0.0,0,0.0,0,0.0,13608322,13.608322,109006,0.109006,28950738,28.950738,42681338,42.681338
917,resident_inputs,0,0.0,0,0.0,0,0.0,13608409,13.608409,109957,0.109957,29183051,29.183051,42915260,42.91526
918,resident_inputs,0,0.0,0,0.0,0,0.0,13612023,13.612023,132748,0.132748,30362296,30.362296,44124742,44.124742
919,resident_inputs,0,0.0,0,0.0,0,0.0,13616795,13.616795,120347,0.120347,30114459,30.114459,43866907,43.866907
920,resident_inputs,0,0.0,0,0.0,0,0.0,13615407,13.615407,114893,0.114893,30620202,30.620202,44366737,44.366737
921,resident_inputs,0,0.0,0,0.0,0,0.0,13614019,13.614019,119331,0.119331,29584491,29.584491,43332090,43.33209
922,resident_inputs,0,0.0,0,0.0,0,0.0,13618724,13.618724,117907,0.117907,31715499,31.715499,45468078,45.468078
923,resident_inputs,0,0.0,0,0.0,0,0.0,13614409,13.614409,121821,0.121821,31244758,31.244758,44996203,44.996203
924,resident_inputs,0,0.0,0,0.0,0,0.0,13614725,13.614725,118577,0.118577,30251051,30.251051,43999809,43.999809
925,resident_inputs,0,0.0,0,0.0,0,0.0,13617589,13.617589,124046,0.124046,30230301,30.230301,43988351,43.988351
926,resident_inputs,0,0.0,0,0.0,0,0.0,13611622,13.611622,115518,0.115518,29788613,29.788613,43531597,43.531597
927,resident_inputs,0,0.0,0,0.0,0,0.0,13619431,13.619431,118485,0.118485,29544783,29.544783,43300400,43.3004
928,resident_inputs,0,0.0,0,0.0,0,0.0,13622093,13.622093,122260,0.12226,29634528,29.634528,43393805,43.393805
929,resident_inputs,0,0.0,0,0.0,0,0.0,13615553,13.615553,124591,0.124591,30584643,30.584643,44339722,44.339722
930,resident_inputs,0,0.0,0,0.0,0,0.0,13621815,13.621815,119404,0.119404,29476113,29.476113,43231770,43.23177
931,resident_inputs,0,0.0,0,0.0,0,0.0,13619802,13.619802,117366,0.117366,32025864,32.025864,45778509,45.778509
932,resident_inputs,0,0.0,0,0.0,0,0.0,13613666,13.613666,118568,0.118568,29622671,29.622671,43369900,43.3699
933,resident_inputs,0,0.0,0,0.0,0,0.0,13610529,13.610529,116845,0.116845,29678414,29.678414,43420669,43.420669
934,resident_inputs,0,0.0,0,0.0,0,0.0,13618221,13.618221,118315,0.118315,31425992,31.425992,45177730,45.17773
935,resident_inputs,0,0.0,0,0.0,0,0.0,13618832,13.618832,131073,0.131073,33340043,33.340043,47110562,47.110562
936,resident_inputs,0,0.0,0,0.0,0,0.0,13616122,13.616122,116964,0.116964,30370239,30.370239,44118549,44.118549
937,resident_inputs,0,0.0,0,0.0,0,0.0,13610931,13.610931,131092,0.131092,29549820,29.54982,43308195,43.308195
938,resident_inputs,0,0.0,0,0.0,0,0.0,13625531,13.625531,128580,0.12858,30769918,30.769918,44540169,44.540169
939,resident_inputs,0,0.0,0,0.0,0,0.0,13619838,13.619838,118177,0.118177,31320886,31.320886,45076217,45.076217
940,resident_inputs,0,0.0,0,0.0,0,0.0,13619956,13.619956,137926,0.137926,30173366,30.173366,43950055,43.950055
941,resident_inputs,0,0.0,0,0.0,0,0.0,13618467,13.618467,117106,0.117106,30277309,30.277309,44028534,44.028534
942,resident_inputs,0,0.0,0,0.0,0,0.0,13618831,13.618831,117893,0.117893,29146370,29.14637,42900430,42.90043
943,resident_inputs,0,0.0,0,0.0,0,0.0,13619101,13.619101,117690,0.11769,31860095,31.860095,45612419,45.612419
944,resident_inputs,0,0.0,0,0.0,0,0.0,13618361,13.618361,118502,0.118502,31376798,31.376798,45128993,45.128993
945,resident_inputs,0,0.0,0,0.0,0,0.0,13613090,13.61309,147886,0.147886,29563113,29.563113,43337735,43.337735
946,resident_inputs,0,0.0,0,0.0,0,0.0,13623173,13.623173,122846,0.122846,29644702,29.644702,43406036,43.406036
947,resident_inputs,0,0.0,0,0.0,0,0.0,13620059,13.620059,124831,0.124831,29946287,29.946287,43707283,43.707283
948,resident_inputs,0,0.0,0,0.0,0,0.0,13611281,13.611281,115799,0.115799,29634028,29.634028,43376845,43.376845
949,resident_inputs,0,0.0,0,0.0,0,0.0,13615423,13.615423,120861,0.120861,31781339,31.781339,45533621,45.533621
950,resident_inputs,0,0.0,0,0.0,0,0.0,13610914,13.610914,118141,0.118141,31737259,31.737259,45481771,45.481771
951,resident_inputs,0,0.0,0,0.0,0,0.0,13613007,13.613007,115760,0.11576,30256708,30.256708,44000267,44.000267
952,resident_inputs,0,0.0,0,0.0,0,0.0,13614895,13.614895,118354,0.118354,31852689,31.852689,45600014,45.600014
953,resident_inputs,0,0.0,0,0.0,0,0.0,13610690,13.61069,119214,0.119214,34365702,34.365702,48111365,48.111365
954,resident_inputs,0,0.0,0,0.0,0,0.0,13623093,13.623093,118469,0.118469,29610040,29.61004,43367122,43.367122
955,resident_inputs,0,0.0,0,0.0,0,0.0,13619018,13.619018,125188,0.125188,30415395,30.415395,44176082,44.176082
956,resident_inputs,0,0.0,0,0.0,0,0.0,13610001,13.610001,117409,0.117409,29811913,29.811913,43554801,43.554801
957,resident_inputs,0,0.0,0,0.0,0,0.0,13620614,13.620614,124485,0.124485,29928769,29.928769,43691286,43.691286
958,resident_inputs,0,0.0,0,0.0,0,0.0,13607413,13.607413,151033,0.151033,29320761,29.320761,43095477,43.095477
959,resident_inputs,0,0.0,0,0.0,0,0.0,13619960,13.61996,120167,0.120167,29649446,29.649446,43404222,43.404222
960,resident_inputs,0,0.0,0,0.0,0,0.0,13618218,13.618218,126172,0.126172,29778360,29.77836,43538783,43.538783
961,resident_inputs,0,0.0,0,0.0,0,0.0,13618401,13.618401,119482,0.119482,31233449,31.233449,44987892,44.987892
962,resident_inputs,0,0.0,0,0.0,0,0.0,13619773,13.619773,124044,0.124044,29694861,29.694861,43455849,43.455849
963,resident_inputs,0,0.0,0,0.0,0,0.0,13613159,13.613159,118430,0.11843,29738884,29.738884,43486700,43.4867
964,resident_inputs,0,0.0,0,0.0,0,0.0,13617213,13.617213,117670,0.11767,30887987,30.887987,44639078,44.639078
965,resident_inputs,0,0.0,0,0.0,0,0.0,13613469,13.613469,146831,0.146831,29101798,29.101798,42876497,42.876497
966,resident_inputs,0,0.0,0,0.0,0,0.0,13609934,13.609934,146360,0.14636,28817072,28.817072,42587745,42.587745
967,resident_inputs,0,0.0,0,0.0,0,0.0,13609292,13.609292,108686,0.108686,28892898,28.892898,42624598,42.624598
968,resident_inputs,0,0.0,0,0.0,0,0.0,13623117,13.623117,109623,0.109623,28715165,28.715165,42460709,42.460709
969,resident_inputs,0,0.0,0,0.0,0,0.0,13609274,13.609274,116383,0.116383,28833234,28.833234,42571924,42.571924
970,resident_inputs,0,0.0,0,0.0,0,0.0,13610705,13.610705,109796,0.109796,28691643,28.691643,42424916,42.424916
971,resident_inputs,0,0.0,0,0.0,0,0.0,13613826,13.613826,109451,0.109451,28811869,28.811869,42574359,42.574359
972,resident_inputs,0,0.0,0,0.0,0,0.0,13608306,13.608306,148554,0.148554,28725721,28.725721,42496612,42.496612
973,resident_inputs,0,0.0,0,0.0,0,0.0,13626770,13.62677,109446,0.109446,28678183,28.678183,42428372,42.428372
974,resident_inputs,0,0.0,0,0.0,0,0.0,13608206,13.608206,111658,0.111658,28769227,28.769227,42502490,42.50249
975,resident_inputs,0,0.0,0,0.0,0,0.0,13606982,13.606982,114143,0.114143,30356399,30.356399,44094541,44.094541
976,resident_inputs,0,0.0,0,0.0,0,0.0,13622539,13.622539,122556,0.122556,30565401,30.565401,44329702,44.329702
977,resident_inputs,0,0.0,0,0.0,0,0.0,13614565,13.614565,119069,0.119069,29634211,29.634211,43385154,43.385154
978,resident_inputs,0,0.0,0,0.0,0,0.0,13618935,13.618935,118178,0.118178,29546496,29.546496,43300827,43.300827
979,resident_inputs,0,0.0,0,0.0,0,0.0,13619711,13.619711,116980,0.11698,30411690,30.41169,44164456,44.164456
980,resident_inputs,0,0.0,0,0.0,0,0.0,13613864,13.613864,122691,0.122691,30265005,30.265005,44017228,44.017228
981,resident_inputs,0,0.0,0,0.0,0,0.0,13613822,13.613822,118349,0.118349,29609486,29.609486,43358683,43.358683
982,resident_inputs,0,0.0,0,0.0,0,0.0,13611338,13.611338,117129,0.117129,30940696,30.940696,44684252,44.684252
983,resident_inputs,0,0.0,0,0.0,0,0.0,13614979,13.614979,117838,0.117838,29414596,29.414596,43163036,43.163036
984,resident_inputs,0,0.0,0,0.0,0,0.0,13611961,13.611961,127049,0.127049,30597942,30.597942,44352973,44.352973
985,resident_inputs,0,0.0,0,0.0,0,0.0,13618359,13.618359,150591,0.150591,28949784,28.949784,42735224,42.735224
986,resident_inputs,0,0.0,0,0.0,0,0.0,13606225,13.606225,111334,0.111334,29830094,29.830094,43562838,43.562838
987,resident_inputs,0,0.0,0,0.0,0,0.0,13617243,13.617243,119943,0.119943,31292847,31.292847,45047173,45.047173
988,resident_inputs,0,0.0,0,0.0,0,0.0,13610861,13.610861,117083,0.117083,29513974,29.513974,43257435,43.257435
989,resident_inputs,0,0.0,0,0.0,0,0.0,13611114,13.611114,118617,0.118617,30318869,30.318869,44064122,44.064122
990,resident_inputs,0,0.0,0,0.0,0,0.0,13614444,13.614444,117257,0.117257,30770383,30.770383,44517286,44.517286
991,resident_inputs,0,0.0,0,0.0,0,0.0,13618304,13.618304,119058,0.119058,29777349,29.777349,43530373,43.530373
992,resident_inputs,0,0.0,0,0.0,0,0.0,13620022,13.620022,118469,0.118469,30378518,30.378518,44131736,44.131736
993,resident_inputs,0,0.0,0,0.0,0,0.0,13635415,13.635415,124845,0.124845,31465859,31.465859,45242041,45.242041
994,resident_inputs,0,0.0,0,0.0,0,0.0,13609210,13.60921,139178,0.139178,30442485,30.442485,44205719,44.205719
995,resident_inputs,0,0.0,0,0.0,0,0.0,13618965,13.618965,118277,0.118277,29559410,29.55941,43311184,43.311184
996,resident_inputs,0,0.0,0,0.0,0,0.0,13616433,13.616433,119233,0.119233,29757900,29.7579,43508819,43.508819
997,resident_inputs,0,0.0,0,0.0,0,0.0,13621271,13.621271,119222,0.119222,30339457,30.339457,44097584,44.097584
998,resident_inputs,0,0.0,0,0.0,0,0.0,13629547,13.629547,132623,0.132623,30225900,30.2259,44008502,44.008502
999,resident_inputs,0,0.0,0,0.0,0,0.0,13607954,13.607954,117923,0.117923,29655053,29.655053,43396088,43.396088
0,retransmit_inputs,9774169,9.774169,559476,0.559476,1473852,1.473852,13604186,13.604186,113928,0.113928,29785480,29.78548,55431991,55.431991
1,retransmit_inputs,8882291,8.882291,235138,0.235138,1066859,1.066859,13599095,13.599095,108358,0.108358,31516757,31.516757,55480438,55.480438
2,retransmit_inputs,8719119,8.719119,364790,0.36479,1145411,1.145411,13598777,13.598777,101511,0.101511,29443690,29.44369,53464365,53.464365
3,retransmit_inputs,9163117,9.163117,259444,0.259444,1165120,1.16512,13599041,13.599041,139348,0.139348,29166068,29.166068,53578564,53.578564
4,retransmit_inputs,9271893,9.271893,276448,0.276448,1034238,1.034238,13600477,13.600477,130452,0.130452,29360193,29.360193,53762513,53.762513
5,retransmit_inputs,9187072,9.187072,391089,0.391089,1053380,1.05338,13593782,13.593782,130451,0.130451,29590717,29.590717,54043440,54.04344
6,retransmit_inputs,8960077,8.960077,272136,0.272136,1140114,1.140114,13594601,13.594601,140293,0.140293,29276356,29.276356,53468835,53.468835
7,retransmit_inputs,9162696,9.162696,160711,0.160711,415241,0.415241,13589373,13.589373,122925,0.122925,30277566,30.277566,53789046,53.789046
8,retransmit_inputs,9268190,9.26819,273860,0.27386,858728,0.858728,13600312,13.600312,113328,0.113328,30161275,30.161275,54343654,54.343654
9,retransmit_inputs,9186113,9.186113,215039,0.215039,674500,0.6745,13593920,13.59392,111751,0.111751,29902059,29.902059,53745072,53.745072
10,retransmit_inputs,9254588,9.254588,285221,0.285221,806783,0.806783,13593734,13.593734,113638,0.113638,29898080,29.89808,54017295,54.017295
11,retransmit_inputs,9140500,9.1405,373532,0.373532,1003293,1.003293,13603507,13.603507,111233,0.111233,30057802,30.057802,54363954,54.363954
12,retransmit_inputs,9621154,9.621154,385596,0.385596,1052250,1.05225,13605589,13.605589,115518,0.115518,32336651,32.336651,57191701,57.191701
13,retransmit_inputs,9213377,9.213377,195607,0.195607,674524,0.674524,13593571,13.593571,142925,0.142925,29036060,29.03606,52918191,52.918191
14,retransmit_inputs,8927983,8.927983,297294,0.297294,711773,0.711773,13598320,13.59832,102460,0.10246,28980970,28.98097,52682695,52.682695
15,retransmit_inputs,9006715,9.006715,230544,0.230544,689342,0.689342,13597325,13.597325,130107,0.130107,29079591,29.079591,52792744,52.792744
16,retransmit_inputs,8960035,8.960035,207675,0.207675,702655,0.702655,13607906,13.607906,163255,0.163255,31024876,31.024876,54731958,54.731958
17,retransmit_inputs,8825804,8.825804,316820,0.31682,1189830,1.18983,13592901,13.592901,111844,0.111844,30041735,30.041735,54159364,54.159364
18,retransmit_inputs,9310672,9.310672,354744,0.354744,856159,0.856159,13594824,13.594824,116807,0.116807,30502810,30.50281,54814211,54.814211
19,retransmit_inputs,9033682,9.033682,298427,0.298427,871096,0.871096,13606198,13.606198,124029,0.124029,32591811,32.591811,56592800,56.5928
20,retransmit_inputs,9023819,9.023819,374058,0.374058,834355,0.834355,13605011,13.605011,112648,0.112648,30254069,30.254069,54269513,54.269513
21,retransmit_inputs,9381666,9.381666,532534,0.532534,1165167,1.165167,13598796,13.598796,125565,0.125565,30345945,30.345945,55237434,55.237434
22,retransmit_inputs,8911867,8.911867,321799,0.321799,1191875,1.191875,13599153,13.599153,111608,0.111608,30662387,30.662387,54915067,54.915067
23,retransmit_inputs,8763406,8.763406,235627,0.235627,742153,0.742153,13596221,13.596221,114567,0.114567,29495788,29.495788,53009293,53.009293
24,retransmit_inputs,9427989,9.427989,244864,0.244864,527296,0.527296,13594707,13.594707,140688,0.140688,29611949,29.611949,53605007,53.605007
25,retransmit_inputs,8679126,8.679126,139922,0.139922,500584,0.500584,13591784,13.591784,118609,0.118609,30665906,30.665906,53745100,53.7451
26,retransmit_inputs,9605845,9.605845,489122,0.489122,1270301,1.270301,13597629,13.597629,114595,0.114595,30423111,30.423111,55621546,55.621546
27,retransmit_inputs,9415697,9.415697,314375,0.314375,961563,0.961563,13599254,13.599254,116638,0.116638,30233369,30.233369,54715572,54.715572
28,retransmit_inputs,10103809,10.103809,573915,0.573915,1400702,1.400702,13594172,13.594172,112169,0.112169,30635928,30.635928,56521870,56.52187
29,retransmit_inputs,9402189,9.402189,354523,0.354523,787306,0.787306,13596410,13.59641,111421,0.111421,30470257,30.470257,54789677,54.789677
30,retransmit_inputs,9339762,9.339762,422944,0.422944,1162654,1.162654,13597257,13.597257,122211,0.122211,30487507,30.487507,55209676,55.209676
31,retransmit_inputs,9756004,9.756004,342090,0.34209,790600,0.7906,13595517,13.595517,111989,0.111989,30224472,30.224472,54897538,54.897538
32,retransmit_inputs,9090065,9.090065,294786,0.294786,852231,0.852231,13608840,13.60884,119077,0.119077,30537778,30.537778,54569475,54.569475
33,retransmit_inputs,9470801,9.470801,436112,0.436112,1125221,1.125221,13594414,13.594414,111900,0.1119,30690172,30.690172,55571358,55.571358
34,retransmit_inputs,9988945,9.988945,192979,0.192979,1210046,1.210046,13595327,13.595327,125268,0.125268,30112158,30.112158,55299787,55.299787
35,retransmit_inputs,9066405,9.066405,416602,0.416602,1510414,1.510414,13608844,13.608844,112840,0.11284,30131970,30.13197,54938092,54.938092
36,retransmit_inputs,9387031,9.387031,590409,0.590409,1556085,1.556085,13596489,13.596489,109932,0.109932,30023126,30.023126,55359169,55.359169
37,retransmit_inputs,9507307,9.507307,393754,0.393754,1336160,1.33616,13593560,13.59356,114565,0.114565,29949890,29.94989,54979380,54.97938
38,retransmit_inputs,9064926,9.064926,381289,0.381289,1326713,1.326713,13603165,13.603165,114141,0.114141,29998077,29.998077,54573927,54.573927
39,retransmit_inputs,9308633,9.308633,511978,0.511978,1035042,1.035042,13602174,13.602174,111220,0.11122,30984143,30.984143,55638799,55.638799
40,retransmit_inputs,8938320,8.93832,235523,0.235523,698856,0.698856,13601678,13.601678,113722,0.113722,31140943,31.140943,54785259,54.785259
41,retransmit_inputs,9132823,9.132823,296360,0.29636,1423189,1.423189,13606752,13.606752,115296,0.115296,30109844,30.109844,54750436,54.750436
42,retransmit_inputs,9775269,9.775269,350098,0.350098,736770,0.73677,13664162,13.664162,141434,0.141434,31521378,31.521378,56271972,56.271972
43,retransmit_inputs,8879940,8.87994,358143,0.358143,870280,0.87028,13604907,13.604907,123666,0.123666,30855005,30.855005,54758413,54.758413
44,retransmit_inputs,9072587,9.072587,367627,0.367627,1377091,1.377091,13596691,13.596691,115763,0.115763,30135941,30.135941,54747107,54.747107
45,retransmit_inputs,9525405,9.525405,403559,0.403559,842574,0.842574,13593584,13.593584,110620,0.11062,31230308,31.230308,55788367,55.788367
46,retransmit_inputs,9402414,9.402414,381221,0.381221,917236,0.917236,13598442,13.598442,113571,0.113571,29882436,29.882436,54371975,54.371975
47,retransmit_inputs,9150097,9.150097,312565,0.312565,907824,0.907824,13596322,13.596322,115254,0.115254,30313085,30.313085,54462287,54.462287
48,retransmit_inputs,9712892,9.712892,323459,0.323459,1468290,1.46829,13600153,13.600153,120082,0.120082,29879586,29.879586,55191214,55.191214
49,retransmit_inputs,8920712,8.920712,404015,0.404015,1266118,1.266118,13602864,13.602864,112215,0.112215,30067752,30.067752,54456050,54.45605
50,retransmit_inputs,8925323,8.925323,305367,0.305367,1026170,1.02617,13605347,13.605347,114742,0.114742,30375065,30.375065,54417676,54.417676
51,retransmit_inputs,8952603,8.952603,269400,0.2694,890840,0.89084,13603266,13.603266,114137,0.114137,32688601,32.688601,56582387,56.582387
52,retransmit_inputs,9308309,9.308309,276175,0.276175,773995,0.773995,13601021,13.601021,113624,0.113624,30652604,30.652604,54800737,54.800737
53,retransmit_inputs,9105895,9.105895,290359,0.290359,674078,0.674078,13604545,13.604545,113887,0.113887,30275652,30.275652,54121946,54.121946
54,retransmit_inputs,8479195,8.479195,229126,0.229126,441984,0.441984,13592979,13.592979,103632,0.103632,29897061,29.897061,52787274,52.787274
55,retransmit_inputs,8844447,8.844447,188763,0.188763,659081,0.659081,13596971,13.596971,102500,0.1025,29189346,29.189346,52634295,52.634295
56,retransmit_inputs,9114256,9.114256,203843,0.203843,937124,0.937124,13609308,13.609308,130347,0.130347,29264619,29.264619,53359461,53.359461
57,retransmit_inputs,9575899,9.575899,380425,0.380425,1121783,1.121783,13596987,13.596987,140172,0.140172,29316217,29.316217,54226562,54.226562
58,retransmit_inputs,9420615,9.420615,256578,0.256578,635119,0.635119,13591927,13.591927,132053,0.132053,29268606,29.268606,53367140,53.36714
59,retransmit_inputs,8879346,8.879346,248900,0.2489,727881,0.727881,13590981,13.590981,130319,0.130319,29341599,29.341599,52980761,52.980761
60,retransmit_inputs,9328755,9.328755,207415,0.207415,778307,0.778307,13601428,13.601428,123533,0.123533,32133575,32.133575,56236185,56.236185
61,retransmit_inputs,8729944,8.729944,352157,0.352157,1157387,1.157387,13600662,13.600662,114002,0.114002,30121074,30.121074,54152089,54.152089
62,retransmit_inputs,9217364,9.217364,213697,0.213697,894474,0.894474,13604924,13.604924,112459,0.112459,30028320,30.02832,54135269,54.135269
63,retransmit_inputs,9246917,9.246917,369775,0.369775,921011,0.921011,13607110,13.60711,114475,0.114475,30252948,30.252948,54581203,54.581203
64,retransmit_inputs,9581038,9.581038,245139,0.245139,824853,0.824853,13602213,13.602213,110995,0.110995,30654976,30.654976,55093364,55.093364
65,retransmit_inputs,9337678,9.337678,500531,0.500531,1477891,1.477891,13600596,13.600596,112376,0.112376,30776715,30.776715,55899006,55.899006
66,retransmit_inputs,9353658,9.353658,556558,0.556558,1477739,1.477739,13597005,13.597005,111151,0.111151,29993421,29.993421,55179712,55.179712
67,retransmit_inputs,8804970,8.80497,441601,0.441601,1265934,1.265934,13602591,13.602591,119077,0.119077,30379792,30.379792,54687624,54.687624
68,retransmit_inputs,8825745,8.825745,449576,0.449576,1397372,1.397372,13594961,13.594961,114357,0.114357,30444595,30.444595,54915178,54.915178
69,retransmit_inputs,9314519,9.314519,295546,0.295546,908904,0.908904,13599073,13.599073,113365,0.113365,32779999,32.779999,57078759,57.078759
70,retransmit_inputs,9062576,9.062576,431605,0.431605,1174288,1.174288,13601567,13.601567,112268,0.112268,30620975,30.620975,55097008,55.097008
71,retransmit_inputs,9614914,9.614914,238507,0.238507,921621,0.921621,13598806,13.598806,113884,0.113884,30149103,30.149103,54738111,54.738111
72,retransmit_inputs,9303551,9.303551,245209,0.245209,888163,0.888163,13598247,13.598247,112077,0.112077,32494275,32.494275,56740541,56.740541
73,retransmit_inputs,9436691,9.436691,173694,0.173694,841034,0.841034,13596060,13.59606,110328,0.110328,30017557,30.017557,54260777,54.260777
74,retransmit_inputs,9334365,9.334365,441228,0.441228,917811,0.917811,13600231,13.600231,111015,0.111015,30224646,30.224646,54707808,54.707808
75,retransmit_inputs,8923040,8.92304,456722,0.456722,1318380,1.31838,13614152,13.614152,126056,0.126056,32146180,32.14618,56666282,56.666282
76,retransmit_inputs,9459686,9.459686,244057,0.244057,546980,0.54698,13587539,13.587539,103626,0.103626,29457216,29.457216,53459465,53.459465
77,retransmit_inputs,9292547,9.292547,264638,0.264638,608231,0.608231,13603252,13.603252,114421,0.114421,30060305,30.060305,54006052,54.006052
78,retransmit_inputs,10232483,10.232483,418837,0.418837,952008,0.952008,13597164,13.597164,109023,0.109023,30046104,30.046104,55458994,55.458994
79,retransmit_inputs,9068922,9.068922,313949,0.313949,954021,0.954021,13599345,13.599345,107698,0.107698,29373594,29.373594,53483753,53.483753
80,retransmit_inputs,9121617,9.121617,188098,0.188098,627391,0.627391,13593239,13.593239,106401,0.106401,29679580,29.67958,53372638,53.372638
81,retransmit_inputs,8974799,8.974799,327844,0.327844,1007785,1.007785,13600037,13.600037,110694,0.110694,30820046,30.820046,54903658,54.903658
82,retransmit_inputs,8862386,8.862386,168510,0.16851,667476,0.667476,13605159,13.605159,114566,0.114566,30140893,30.140893,53642214,53.642214
83,retransmit_inputs,9370203,9.370203,275299,0.275299,810498,0.810498,13599879,13.599879,112901,0.112901,29866152,29.866152,54097013,54.097013
84,retransmit_inputs,9062074,9.062074,204553,0.204553,772152,0.772152,13602087,13.602087,112188,0.112188,29927065,29.927065,53736938,53.736938
85,retransmit_inputs,9044653,9.044653,199297,0.199297,783351,0.783351,13595055,13.595055,115127,0.115127,30902508,30.902508,54699918,54.699918
86,retransmit_inputs,10050855,10.050855,537676,0.537676,1268995,1.268995,13601632,13.601632,114497,0.114497,30178088,30.178088,55850107,55.850107
87,retransmit_inputs,8909041,8.909041,364816,0.364816,1324491,1.324491,13599699,13.599699,112857,0.112857,34946630,34.94663,59334289,59.334289
88,retransmit_inputs,8703384,8.703384,171013,0.171013,401629,0.401629,13591062,13.591062,116016,0.116016,34894988,34.894988,57943984,57.943984
89,retransmit_inputs,10714734,10.714734,179859,0.179859,424367,0.424367,13590191,13.590191,123150,0.12315,31562673,31.562673,56652062,56.652062
90,retransmit_inputs,8710884,8.710884,163166,0.163166,592149,0.592149,16223939,16.223939,143680,0.14368,34456110,34.45611,60356741,60.356741
91,retransmit_inputs,8530630,8.53063,213331,0.213331,448040,0.44804,13592671,13.592671,103390,0.10339,29380139,29.380139,52311706,52.311706
92,retransmit_inputs,9381605,9.381605,274719,0.274719,653904,0.653904,13590976,13.590976,130520,0.13052,29105507,29.105507,53199396,53.199396
93,retransmit_inputs,9573955,9.573955,275249,0.275249,675161,0.675161,13597097,13.597097,103200,0.1032,29328965,29.328965,53618910,53.61891
94,retransmit_inputs,9134433,9.134433,285307,0.285307,711620,0.71162,13594953,13.594953,104739,0.104739,29468139,29.468139,53360127,53.360127
95,retransmit_inputs,8978010,8.97801,253157,0.253157,948800,0.9488,13602282,13.602282,118958,0.118958,30638792,30.638792,54608560,54.60856
96,retransmit_inputs,8675617,8.675617,187454,0.187454,493174,0.493174,13591918,13.591918,116495,0.116495,29388065,29.388065,52505328,52.505328
97,retransmit_inputs,8953608,8.953608,287919,0.287919,1163734,1.163734,13597837,13.597837,113065,0.113065,30398552,30.398552,54592737,54.592737
98,retransmit_inputs,9627164,9.627164,362994,0.362994,1229875,1.229875,13603227,13.603227,111711,0.111711,29984096,29.984096,54998459,54.998459
99,retransmit_inputs,9201327,9.201327,380371,0.380371,1306197,1.306197,13603683,13.603683,116586,0.116586,30120563,30.120563,54814239,54.814239
100,retransmit_inputs,9693687,9.693687,315104,0.315104,1483622,1.483622,13599624,13.599624,109800,0.1098,29728744,29.728744,55013896,55.013896
101,retransmit_inputs,9104765,9.104765,367504,0.367504,1468880,1.46888,13599485,13.599485,110388,0.110388,30256128,30.256128,54997874,54.997874
102,retransmit_inputs,9100240,9.10024,435718,0.435718,1078865,1.078865,13602310,13.60231,114381,0.114381,29468527,29.468527,53876919,53.876919
103,retransmit_inputs,8976941,8.976941,257838,0.257838,990221,0.990221,13603915,13.603915,113628,0.113628,31447360,31.44736,55456847,55.456847
104,retransmit_inputs,8560019,8.560019,209727,0.209727,423623,0.423623,13595445,13.595445,103118,0.103118,28691564,28.691564,51629437,51.629437
105,retransmit_inputs,8768747,8.768747,338080,0.33808,795064,0.795064,13595365,13.595365,127227,0.127227,29413179,29.413179,53113200,53.1132
106,retransmit_inputs,9254464,9.254464,303934,0.303934,818792,0.818792,13594239,13.594239,109267,0.109267,30394721,30.394721,54561720,54.56172
107,retransmit_inputs,9105805,9.105805,469259,0.469259,1227866,1.227866,13601879,13.601879,116372,0.116372,30046897,30.046897,54680408,54.680408
108,retransmit_inputs,8931278,8.931278,294267,0.294267,676143,0.676143,13596285,13.596285,148711,0.148711,28731944,28.731944,52443404,52.443404
109,retransmit_inputs,8835015,8.835015,262874,0.262874,668796,0.668796,13589826,13.589826,142208,0.142208,28848940,28.84894,52409585,52.409585
110,retransmit_inputs,8976542,8.976542,184096,0.184096,712698,0.712698,13591315,13.591315,102262,0.102262,28757714,28.757714,52403661,52.403661
111,retransmit_inputs,8972537,8.972537,261326,0.261326,694937,0.694937,13591721,13.591721,142240,0.14224,28792283,28.792283,52521449,52.521449
112,retransmit_inputs,8679302,8.679302,133835,0.133835,387869,0.387869,13595016,13.595016,103004,0.103004,28906042,28.906042,51848900,51.8489
113,retransmit_inputs,9433718,9.433718,267332,0.267332,624566,0.624566,13594847,13.594847,140751,0.140751,28908803,28.908803,53033863,53.033863
114,retransmit_inputs,9409025,9.409025,217455,0.217455,588769,0.588769,13597525,13.597525,143372,0.143372,29227072,29.227072,53249156,53.249156
115,retransmit_inputs,9475667,9.475667,258945,0.258945,563005,0.563005,13598928,13.598928,115840,0.11584,30698343,30.698343,54774977,54.774977
116,retransmit_inputs,9313611,9.313611,229349,0.229349,826956,0.826956,13600547,13.600547,111137,0.111137,29227135,29.227135,53370541,53.370541
117,retransmit_inputs,9299212,9.299212,349336,0.349336,1007321,1.007321,13599755,13.599755,114736,0.114736,30476744,30.476744,54926648,54.926648
118,retransmit_inputs,8893285,8.893285,157624,0.157624,582130,0.58213,13595967,13.595967,112997,0.112997,29834371,29.834371,53232557,53.232557
119,retransmit_inputs,9243612,9.243612,295579,0.295579,909585,0.909585,13596280,13.59628,113121,0.113121,29283202,29.283202,53508133,53.508133
120,retransmit_inputs,9432919,9.432919,275960,0.27596,1523438,1.523438,13601096,13.601096,112202,0.112202,29240808,29.240808,54276607,54.276607
121,retransmit_inputs,9007293,9.007293,277336,0.277336,1021086,1.021086,13604862,13.604862,114349,0.114349,29738645,29.738645,53831195,53.831195
122,retransmit_inputs,9172178,9.172178,409597,0.409597,867785,0.867785,13596188,13.596188,114423,0.114423,29723914,29.723914,53972233,53.972233
123,retransmit_inputs,9086616,9.086616,305247,0.305247,935247,0.935247,13602740,13.60274,122080,0.12208,33917793,33.917793,58052442,58.052442
124,retransmit_inputs,9983227,9.983227,547448,0.547448,1749944,1.749944,13610998,13.610998,124312,0.124312,29825701,29.825701,55940509,55.940509
125,retransmit_inputs,9389337,9.389337,181676,0.181676,907332,0.907332,13596292,13.596292,114210,0.11421,29242294,29.242294,53493461,53.493461
126,retransmit_inputs,9514938,9.514938,531820,0.53182,1502273,1.502273,13601847,13.601847,117552,0.117552,29568651,29.568651,54930588,54.930588
127,retransmit_inputs,9201303,9.201303,481740,0.48174,1230796,1.230796,13602386,13.602386,117213,0.117213,32831393,32.831393,57558003,57.558003
128,retransmit_inputs,9375089,9.375089,462969,0.462969,1220255,1.220255,13597990,13.59799,110590,0.11059,29921455,29.921455,54774966,54.774966
129,retransmit_inputs,9597195,9.597195,260178,0.260178,1596322,1.596322,13595587,13.595587,112150,0.11215,31211571,31.211571,56459612,56.459612
130,retransmit_inputs,9438938,9.438938,358751,0.358751,1216963,1.216963,13611704,13.611704,129679,0.129679,30721542,30.721542,55562206,55.562206
131,retransmit_inputs,9622815,9.622815,359386,0.359386,875133,0.875133,13601890,13.60189,115113,0.115113,29363533,29.363533,54014446,54.014446
132,retransmit_inputs,8724056,8.724056,161609,0.161609,491374,0.491374,13597145,13.597145,125092,0.125092,29453288,29.453288,52606436,52.606436
133,retransmit_inputs,8848000,8.848,265757,0.265757,1452878,1.452878,13612498,13.612498,111338,0.111338,29376309,29.376309,53747100,53.7471
134,retransmit_inputs,9617380,9.61738,251790,0.25179,1425029,1.425029,13615272,13.615272,120744,0.120744,31644222,31.644222,56762449,56.762449
135,retransmit_inputs,9408939,9.408939,185465,0.185465,601023,0.601023,13592646,13.592646,131709,0.131709,28853054,28.853054,52833248,52.833248
136,retransmit_inputs,9252640,9.25264,230419,0.230419,653604,0.653604,13596167,13.596167,139920,0.13992,28782582,28.782582,52717027,52.717027
137,retransmit_inputs,8889043,8.889043,187901,0.187901,726206,0.726206,13593379,13.593379,151705,0.151705,28977618,28.977618,52591437,52.591437
138,retransmit_inputs,8876594,8.876594,290326,0.290326,698008,0.698008,13595523,13.595523,139807,0.139807,28924774,28.924774,52588311,52.588311
139,retransmit_inputs,8811328,8.811328,251501,0.251501,719622,0.719622,13594883,13.594883,149491,0.149491,28800539,28.800539,52393831,52.393831
140,retransmit_inputs,9410910,9.41091,279526,0.279526,638248,0.638248,13594395,13.594395,140215,0.140215,28545147,28.545147,52674680,52.67468
141,retransmit_inputs,8758029,8.758029,273129,0.273129,581155,0.581155,13602065,13.602065,222220,0.22222,31714397,31.714397,55217645,55.217645
142,retransmit_inputs,9348409,9.348409,398126,0.398126,885528,0.885528,13600007,13.600007,110911,0.110911,29480542,29.480542,53895333,53.895333
143,retransmit_inputs,9627830,9.62783,440458,0.440458,1156683,1.156683,13597681,13.597681,110804,0.110804,29783264,29.783264,54796372,54.796372
144,retransmit_inputs,9563177,9.563177,231754,0.231754,708248,0.708248,13594779,13.594779,116381,0.116381,30897889,30.897889,55175428,55.175428
145,retransmit_inputs,9428650,9.42865,382265,0.382265,915412,0.915412,13602102,13.602102,114698,0.114698,30071402,30.071402,54585942,54.585942
146,retransmit_inputs,9123912,9.123912,331775,0.331775,810542,0.810542,13602998,13.602998,123946,0.123946,29386248,29.386248,53441881,53.441881
147,retransmit_inputs,9546702,9.546702,261707,0.261707,923877,0.923877,13602931,13.602931,112478,0.112478,30165354,30.165354,54677154,54.677154
148,retransmit_inputs,9271755,9.271755,479874,0.479874,1314076,1.314076,13594648,13.594648,116554,0.116554,29800005,29.800005,54657770,54.65777
149,retransmit_inputs,8944671,8.944671,274682,0.274682,1108826,1.108826,13600010,13.60001,120369,0.120369,30160387,30.160387,54273708,54.273708
150,retransmit_inputs,9137823,9.137823,302836,0.302836,458408,0.458408,13592344,13.592344,125235,0.125235,30169459,30.169459,53858122,53.858122
151,retransmit_inputs,9245316,9.245316,451505,0.451505,1356481,1.356481,13602711,13.602711,111401,0.111401,29966829,29.966829,54818014,54.818014
152,retransmit_inputs,9646831,9.646831,561360,0.56136,1494344,1.494344,13601041,13.601041,126766,0.126766,29528943,29.528943,55051755,55.051755
153,retransmit_inputs,9395700,9.3957,390658,0.390658,971661,0.971661,13607849,13.607849,119818,0.119818,29753486,29.753486,54312571,54.312571
154,retransmit_inputs,9362345,9.362345,270669,0.270669,910811,0.910811,13599565,13.599565,113751,0.113751,31284544,31.284544,55608163,55.608163
155,retransmit_inputs,8996507,8.996507,177503,0.177503,698428,0.698428,13590141,13.590141,139754,0.139754,28969458,28.969458,52631013,52.631013
156,retransmit_inputs,8844870,8.84487,351324,0.351324,1130735,1.130735,13597029,13.597029,142595,0.142595,28678947,28.678947,52834986,52.834986
157,retransmit_inputs,9471746,9.471746,218530,0.21853,639448,0.639448,13591653,13.591653,140626,0.140626,28617011,28.617011,52740645,52.740645
158,retransmit_inputs,9393826,9.393826,280860,0.28086,1060502,1.060502,13595499,13.595499,142584,0.142584,28872271,28.872271,53422555,53.422555
159,retransmit_inputs,8897334,8.897334,317067,0.317067,786350,0.78635,13965027,13.965027,124930,0.12493,30052399,30.052399,54220123,54.220123
160,retransmit_inputs,9885925,9.885925,591463,0.591463,1344155,1.344155,13600387,13.600387,114378,0.114378,32806824,32.806824,58444012,58.444012
161,retransmit_inputs,9362116,9.362116,250151,0.250151,1112185,1.112185,13601029,13.601029,131500,0.1315,28498691,28.498691,53033509,53.033509
162,retransmit_inputs,8861173,8.861173,312296,0.312296,782691,0.782691,13599520,13.59952,136622,0.136622,28629272,28.629272,52390621,52.390621
163,retransmit_inputs,9015183,9.015183,382445,0.382445,1138722,1.138722,13601749,13.601749,140262,0.140262,28636037,28.636037,52999654,52.999654
164,retransmit_inputs,9211259,9.211259,281391,0.281391,668233,0.668233,13595478,13.595478,102724,0.102724,28440399,28.440399,52363087,52.363087
165,retransmit_inputs,9047887,9.047887,302448,0.302448,691296,0.691296,13593882,13.593882,140812,0.140812,28700911,28.700911,52541636,52.541636
166,retransmit_inputs,8567293,8.567293,212709,0.212709,445311,0.445311,13592421,13.592421,101815,0.101815,28631423,28.631423,51594291,51.594291
167,retransmit_inputs,9312966,9.312966,229028,0.229028,645422,0.645422,13593305,13.593305,142010,0.14201,28663558,28.663558,52650167,52.650167
168,retransmit_inputs,8927848,8.927848,172695,0.172695,677665,0.677665,13604806,13.604806,134949,0.134949,31671271,31.671271,55255944,55.255944
169,retransmit_inputs,9411531,9.411531,219052,0.219052,703812,0.703812,13590500,13.5905,133331,0.133331,28669676,28.669676,52793960,52.79396
170,retransmit_inputs,8933262,8.933262,229168,0.229168,702209,0.702209,13593095,13.593095,140401,0.140401,28544009,28.544009,52203664,52.203664
171,retransmit_inputs,9092885,9.092885,286252,0.286252,665413,0.665413,13593164,13.593164,104599,0.104599,28833144,28.833144,52642388,52.642388
172,retransmit_inputs,9015316,9.015316,305579,0.305579,687084,0.687084,13593980,13.59398,140969,0.140969,28492562,28.492562,52317359,52.317359
173,retransmit_inputs,9158752,9.158752,282783,0.282783,673911,0.673911,13598329,13.598329,154060,0.15406,28633763,28.633763,52568924,52.568924
174,retransmit_inputs,9057623,9.057623,291054,0.291054,696613,0.696613,13599364,13.599364,120882,0.120882,30608552,30.608552,54440821,54.440821
175,retransmit_inputs,9121567,9.121567,296076,0.296076,854295,0.854295,13594441,13.594441,112968,0.112968,29354984,29.354984,53399667,53.399667
176,retransmit_inputs,9162509,9.162509,238935,0.238935,933694,0.933694,13611024,13.611024,121652,0.121652,29905633,29.905633,54036898,54.036898
177,retransmit_inputs,8840917,8.840917,310853,0.310853,925794,0.925794,13600750,13.60075,112002,0.112002,31623597,31.623597,55481439,55.481439
178,retransmit_inputs,9640898,9.640898,415708,0.415708,1336389,1.336389,13600741,13.600741,114879,0.114879,29873129,29.873129,55061285,55.061285
179,retransmit_inputs,9100341,9.100341,238030,0.23803,749036,0.749036,13602120,13.60212,115740,0.11574,30045253,30.045253,53909037,53.909037
180,retransmit_inputs,9001013,9.001013,361871,0.361871,1008152,1.008152,13604979,13.604979,115122,0.115122,29766969,29.766969,53926600,53.9266
181,retransmit_inputs,9256211,9.256211,202791,0.202791,842170,0.84217,13594120,13.59412,113093,0.113093,32588853,32.588853,56662386,56.662386
182,retransmit_inputs,9129893,9.129893,396893,0.396893,1280976,1.280976,13616772,13.616772,129855,0.129855,30821430,30.82143,55466533,55.466533
183,retransmit_inputs,9347564,9.347564,330191,0.330191,1446276,1.446276,13594322,13.594322,112561,0.112561,29421562,29.421562,54334275,54.334275
184,retransmit_inputs,8933585,8.933585,296903,0.296903,498304,0.498304,13603754,13.603754,111075,0.111075,29451661,29.451661,52946238,52.946238
185,retransmit_inputs,9545925,9.545925,403367,0.403367,830935,0.830935,13609836,13.609836,112855,0.112855,29529308,29.529308,54105957,54.105957
186,retransmit_inputs,9532407,9.532407,191887,0.191887,652761,0.652761,13599972,13.599972,135019,0.135019,31957768,31.957768,56141074,56.141074
187,retransmit_inputs,8961239,8.961239,310283,0.310283,1262154,1.262154,13607491,13.607491,103947,0.103947,28647046,28.647046,52979998,52.979998
188,retransmit_inputs,9471123,9.471123,159783,0.159783,637944,0.637944,13601034,13.601034,114218,0.114218,29239504,29.239504,53285267,53.285267
189,retransmit_inputs,8936339,8.936339,250487,0.250487,964501,0.964501,13604639,13.604639,113597,0.113597,29900772,29.900772,53836544,53.836544
190,retransmit_inputs,9012660,9.01266,358970,0.35897,1025805,1.025805,13596531,13.596531,110870,0.11087,29644590,29.64459,53846793,53.846793
191,retransmit_inputs,8737540,8.73754,236135,0.236135,426756,0.426756,13591662,13.591662,111230,0.11123,29432180,29.43218,52579973,52.579973
192,retransmit_inputs,9578349,9.578349,495560,0.49556,1180098,1.180098,13601925,13.601925,109161,0.109161,29920870,29.92087,54995173,54.995173
193,retransmit_inputs,9477565,9.477565,497288,0.497288,1088091,1.088091,13595184,13.595184,108733,0.108733,29723134,29.723134,54583750,54.58375
194,retransmit_inputs,9695603,9.695603,440748,0.440748,1221373,1.221373,13597435,13.597435,115315,0.115315,31375847,31.375847,56527408,56.527408
195,retransmit_inputs,9035853,9.035853,458723,0.458723,1432255,1.432255,13603902,13.603902,113764,0.113764,32049273,32.049273,56780528,56.780528
196,retransmit_inputs,9850434,9.850434,496488,0.496488,1481262,1.481262,13601539,13.601539,115016,0.115016,29937222,29.937222,55574936,55.574936
197,retransmit_inputs,9004740,9.00474,437964,0.437964,1553317,1.553317,13598409,13.598409,122257,0.122257,32626121,32.626121,57433503,57.433503
198,retransmit_inputs,9762622,9.762622,283360,0.28336,700397,0.700397,13621732,13.621732,118234,0.118234,33282983,33.282983,57854309,57.854309
199,retransmit_inputs,9026648,9.026648,276767,0.276767,904802,0.904802,13596133,13.596133,123893,0.123893,30726465,30.726465,54730058,54.730058
200,retransmit_inputs,9226175,9.226175,382574,0.382574,891829,0.891829,13602796,13.602796,111953,0.111953,31342426,31.342426,55638084,55.638084
201,retransmit_inputs,9445647,9.445647,260596,0.260596,960642,0.960642,13607432,13.607432,115026,0.115026,29878506,29.878506,54342465,54.342465
202,retransmit_inputs,8516552,8.516552,193375,0.193375,478851,0.478851,13594433,13.594433,111504,0.111504,30001471,30.001471,52940292,52.940292
203,retransmit_inputs,9285555,9.285555,347884,0.347884,795581,0.795581,13611048,13.611048,124094,0.124094,31165698,31.165698,55404127,55.404127
204,retransmit_inputs,8510865,8.510865,170143,0.170143,469281,0.469281,13597284,13.597284,122506,0.122506,29414889,29.414889,52332462,52.332462
205,retransmit_inputs,9544893,9.544893,287543,0.287543,1014668,1.014668,13602319,13.602319,112450,0.11245,29176014,29.176014,53810990,53.81099
206,retransmit_inputs,9341080,9.34108,247253,0.247253,1515457,1.515457,13600291,13.600291,114032,0.114032,30638252,30.638252,55545984,55.545984
207,retransmit_inputs,9080352,9.080352,199050,0.19905,665564,0.665564,13589980,13.58998,142263,0.142263,28613487,28.613487,52351516,52.351516
208,retransmit_inputs,9406117,9.406117,264541,0.264541,583196,0.583196,13588032,13.588032,104077,0.104077,28550483,28.550483,52560834,52.560834
209,retransmit_inputs,9518090,9.51809,343984,0.343984,1040890,1.04089,13596838,13.596838,103627,0.103627,28498821,28.498821,53185218,53.185218
210,retransmit_inputs,9106515,9.106515,192022,0.192022,610714,0.610714,13591874,13.591874,102209,0.102209,28594146,28.594146,52255526,52.255526
211,retransmit_inputs,9173853,9.173853,185021,0.185021,599020,0.59902,13590633,13.590633,102521,0.102521,28707001,28.707001,52417573,52.417573
212,retransmit_inputs,9187139,9.187139,185692,0.185692,574425,0.574425,13595155,13.595155,102944,0.102944,28702926,28.702926,52406688,52.406688
213,retransmit_inputs,9132654,9.132654,177186,0.177186,591911,0.591911,13787685,13.787685,127581,0.127581,30686033,30.686033,54562531,54.562531
214,retransmit_inputs,8802779,8.802779,305120,0.30512,770281,0.770281,13593303,13.593303,103762,0.103762,28700669,28.700669,52344360,52.34436
215,retransmit_inputs,9030809,9.030809,237335,0.237335,697827,0.697827,13596664,13.596664,102090,0.10209,28540226,28.540226,52275956,52.275956
216,retransmit_inputs,9604432,9.604432,223061,0.223061,619009,0.619009,13589671,13.589671,108648,0.108648,29025132,29.025132,53236203,53.236203
217,retransmit_inputs,9367853,9.367853,212540,0.21254,636438,0.636438,13594934,13.594934,102799,0.102799,28788206,28.788206,52763940,52.76394
218,retransmit_inputs,9629464,9.629464,281453,0.281453,719737,0.719737,13596229,13.596229,126030,0.12603,29929327,29.929327,54357645,54.357645
219,retransmit_inputs,9951215,9.951215,391650,0.39165,854246,0.854246,13603381,13.603381,111877,0.111877,30010418,30.010418,54998863,54.998863
220,retransmit_inputs,8864043,8.864043,249020,0.24902,439151,0.439151,13591207,13.591207,109479,0.109479,29624313,29.624313,52978716,52.978716
221,retransmit_inputs,9888126,9.888126,327450,0.32745,1304252,1.304252,13597886,13.597886,118126,0.118126,29683196,29.683196,55024159,55.024159
222,retransmit_inputs,8847931,8.847931,307143,0.307143,1352096,1.352096,13603219,13.603219,115380,0.11538,31538611,31.538611,55839849,55.839849
223,retransmit_inputs,10035017,10.035017,412404,0.412404,1312487,1.312487,13601791,13.601791,110837,0.110837,30050454,30.050454,55643017,55.643017
224,retransmit_inputs,9185374,9.185374,263098,0.263098,1298127,1.298127,13602324,13.602324,131558,0.131558,31580261,31.580261,56146769,56.146769
225,retransmit_inputs,9215319,9.215319,330451,0.330451,848334,0.848334,13601449,13.601449,110597,0.110597,31911863,31.911863,56092816,56.092816
226,retransmit_inputs,9242896,9.242896,455553,0.455553,1330666,1.330666,13594738,13.594738,110172,0.110172,31183882,31.183882,56009808,56.009808
227,retransmit_inputs,9609980,9.60998,194531,0.194531,647964,0.647964,13598907,13.598907,114174,0.114174,30909629,30.909629,55137562,55.137562
228,retransmit_inputs,8932978,8.932978,393347,0.393347,1113392,1.113392,13593898,13.593898,141095,0.141095,28478530,28.47853,52739347,52.739347
229,retransmit_inputs,9485802,9.485802,288070,0.28807,643277,0.643277,13595481,13.595481,103310,0.10331,28860814,28.860814,53044425,53.044425
230,retransmit_inputs,8792343,8.792343,418702,0.418702,1125181,1.125181,13598194,13.598194,140706,0.140706,28741611,28.741611,52910737,52.910737
231,retransmit_inputs,9429623,9.429623,224499,0.224499,648223,0.648223,13602636,13.602636,146343,0.146343,29787864,29.787864,53910970,53.91097
232,retransmit_inputs,9701454,9.701454,576147,0.576147,1256152,1.256152,13606929,13.606929,113651,0.113651,29274740,29.27474,54618715,54.618715
233,retransmit_inputs,9484471,9.484471,293637,0.293637,1499323,1.499323,13601579,13.601579,112495,0.112495,29589966,29.589966,54709988,54.709988
234,retransmit_inputs,9597208,9.597208,346816,0.346816,1524794,1.524794,14272603,14.272603,130378,0.130378,29664140,29.66414,55637197,55.637197
235,retransmit_inputs,9489994,9.489994,185252,0.185252,787334,0.787334,13605217,13.605217,113874,0.113874,29763646,29.763646,54025780,54.02578
236,retransmit_inputs,8798915,8.798915,220515,0.220515,424138,0.424138,13602265,13.602265,115548,0.115548,30077942,30.077942,53293575,53.293575
237,retransmit_inputs,9297406,9.297406,201003,0.201003,721249,0.721249,13601845,13.601845,112283,0.112283,30567248,30.567248,54559590,54.55959
238,retransmit_inputs,8594144,8.594144,218544,0.218544,474491,0.474491,13605663,13.605663,113869,0.113869,29932875,29.932875,52984555,52.984555
239,retransmit_inputs,8943762,8.943762,253911,0.253911,678857,0.678857,13591481,13.591481,102125,0.102125,29012140,29.01214,52642540,52.64254
240,retransmit_inputs,8608129,8.608129,168794,0.168794,527705,0.527705,13605249,13.605249,126029,0.126029,29391145,29.391145,52482536,52.482536
241,retransmit_inputs,9484110,9.48411,273899,0.273899,769117,0.769117,13601163,13.601163,112254,0.112254,29781428,29.781428,54085316,54.085316
242,retransmit_inputs,9037044,9.037044,283185,0.283185,910128,0.910128,13597308,13.597308,113922,0.113922,29314966,29.314966,53320659,53.320659
243,retransmit_inputs,9246825,9.246825,295321,0.295321,803034,0.803034,13593411,13.593411,111945,0.111945,29343660,29.34366,53461443,53.461443
244,retransmit_inputs,9405699,9.405699,168938,0.168938,934220,0.93422,13597824,13.597824,109606,0.109606,30124453,30.124453,54400194,54.400194
245,retransmit_inputs,9390087,9.390087,170913,0.170913,806210,0.80621,13610735,13.610735,119365,0.119365,30887313,30.887313,55048683,55.048683
246,retransmit_inputs,9078497,9.078497,283283,0.283283,742847,0.742847,13600505,13.600505,116546,0.116546,29541179,29.541179,53436982,53.436982
247,retransmit_inputs,9837281,9.837281,305130,0.30513,622097,0.622097,13600821,13.600821,114301,0.114301,29907097,29.907097,54449034,54.449034
248,retransmit_inputs,9362495,9.362495,228111,0.228111,865553,0.865553,13595832,13.595832,141376,0.141376,28479410,28.47941,52730138,52.730138
249,retransmit_inputs,8908904,8.908904,293232,0.293232,697855,0.697855,13596679,13.596679,145100,0.1451,30361805,30.361805,54076720,54.07672
250,retransmit_inputs,9253610,9.25361,208814,0.208814,758465,0.758465,13593328,13.593328,111307,0.111307,29465607,29.465607,53454554,53.454554
251,retransmit_inputs,9046690,9.04669,345455,0.345455,707883,0.707883,13596342,13.596342,112072,0.112072,29439374,29.439374,53308981,53.308981
252,retransmit_inputs,9323464,9.323464,393444,0.393444,1011401,1.011401,13602721,13.602721,116716,0.116716,29887322,29.887322,54416130,54.41613
253,retransmit_inputs,9242118,9.242118,410364,0.410364,932548,0.932548,13594201,13.594201,111150,0.11115,29520707,29.520707,53889385,53.889385
254,retransmit_inputs,9890274,9.890274,596384,0.596384,1261084,1.261084,13603088,13.603088,111466,0.111466,29510244,29.510244,55069815,55.069815
255,retransmit_inputs,9424520,9.42452,473097,0.473097,1537648,1.537648,13599793,13.599793,111898,0.111898,31332501,31.332501,56574851,56.574851
256,retransmit_inputs,8885276,8.885276,366374,0.366374,1006404,1.006404,13602862,13.602862,111387,0.111387,30016568,30.016568,54056321,54.056321
257,retransmit_inputs,9584871,9.584871,321343,0.321343,1116788,1.116788,13602081,13.602081,115624,0.115624,29639072,29.639072,54462293,54.462293
258,retransmit_inputs,8772636,8.772636,161938,0.161938,490071,0.490071,13590494,13.590494,126744,0.126744,29463160,29.46316,52654897,52.654897
259,retransmit_inputs,8789036,8.789036,235425,0.235425,1108767,1.108767,13602515,13.602515,147569,0.147569,28870603,28.870603,52842332,52.842332
260,retransmit_inputs,9184341,9.184341,182576,0.182576,590356,0.590356,13594895,13.594895,141065,0.141065,28730987,28.730987,52481420,52.48142
261,retransmit_inputs,9626408,9.626408,299024,0.299024,682345,0.682345,13593664,13.593664,111401,0.111401,29638039,29.638039,54033479,54.033479
262,retransmit_inputs,8800242,8.800242,251545,0.251545,1193446,1.193446,13604069,13.604069,112743,0.112743,29985902,29.985902,54026802,54.026802
263,retransmit_inputs,9594039,9.594039,218279,0.218279,655266,0.655266,13596103,13.596103,124569,0.124569,30019239,30.019239,54267966,54.267966
264,retransmit_inputs,8929426,8.929426,360757,0.360757,996762,0.996762,13602892,13.602892,124650,0.12465,29409195,29.409195,53495999,53.495999
265,retransmit_inputs,9674627,9.674627,335237,0.335237,735042,0.735042,13604293,13.604293,113905,0.113905,30894190,30.89419,55432247,55.432247
266,retransmit_inputs,8951557,8.951557,229223,0.229223,692176,0.692176,13593249,13.593249,101917,0.101917,28971382,28.971382,52599602,52.599602
267,retransmit_inputs,9602174,9.602174,253799,0.253799,1134261,1.134261,16154721,16.154721,160614,0.160614,40734626,40.734626,68135483,68.135483
268,retransmit_inputs,9194325,9.194325,163991,0.163991,601626,0.601626,13605041,13.605041,125956,0.125956,31448457,31.448457,55210410,55.21041
269,retransmit_inputs,8877075,8.877075,149841,0.149841,3767340,3.76734,13601090,13.60109,118265,0.118265,32704081,32.704081,59287009,59.287009
270,retransmit_inputs,8685312,8.685312,157276,0.157276,594925,0.594925,13595687,13.595687,132874,0.132874,29157632,29.157632,52389695,52.389695
271,retransmit_inputs,8951077,8.951077,404942,0.404942,1062949,1.062949,13592306,13.592306,110132,0.110132,29911116,29.911116,54108743,54.108743
272,retransmit_inputs,9528992,9.528992,372092,0.372092,845390,0.84539,13600776,13.600776,111184,0.111184,29590077,29.590077,54116417,54.116417
273,retransmit_inputs,9194256,9.194256,327509,0.327509,919247,0.919247,13599289,13.599289,110185,0.110185,29723690,29.72369,53948803,53.948803
274,retransmit_inputs,9176265,9.176265,354108,0.354108,789981,0.789981,13595729,13.595729,114879,0.114879,29680760,29.68076,53778914,53.778914
275,retransmit_inputs,9069527,9.069527,246964,0.246964,1009864,1.009864,13623271,13.623271,115490,0.11549,36246695,36.246695,60377369,60.377369
276,retransmit_inputs,9178975,9.178975,204223,0.204223,408761,0.408761,13597418,13.597418,129068,0.129068,30363108,30.363108,53925797,53.925797
277,retransmit_inputs,9247709,9.247709,297564,0.297564,782741,0.782741,13600427,13.600427,111615,0.111615,29562918,29.562918,53676267,53.676267
278,retransmit_inputs,9317709,9.317709,403731,0.403731,1301919,1.301919,13590589,13.590589,109943,0.109943,29731307,29.731307,54553507,54.553507
279,retransmit_inputs,9529632,9.529632,390012,0.390012,850081,0.850081,13601034,13.601034,120339,0.120339,29544073,29.544073,54109572,54.109572
280,retransmit_inputs,8853170,8.85317,294452,0.294452,445766,0.445766,13590576,13.590576,110683,0.110683,29225182,29.225182,52578729,52.578729
281,retransmit_inputs,9340321,9.340321,356204,0.356204,851268,0.851268,13597147,13.597147,113911,0.113911,29432651,29.432651,53763438,53.763438
282,retransmit_inputs,9267907,9.267907,408348,0.408348,943291,0.943291,13599227,13.599227,111154,0.111154,29574231,29.574231,53974693,53.974693
283,retransmit_inputs,9861245,9.861245,312610,0.31261,751271,0.751271,13601246,13.601246,111343,0.111343,29557688,29.557688,54268806,54.268806
284,retransmit_inputs,9812722,9.812722,382466,0.382466,993329,0.993329,13600207,13.600207,110667,0.110667,29759783,29.759783,54739582,54.739582
285,retransmit_inputs,9031995,9.031995,246223,0.246223,757979,0.757979,13599297,13.599297,114238,0.114238,33723627,33.723627,57575287,57.575287
286,retransmit_inputs,9591632,9.591632,516518,0.516518,1683520,1.68352,13596320,13.59632,109413,0.109413,29508475,29.508475,55105586,55.105586
287,retransmit_inputs,8980253,8.980253,271806,0.271806,1368557,1.368557,13606077,13.606077,110925,0.110925,30538109,30.538109,54957902,54.957902
288,retransmit_inputs,8989890,8.98989,333761,0.333761,687781,0.687781,13600755,13.600755,113348,0.113348,29820505,29.820505,53608620,53.60862
289,retransmit_inputs,9527527,9.527527,269094,0.269094,728374,0.728374,13597490,13.59749,131712,0.131712,29280377,29.280377,53600360,53.60036
290,retransmit_inputs,8847316,8.847316,334206,0.334206,1139399,1.139399,13599619,13.599619,141051,0.141051,28850443,28.850443,52999928,52.999928
291,retransmit_inputs,9033919,9.033919,252056,0.252056,706822,0.706822,13593138,13.593138,111237,0.111237,29708076,29.708076,53470571,53.470571
292,retransmit_inputs,8992526,8.992526,267905,0.267905,1106530,1.10653,13602702,13.602702,157369,0.157369,28811560,28.81156,53019909,53.019909
293,retransmit_inputs,9805850,9.80585,355122,0.355122,727987,0.727987,13594714,13.594714,112225,0.112225,35591290,35.59129,60258770,60.25877
294,retransmit_inputs,9786543,9.786543,444097,0.444097,1174663,1.174663,13602101,13.602101,113514,0.113514,33052537,33.052537,58264830,58.26483
295,retransmit_inputs,9453154,9.453154,487837,0.487837,1586071,1.586071,13602265,13.602265,116389,0.116389,29904019,29.904019,55239581,55.239581
296,retransmit_inputs,9406326,9.406326,240197,0.240197,1511672,1.511672,13605335,13.605335,112773,0.112773,29764200,29.7642,54728918,54.728918
297,retransmit_inputs,9232228,9.232228,311433,0.311433,858728,0.858728,13603601,13.603601,111019,0.111019,29392768,29.392768,53574685,53.574685
298,retransmit_inputs,8913744,8.913744,331164,0.331164,1505795,1.505795,13600455,13.600455,113470,0.11347,29569005,29.569005,54111549,54.111549
299,retransmit_inputs,8806989,8.806989,211920,0.21192,999945,0.999945,13596513,13.596513,112900,0.1129,29433784,29.433784,53226393,53.226393
300,retransmit_inputs,9194424,9.194424,328739,0.328739,999630,0.99963,13595739,13.595739,109187,0.109187,29766927,29.766927,54064209,54.064209
301,retransmit_inputs,9380407,9.380407,258669,0.258669,674499,0.674499,13597346,13.597346,112087,0.112087,29200898,29.200898,53284600,53.2846
302,retransmit_inputs,9309652,9.309652,279874,0.279874,1326437,1.326437,13605577,13.605577,113258,0.113258,31968216,31.968216,56671440,56.67144
303,retransmit_inputs,9349213,9.349213,247503,0.247503,697603,0.697603,13605060,13.60506,113075,0.113075,29248618,29.248618,53322209,53.322209
304,retransmit_inputs,9516108,9.516108,474918,0.474918,1108785,1.108785,13600046,13.600046,114016,0.114016,29372217,29.372217,54277475,54.277475
305,retransmit_inputs,8769449,8.769449,251478,0.251478,1029009,1.029009,13601216,13.601216,111690,0.11169,30192894,30.192894,54036547,54.036547
306,retransmit_inputs,8822007,8.822007,309281,0.309281,552677,0.552677,13599759,13.599759,117161,0.117161,29490513,29.490513,52944476,52.944476
307,retransmit_inputs,9596779,9.596779,281154,0.281154,1569760,1.56976,13602754,13.602754,126092,0.126092,30196483,30.196483,55464329,55.464329
308,retransmit_inputs,9427661,9.427661,317837,0.317837,913400,0.9134,13592552,13.592552,102141,0.102141,28570738,28.570738,52994640,52.99464
309,retransmit_inputs,9327982,9.327982,190265,0.190265,639188,0.639188,13601919,13.601919,104577,0.104577,28835194,28.835194,52759374,52.759374
310,retransmit_inputs,9235907,9.235907,161726,0.161726,690592,0.690592,13594377,13.594377,141297,0.141297,28584313,28.584313,52469010,52.46901
311,retransmit_inputs,9173782,9.173782,210635,0.210635,580817,0.580817,13597196,13.597196,120662,0.120662,31083349,31.083349,54833367,54.833367
312,retransmit_inputs,9118728,9.118728,296629,0.296629,706852,0.706852,13594396,13.594396,140050,0.14005,28726410,28.72641,52648319,52.648319
313,retransmit_inputs,9096503,9.096503,291017,0.291017,701612,0.701612,13596652,13.596652,129474,0.129474,28749751,28.749751,52628401,52.628401
314,retransmit_inputs,9116970,9.11697,196818,0.196818,647739,0.647739,13596443,13.596443,129393,0.129393,28683272,28.683272,52438976,52.438976
315,retransmit_inputs,9251697,9.251697,237850,0.23785,681465,0.681465,13592630,13.59263,101344,0.101344,28622853,28.622853,52576331,52.576331
316,retransmit_inputs,9242425,9.242425,276120,0.27612,1182490,1.18249,13600060,13.60006,109809,0.109809,28925053,28.925053,53444019,53.444019
317,retransmit_inputs,9698822,9.698822,335144,0.335144,827627,0.827627,13599557,13.599557,117130,0.11713,30597477,30.597477,55244198,55.244198
318,retransmit_inputs,8933030,8.93303,353984,0.353984,1607756,1.607756,13595962,13.595962,112352,0.112352,29339057,29.339057,54020380,54.02038
319,retransmit_inputs,9356795,9.356795,316177,0.316177,1615452,1.615452,13605857,13.605857,111474,0.111474,30629501,30.629501,55720136,55.720136
320,retransmit_inputs,9482128,9.482128,356131,0.356131,1294059,1.294059,13592281,13.592281,115049,0.115049,31458759,31.458759,56399280,56.39928
321,retransmit_inputs,9429476,9.429476,289324,0.289324,1405951,1.405951,13607878,13.607878,113988,0.113988,29530280,29.53028,54459580,54.45958
322,retransmit_inputs,8992376,8.992376,343629,0.343629,1826934,1.826934,13607985,13.607985,131310,0.13131,31150883,31.150883,56154632,56.154632
323,retransmit_inputs,9665146,9.665146,233087,0.233087,820267,0.820267,13601396,13.601396,112137,0.112137,29707562,29.707562,54209249,54.209249
324,retransmit_inputs,8837450,8.83745,369593,0.369593,1387751,1.387751,13598609,13.598609,113585,0.113585,29958846,29.958846,54349292,54.349292
325,retransmit_inputs,9021852,9.021852,200914,0.200914,889931,0.889931,13603442,13.603442,113261,0.113261,30030561,30.030561,53926217,53.926217
326,retransmit_inputs,9450975,9.450975,194219,0.194219,763260,0.76326,13599086,13.599086,117819,0.117819,30172145,30.172145,54373579,54.373579
327,retransmit_inputs,9574039,9.574039,408284,0.408284,819703,0.819703,13601732,13.601732,106642,0.106642,30316195,30.316195,54904952,54.904952
328,retransmit_inputs,8831123,8.831123,299433,0.299433,765441,0.765441,13591311,13.591311,140013,0.140013,28527912,28.527912,52220058,52.220058
329,retransmit_inputs,9176319,9.176319,197181,0.197181,721471,0.721471,13591903,13.591903,141398,0.141398,29061251,29.061251,52950302,52.950302
330,retransmit_inputs,8608527,8.608527,228456,0.228456,455846,0.455846,13587529,13.587529,140101,0.140101,28542654,28.542654,51609372,51.609372
331,retransmit_inputs,8895875,8.895875,208229,0.208229,687542,0.687542,13595165,13.595165,139856,0.139856,28571531,28.571531,52156683,52.156683
332,retransmit_inputs,9191884,9.191884,201041,0.201041,616115,0.616115,13592638,13.592638,125027,0.125027,28579413,28.579413,52366543,52.366543
333,retransmit_inputs,9152030,9.15203,254569,0.254569,1112609,1.112609,13602590,13.60259,140310,0.14031,29573525,29.573525,53915196,53.915196
334,retransmit_inputs,9010098,9.010098,286909,0.286909,826575,0.826575,13610815,13.610815,116580,0.11658,29848331,29.848331,53762683,53.762683
335,retransmit_inputs,8926336,8.926336,218210,0.21821,840417,0.840417,13602973,13.602973,112422,0.112422,30788255,30.788255,54551032,54.551032
336,retransmit_inputs,9836608,9.836608,338772,0.338772,645590,0.64559,13606657,13.606657,115576,0.115576,29516542,29.516542,54145028,54.145028
337,retransmit_inputs,9416234,9.416234,261939,0.261939,821291,0.821291,13603193,13.603193,125315,0.125315,30496619,30.496619,54788885,54.788885
338,retransmit_inputs,9264711,9.264711,357491,0.357491,980892,0.980892,13596675,13.596675,114122,0.114122,31154574,31.154574,55537118,55.537118
339,retransmit_inputs,8976233,8.976233,222784,0.222784,1598188,1.598188,13595614,13.595614,120363,0.120363,30084954,30.084954,54672703,54.672703
340,retransmit_inputs,8870433,8.870433,360016,0.360016,1194869,1.194869,13599292,13.599292,110212,0.110212,30171731,30.171731,54385715,54.385715
341,retransmit_inputs,9624805,9.624805,241700,0.2417,1050429,1.050429,13595873,13.595873,111776,0.111776,30715723,30.715723,55404884,55.404884
342,retransmit_inputs,9330747,9.330747,356800,0.3568,952114,0.952114,13595503,13.595503,110647,0.110647,29278341,29.278341,53694487,53.694487
343,retransmit_inputs,9011529,9.011529,276542,0.276542,792298,0.792298,13597870,13.59787,115626,0.115626,29470720,29.47072,53350127,53.350127
344,retransmit_inputs,8761075,8.761075,250092,0.250092,968176,0.968176,13594343,13.594343,112106,0.112106,30199892,30.199892,53973964,53.973964
345,retransmit_inputs,9457655,9.457655,402915,0.402915,884563,0.884563,13600664,13.600664,106738,0.106738,30408911,30.408911,54937438,54.937438
346,retransmit_inputs,8812750,8.81275,351961,0.351961,837115,0.837115,13593888,13.593888,110278,0.110278,29812718,29.812718,53583446,53.583446
347,retransmit_inputs,9957229,9.957229,383988,0.383988,851756,0.851756,13599711,13.599711,121130,0.12113,35805847,35.805847,60803932,60.803932
348,retransmit_inputs,9076474,9.076474,273195,0.273195,699246,0.699246,13600821,13.600821,116281,0.116281,29502340,29.50234,53354835,53.354835
349,retransmit_inputs,9540411,9.540411,273401,0.273401,1115495,1.115495,13594994,13.594994,110999,0.110999,29518277,29.518277,54229516,54.229516
350,retransmit_inputs,9151348,9.151348,338596,0.338596,1211879,1.211879,13603044,13.603044,110124,0.110124,31788051,31.788051,56279568,56.279568
351,retransmit_inputs,9368735,9.368735,279344,0.279344,746815,0.746815,13596141,13.596141,110784,0.110784,29511554,29.511554,53679055,53.679055
352,retransmit_inputs,9257209,9.257209,433028,0.433028,1383743,1.383743,13597996,13.597996,111585,0.111585,29402472,29.402472,54264236,54.264236
353,retransmit_inputs,9667674,9.667674,445475,0.445475,1267687,1.267687,13603780,13.60378,112995,0.112995,29405615,29.405615,54588974,54.588974
354,retransmit_inputs,9463662,9.463662,318985,0.318985,1491602,1.491602,13608739,13.608739,114008,0.114008,29366064,29.366064,54454225,54.454225
355,retransmit_inputs,8782974,8.782974,380813,0.380813,1515004,1.515004,13608104,13.608104,113387,0.113387,29211927,29.211927,53699232,53.699232
356,retransmit_inputs,8809176,8.809176,341630,0.34163,1142851,1.142851,13603659,13.603659,112616,0.112616,31799027,31.799027,55894241,55.894241
357,retransmit_inputs,9157591,9.157591,210710,0.21071,903330,0.90333,13598817,13.598817,112903,0.112903,29748506,29.748506,53792725,53.792725
358,retransmit_inputs,9093025,9.093025,444978,0.444978,1449959,1.449959,13602092,13.602092,114249,0.114249,31250937,31.250937,56053995,56.053995
359,retransmit_inputs,9192866,9.192866,224921,0.224921,685351,0.685351,13593533,13.593533,102255,0.102255,31521168,31.521168,55379758,55.379758
360,retransmit_inputs,9454886,9.454886,190992,0.190992,642181,0.642181,13590467,13.590467,140332,0.140332,28599089,28.599089,52679192,52.679192
361,retransmit_inputs,9201543,9.201543,206492,0.206492,677639,0.677639,13596242,13.596242,112106,0.112106,29535501,29.535501,53391966,53.391966
362,retransmit_inputs,9534509,9.534509,272851,0.272851,1520490,1.52049,13596011,13.596011,120307,0.120307,29776990,29.77699,54928197,54.928197
363,retransmit_inputs,8965133,8.965133,150619,0.150619,557614,0.557614,13599670,13.59967,112591,0.112591,29819379,29.819379,53254851,53.254851
364,retransmit_inputs,8744691,8.744691,255035,0.255035,1001487,1.001487,13603575,13.603575,111778,0.111778,29626314,29.626314,53409234,53.409234
365,retransmit_inputs,9777697,9.777697,409012,0.409012,1334264,1.334264,13593870,13.59387,116384,0.116384,30581996,30.581996,55899978,55.899978
366,retransmit_inputs,8686208,8.686208,400932,0.400932,1099466,1.099466,13607966,13.607966,113669,0.113669,31095907,31.095907,55068483,55.068483
367,retransmit_inputs,8690476,8.690476,201489,0.201489,614036,0.614036,13595904,13.595904,137446,0.137446,30038442,30.038442,53336489,53.336489
368,retransmit_inputs,9462909,9.462909,298514,0.298514,1137259,1.137259,13601526,13.601526,142274,0.142274,28845979,28.845979,53577286,53.577286
369,retransmit_inputs,9229618,9.229618,185625,0.185625,568930,0.56893,13593619,13.593619,143753,0.143753,28969237,28.969237,52748977,52.748977
370,retransmit_inputs,8943213,8.943213,160022,0.160022,691131,0.691131,13591329,13.591329,103675,0.103675,28979631,28.979631,52523713,52.523713
371,retransmit_inputs,9655777,9.655777,294521,0.294521,1443537,1.443537,13610781,13.610781,116480,0.11648,29820125,29.820125,55033453,55.033453
372,retransmit_inputs,9361209,9.361209,183491,0.183491,852121,0.852121,13595556,13.595556,112031,0.112031,29507186,29.507186,53673297,53.673297
373,retransmit_inputs,9183152,9.183152,478036,0.478036,1399379,1.399379,13599008,13.599008,109842,0.109842,29326716,29.326716,54181962,54.181962
374,retransmit_inputs,9611412,9.611412,497880,0.49788,1434116,1.434116,13600700,13.6007,114174,0.114174,31772071,31.772071,57115260,57.11526
375,retransmit_inputs,8989205,8.989205,314392,0.314392,942298,0.942298,13607373,13.607373,114389,0.114389,30197176,30.197176,54233052,54.233052
376,retransmit_inputs,9129493,9.129493,230077,0.230077,933871,0.933871,13600269,13.600269,112864,0.112864,29861983,29.861983,53933771,53.933771
377,retransmit_inputs,9547678,9.547678,391313,0.391313,1579432,1.579432,13600325,13.600325,113410,0.11341,30360970,30.36097,55682696,55.682696
378,retransmit_inputs,9858327,9.858327,455673,0.455673,1232818,1.232818,13594663,13.594663,110130,0.11013,29674027,29.674027,55020483,55.020483
379,retransmit_inputs,9138791,9.138791,353429,0.353429,911376,0.911376,13604616,13.604616,115440,0.11544,29947022,29.947022,54143110,54.14311
380,retransmit_inputs,9575678,9.575678,578929,0.578929,1183179,1.183179,13607417,13.607417,111671,0.111671,29829148,29.829148,54983696,54.983696
381,retransmit_inputs,8862374,8.862374,211302,0.211302,485323,0.485323,13597724,13.597724,116014,0.116014,31277032,31.277032,54601133,54.601133
382,retransmit_inputs,8899978,8.899978,338792,0.338792,1588267,1.588267,13611179,13.611179,135953,0.135953,30222572,30.222572,54884089,54.884089
383,retransmit_inputs,9676448,9.676448,358391,0.358391,687901,0.687901,13592429,13.592429,117569,0.117569,29376317,29.376317,53881499,53.881499
384,retransmit_inputs,9583858,9.583858,286698,0.286698,1533936,1.533936,13598204,13.598204,118802,0.118802,30077161,30.077161,55280138,55.280138
385,retransmit_inputs,10005403,10.005403,581016,0.581016,1673575,1.673575,13604217,13.604217,114060,0.11406,30390635,30.390635,56478195,56.478195
386,retransmit_inputs,9210381,9.210381,615712,0.615712,1463973,1.463973,13600090,13.60009,115041,0.115041,29406975,29.406975,54512340,54.51234
387,retransmit_inputs,8911951,8.911951,408498,0.408498,1402969,1.402969,13603835,13.603835,113105,0.113105,29982768,29.982768,54510042,54.510042
388,retransmit_inputs,9209489,9.209489,406118,0.406118,1180792,1.180792,13602645,13.602645,112874,0.112874,29949585,29.949585,54536342,54.536342
389,retransmit_inputs,9516175,9.516175,373301,0.373301,1125617,1.125617,13599981,13.599981,110379,0.110379,28745417,28.745417,53560752,53.560752
390,retransmit_inputs,9545852,9.545852,395971,0.395971,1072343,1.072343,13603054,13.603054,114896,0.114896,29827597,29.827597,54632855,54.632855
391,retransmit_inputs,9459934,9.459934,263285,0.263285,767835,0.767835,13606144,13.606144,112056,0.112056,29625206,29.625206,53895520,53.89552
392,retransmit_inputs,8894376,8.894376,265957,0.265957,1025219,1.025219,13618102,13.618102,256712,0.256712,31441695,31.441695,55585483,55.585483
393,retransmit_inputs,9172893,9.172893,369639,0.369639,935474,0.935474,13599499,13.599499,110091,0.110091,29610857,29.610857,53876145,53.876145
394,retransmit_inputs,9635467,9.635467,288519,0.288519,668431,0.668431,13594120,13.59412,116297,0.116297,29747235,29.747235,54124761,54.124761
395,retransmit_inputs,9067687,9.067687,317212,0.317212,903791,0.903791,13620269,13.620269,121666,0.121666,29456171,29.456171,53554579,53.554579
396,retransmit_inputs,9019864,9.019864,227429,0.227429,882329,0.882329,13608456,13.608456,112307,0.112307,29342537,29.342537,53250906,53.250906
397,retransmit_inputs,9318832,9.318832,198351,0.198351,770772,0.770772,13599204,13.599204,111114,0.111114,29850535,29.850535,53908046,53.908046
398,retransmit_inputs,9120120,9.12012,235046,0.235046,944213,0.944213,13607172,13.607172,114960,0.11496,29766756,29.766756,53849550,53.84955
399,retransmit_inputs,8601192,8.601192,329958,0.329958,1041502,1.041502,13596909,13.596909,112316,0.112316,32207915,32.207915,55955363,55.955363
400,retransmit_inputs,9502150,9.50215,302540,0.30254,1527755,1.527755,13604528,13.604528,111169,0.111169,29845082,29.845082,54986080,54.98608
401,retransmit_inputs,9462199,9.462199,245036,0.245036,3839389,3.839389,13596367,13.596367,128852,0.128852,30534311,30.534311,57881781,57.881781
402,retransmit_inputs,9161725,9.161725,238804,0.238804,1041498,1.041498,13593461,13.593461,111635,0.111635,29527460,29.52746,53745366,53.745366
403,retransmit_inputs,9758763,9.758763,370865,0.370865,1223540,1.22354,13595979,13.595979,111282,0.111282,30106078,30.106078,55253423,55.253423
404,retransmit_inputs,9344057,9.344057,391377,0.391377,931402,0.931402,13603059,13.603059,111517,0.111517,29488869,29.488869,53944653,53.944653
405,retransmit_inputs,9071496,9.071496,348886,0.348886,1077344,1.077344,13603351,13.603351,113769,0.113769,30279281,30.279281,54571666,54.571666
406,retransmit_inputs,9292508,9.292508,194770,0.19477,831300,0.8313,13599721,13.599721,112412,0.112412,31701355,31.701355,55790588,55.790588
407,retransmit_inputs,8736636,8.736636,222060,0.22206,526183,0.526183,13598970,13.59897,112473,0.112473,30145121,30.145121,53389067,53.389067
408,retransmit_inputs,9592497,9.592497,325044,0.325044,922501,0.922501,13604077,13.604077,110404,0.110404,30912228,30.912228,55539510,55.53951
409,retransmit_inputs,9522446,9.522446,377397,0.377397,957565,0.957565,13594424,13.594424,112605,0.112605,31553375,31.553375,56192648,56.192648
410,retransmit_inputs,8670859,8.670859,153379,0.153379,435335,0.435335,13594436,13.594436,121041,0.121041,30227228,30.227228,53249149,53.249149
411,retransmit_inputs,9410849,9.410849,290464,0.290464,770366,0.770366,13596276,13.596276,110674,0.110674,31172144,31.172144,55428629,55.428629
412,retransmit_inputs,9323664,9.323664,360843,0.360843,1292183,1.292183,13605950,13.60595,113258,0.113258,31688617,31.688617,56472424,56.472424
413,retransmit_inputs,8996935,8.996935,190219,0.190219,744495,0.744495,13594253,13.594253,150665,0.150665,29388258,29.388258,53131511,53.131511
414,retransmit_inputs,9168805,9.168805,242463,0.242463,1131860,1.13186,13594923,13.594923,141783,0.141783,29364129,29.364129,53733747,53.733747
415,retransmit_inputs,8970808,8.970808,378569,0.378569,1118333,1.118333,13593430,13.59343,140633,0.140633,29335209,29.335209,53623943,53.623943
416,retransmit_inputs,8897999,8.897999,234543,0.234543,1093222,1.093222,13599640,13.59964,140258,0.140258,29843053,29.843053,53896362,53.896362
417,retransmit_inputs,8512385,8.512385,166209,0.166209,420095,0.420095,13587378,13.587378,108457,0.108457,29489849,29.489849,52331400,52.3314
418,retransmit_inputs,9448169,9.448169,243856,0.243856,1150083,1.150083,13595863,13.595863,102003,0.102003,30341629,30.341629,54963270,54.96327
419,retransmit_inputs,9353270,9.35327,198255,0.198255,431841,0.431841,13590058,13.590058,113877,0.113877,30153763,30.153763,53912119,53.912119
420,retransmit_inputs,9472977,9.472977,348915,0.348915,1416484,1.416484,13606585,13.606585,115279,0.115279,30244513,30.244513,55293834,55.293834
421,retransmit_inputs,8949324,8.949324,264685,0.264685,1022305,1.022305,13602119,13.602119,112343,0.112343,30456713,30.456713,54473065,54.473065
422,retransmit_inputs,8932667,8.932667,314102,0.314102,1018765,1.018765,13604787,13.604787,112367,0.112367,31854856,31.854856,55906941,55.906941
423,retransmit_inputs,9480207,9.480207,381604,0.381604,829178,0.829178,13598912,13.598912,115184,0.115184,30568935,30.568935,55046684,55.046684
424,retransmit_inputs,8831329,8.831329,253957,0.253957,1081234,1.081234,13599858,13.599858,111436,0.111436,31073183,31.073183,55010831,55.010831
425,retransmit_inputs,9462502,9.462502,321152,0.321152,748192,0.748192,13595067,13.595067,113668,0.113668,30698470,30.69847,55017865,55.017865
426,retransmit_inputs,9032067,9.032067,281023,0.281023,948255,0.948255,13594706,13.594706,113360,0.11336,30400951,30.400951,54439060,54.43906
427,retransmit_inputs,9370892,9.370892,377985,0.377985,994084,0.994084,13605405,13.605405,113251,0.113251,30153923,30.153923,54687424,54.687424
428,retransmit_inputs,8980049,8.980049,140176,0.140176,645003,0.645003,13593667,13.593667,113202,0.113202,32236779,32.236779,55804051,55.804051
429,retransmit_inputs,9807837,9.807837,339694,0.339694,869150,0.86915,13597935,13.597935,110955,0.110955,30472010,30.47201,55290563,55.290563
430,retransmit_inputs,9263090,9.26309,379653,0.379653,772329,0.772329,13606419,13.606419,117024,0.117024,30402442,30.402442,54615348,54.615348
431,retransmit_inputs,8816625,8.816625,255974,0.255974,924968,0.924968,13602598,13.602598,115173,0.115173,30053866,30.053866,53831257,53.831257
432,retransmit_inputs,9109402,9.109402,204191,0.204191,1026294,1.026294,13608454,13.608454,115623,0.115623,32557658,32.557658,56706402,56.706402
433,retransmit_inputs,8803437,8.803437,323756,0.323756,1037755,1.037755,13587488,13.587488,103546,0.103546,29847947,29.847947,53780572,53.780572
434,retransmit_inputs,9280236,9.280236,257003,0.257003,1121854,1.121854,13605070,13.60507,111985,0.111985,29522471,29.522471,54007863,54.007863
435,retransmit_inputs,8995481,8.995481,312319,0.312319,738112,0.738112,13594202,13.594202,105721,0.105721,30931843,30.931843,54746800,54.7468
436,retransmit_inputs,9115875,9.115875,378954,0.378954,1298132,1.298132,13600126,13.600126,118911,0.118911,31414711,31.414711,56006339,56.006339
437,retransmit_inputs,8610594,8.610594,216157,0.216157,505801,0.505801,13604840,13.60484,115154,0.115154,32478060,32.47806,55575504,55.575504
438,retransmit_inputs,9158378,9.158378,330481,0.330481,707059,0.707059,13593996,13.593996,116349,0.116349,30722177,30.722177,54703448,54.703448
439,retransmit_inputs,8957485,8.957485,213742,0.213742,930025,0.930025,13605629,13.605629,115172,0.115172,30264458,30.264458,54147548,54.147548
440,retransmit_inputs,9239044,9.239044,225235,0.225235,928180,0.92818,13601882,13.601882,113062,0.113062,30137673,30.137673,54308994,54.308994
441,retransmit_inputs,9556635,9.556635,346637,0.346637,1322330,1.32233,13601921,13.601921,113921,0.113921,30275697,30.275697,55303941,55.303941
442,retransmit_inputs,9860456,9.860456,565644,0.565644,1194183,1.194183,13595861,13.595861,110375,0.110375,30253021,30.253021,55673498,55.673498
443,retransmit_inputs,9549291,9.549291,449402,0.449402,1329271,1.329271,13601674,13.601674,110388,0.110388,31069996,31.069996,56208791,56.208791
444,retransmit_inputs,9109462,9.109462,484957,0.484957,1309850,1.30985,13595156,13.595156,110674,0.110674,30597986,30.597986,55294109,55.294109
445,retransmit_inputs,9409294,9.409294,568766,0.568766,1473292,1.473292,13599280,13.59928,110359,0.110359,38049063,38.049063,63302419,63.302419
446,retransmit_inputs,9371761,9.371761,173560,0.17356,555612,0.555612,13601599,13.601599,127361,0.127361,32153564,32.153564,56054393,56.054393
447,retransmit_inputs,9096691,9.096691,165071,0.165071,458631,0.458631,13590259,13.590259,127581,0.127581,32418239,32.418239,55928001,55.928001
448,retransmit_inputs,8624467,8.624467,168671,0.168671,410655,0.410655,13599449,13.599449,137489,0.137489,32348859,32.348859,55351133,55.351133
449,retransmit_inputs,9247725,9.247725,504960,0.50496,1387153,1.387153,13605933,13.605933,113862,0.113862,31128507,31.128507,56084290,56.08429
450,retransmit_inputs,8867084,8.867084,371068,0.371068,1509295,1.509295,13594513,13.594513,130349,0.130349,43013514,43.013514,67584747,67.584747
451,retransmit_inputs,9435141,9.435141,210208,0.210208,599842,0.599842,13605381,13.605381,112925,0.112925,30248474,30.248474,54268348,54.268348
452,retransmit_inputs,8597873,8.597873,164014,0.164014,428894,0.428894,13588316,13.588316,107343,0.107343,29640191,29.640191,52572540,52.57254
453,retransmit_inputs,8849364,8.849364,301589,0.301589,741305,0.741305,13593642,13.593642,140507,0.140507,29724981,29.724981,53416341,53.416341
454,retransmit_inputs,8621135,8.621135,176979,0.176979,508411,0.508411,13600489,13.600489,128378,0.128378,30321848,30.321848,53406603,53.406603
455,retransmit_inputs,8959649,8.959649,430894,0.430894,1457758,1.457758,13602455,13.602455,113162,0.113162,30129048,30.129048,54778872,54.778872
456,retransmit_inputs,8920915,8.920915,251888,0.251888,1009295,1.009295,13593876,13.593876,111072,0.111072,30322885,30.322885,54277040,54.27704
457,retransmit_inputs,9121858,9.121858,248209,0.248209,862643,0.862643,13600872,13.600872,112712,0.112712,30390211,30.390211,54402529,54.402529
458,retransmit_inputs,9507276,9.507276,386967,0.386967,843205,0.843205,13594593,13.594593,110933,0.110933,30659430,30.65943,55173683,55.173683
459,retransmit_inputs,9200138,9.200138,374289,0.374289,858215,0.858215,13600424,13.600424,114564,0.114564,30311267,30.311267,54528726,54.528726
460,retransmit_inputs,8950770,8.95077,319869,0.319869,779081,0.779081,13608287,13.608287,113936,0.113936,32120245,32.120245,55960258,55.960258
461,retransmit_inputs,9263435,9.263435,168961,0.168961,876565,0.876565,13598187,13.598187,112160,0.11216,30725449,30.725449,54803599,54.803599
462,retransmit_inputs,9183598,9.183598,215401,0.215401,828858,0.828858,13598441,13.598441,111715,0.111715,30864726,30.864726,54865043,54.865043
463,retransmit_inputs,8862613,8.862613,162397,0.162397,1052059,1.052059,13595074,13.595074,121619,0.121619,30453572,30.453572,54310750,54.31075
464,retransmit_inputs,9216196,9.216196,455414,0.455414,1169325,1.169325,13605490,13.60549,111300,0.1113,30195517,30.195517,54831406,54.831406
465,retransmit_inputs,9810711,9.810711,452472,0.452472,1255412,1.255412,13607362,13.607362,113402,0.113402,30307672,30.307672,55633349,55.633349
466,retransmit_inputs,9041054,9.041054,206680,0.20668,1400622,1.400622,13597011,13.597011,108446,0.108446,30811875,30.811875,55235606,55.235606
467,retransmit_inputs,8985767,8.985767,316903,0.316903,929962,0.929962,13603441,13.603441,127810,0.12781,30709896,30.709896,54742636,54.742636
468,retransmit_inputs,8836721,8.836721,391138,0.391138,1471799,1.471799,13603477,13.603477,113442,0.113442,30754554,30.754554,55253773,55.253773
469,retransmit_inputs,9050227,9.050227,361211,0.361211,904318,0.904318,13602133,13.602133,114607,0.114607,31081327,31.081327,55184514,55.184514
470,retransmit_inputs,9549567,9.549567,200336,0.200336,503286,0.503286,13596826,13.596826,114769,0.114769,30878909,30.878909,54900181,54.900181
471,retransmit_inputs,8790657,8.790657,396439,0.396439,1566264,1.566264,13600692,13.600692,111737,0.111737,32449797,32.449797,56997311,56.997311
472,retransmit_inputs,8597172,8.597172,237512,0.237512,957059,0.957059,13604785,13.604785,111868,0.111868,30532233,30.532233,54103359,54.103359
473,retransmit_inputs,8921567,8.921567,262430,0.26243,997984,0.997984,13605953,13.605953,112749,0.112749,30162871,30.162871,54127964,54.127964
474,retransmit_inputs,9738333,9.738333,401283,0.401283,1755542,1.755542,13594573,13.594573,114901,0.114901,30338809,30.338809,56042811,56.042811
475,retransmit_inputs,9611238,9.611238,383534,0.383534,928966,0.928966,13600389,13.600389,133192,0.133192,32043619,32.043619,56783763,56.783763
476,retransmit_inputs,8799297,8.799297,368936,0.368936,1474618,1.474618,13598840,13.59884,113167,0.113167,31251680,31.25168,55698748,55.698748
477,retransmit_inputs,9744072,9.744072,379877,0.379877,799195,0.799195,13599181,13.599181,111404,0.111404,31030783,31.030783,55741378,55.741378
478,retransmit_inputs,9718899,9.718899,382302,0.382302,1149882,1.149882,13601443,13.601443,125692,0.125692,30596797,30.596797,55652167,55.652167
479,retransmit_inputs,9052844,9.052844,270335,0.270335,831935,0.831935,13594993,13.594993,112511,0.112511,30432516,30.432516,54359225,54.359225
480,retransmit_inputs,9657037,9.657037,273745,0.273745,755742,0.755742,13601002,13.601002,111863,0.111863,32286053,32.286053,56762718,56.762718
481,retransmit_inputs,8651380,8.65138,212669,0.212669,502215,0.502215,13599879,13.599879,112672,0.112672,30967404,30.967404,54098383,54.098383
482,retransmit_inputs,9498393,9.498393,164926,0.164926,505200,0.5052,13603858,13.603858,129085,0.129085,31807153,31.807153,55756912,55.756912
483,retransmit_inputs,9498441,9.498441,363555,0.363555,706545,0.706545,13593889,13.593889,115513,0.115513,31044241,31.044241,55392123,55.392123
484,retransmit_inputs,9450275,9.450275,176432,0.176432,849387,0.849387,13602464,13.602464,117628,0.117628,30959280,30.95928,55218627,55.218627
485,retransmit_inputs,9052451,9.052451,318504,0.318504,1010440,1.01044,13601851,13.601851,113534,0.113534,30325819,30.325819,54496186,54.496186
486,retransmit_inputs,9401000,9.401,273939,0.273939,784799,0.784799,13623976,13.623976,110619,0.110619,30632966,30.632966,54892194,54.892194
487,retransmit_inputs,9492905,9.492905,140130,0.14013,426678,0.426678,13590820,13.59082,115077,0.115077,30296702,30.296702,54123098,54.123098
488,retransmit_inputs,9164285,9.164285,454822,0.454822,1630350,1.63035,13592381,13.592381,111968,0.111968,30635228,30.635228,55677792,55.677792
489,retransmit_inputs,9457434,9.457434,209650,0.20965,953077,0.953077,13602062,13.602062,126821,0.126821,33362231,33.362231,57773847,57.773847
490,retransmit_inputs,9294731,9.294731,171174,0.171174,781217,0.781217,13602486,13.602486,112771,0.112771,31236735,31.236735,55262067,55.262067
491,retransmit_inputs,9746220,9.74622,385084,0.385084,1274829,1.274829,13594353,13.594353,110249,0.110249,30375680,30.37568,55586317,55.586317
492,retransmit_inputs,9391120,9.39112,256286,0.256286,959633,0.959633,13602245,13.602245,110573,0.110573,30402887,30.402887,54787078,54.787078
493,retransmit_inputs,9377626,9.377626,282975,0.282975,665989,0.665989,13602027,13.602027,112068,0.112068,30493323,30.493323,54593630,54.59363
494,retransmit_inputs,9507246,9.507246,360130,0.36013,963612,0.963612,13601685,13.601685,109934,0.109934,30168183,30.168183,54782009,54.782009
495,retransmit_inputs,9338833,9.338833,364157,0.364157,870464,0.870464,13595367,13.595367,111162,0.111162,30645883,30.645883,54994395,54.994395
496,retransmit_inputs,9254086,9.254086,255200,0.2552,827747,0.827747,13602773,13.602773,114468,0.114468,30255154,30.255154,54372919,54.372919
497,retransmit_inputs,9579555,9.579555,295081,0.295081,605051,0.605051,13608311,13.608311,123559,0.123559,30543110,30.54311,54819241,54.819241
498,retransmit_inputs,9568210,9.56821,410415,0.410415,1645918,1.645918,13763649,13.763649,133744,0.133744,31382119,31.382119,57008700,57.0087
499,retransmit_inputs,9694277,9.694277,453966,0.453966,1131372,1.131372,13596881,13.596881,113539,0.113539,30250507,30.250507,55332989,55.332989
500,retransmit_inputs,9122922,9.122922,448727,0.448727,1436392,1.436392,13602110,13.60211,113274,0.113274,30962010,30.96201,55778381,55.778381
501,retransmit_inputs,9644994,9.644994,249913,0.249913,725032,0.725032,13599523,13.599523,138539,0.138539,31259357,31.259357,55705139,55.705139
502,retransmit_inputs,9360958,9.360958,192353,0.192353,877495,0.877495,13595839,13.595839,112877,0.112877,30766643,30.766643,54984565,54.984565
503,retransmit_inputs,9260577,9.260577,419678,0.419678,879166,0.879166,13601184,13.601184,109984,0.109984,31868019,31.868019,56213901,56.213901
504,retransmit_inputs,9760515,9.760515,383144,0.383144,1424372,1.424372,13595994,13.595994,108933,0.108933,30072933,30.072933,55435642,55.435642
505,retransmit_inputs,9678755,9.678755,215795,0.215795,913313,0.913313,13594141,13.594141,110996,0.110996,30317308,30.317308,54911654,54.911654
506,retransmit_inputs,8975035,8.975035,254420,0.25442,1354225,1.354225,13608169,13.608169,118296,0.118296,31180958,31.180958,55574693,55.574693
507,retransmit_inputs,8769994,8.769994,265231,0.265231,708135,0.708135,13602642,13.602642,113567,0.113567,30565756,30.565756,54082841,54.082841
508,retransmit_inputs,9590598,9.590598,573892,0.573892,1683790,1.68379,13597020,13.59702,113605,0.113605,30245515,30.245515,55901487,55.901487
509,retransmit_inputs,8907059,8.907059,252639,0.252639,1135035,1.135035,13607722,13.607722,112473,0.112473,30440115,30.440115,54516860,54.51686
510,retransmit_inputs,8867640,8.86764,418280,0.41828,1541377,1.541377,13603680,13.60368,110944,0.110944,30684684,30.684684,55315686,55.315686
511,retransmit_inputs,9439954,9.439954,581198,0.581198,1435354,1.435354,13600220,13.60022,114537,0.114537,30349052,30.349052,55617453,55.617453
512,retransmit_inputs,8958380,8.95838,304826,0.304826,970200,0.9702,13601565,13.601565,110840,0.11084,30499864,30.499864,54512856,54.512856
513,retransmit_inputs,9383783,9.383783,398774,0.398774,1042809,1.042809,13594815,13.594815,109852,0.109852,30257988,30.257988,54862169,54.862169
514,retransmit_inputs,9768520,9.76852,247938,0.247938,723375,0.723375,13594220,13.59422,110244,0.110244,31572861,31.572861,56086858,56.086858
515,retransmit_inputs,8914316,8.914316,253498,0.253498,1529723,1.529723,13598233,13.598233,111279,0.111279,36374700,36.3747,60873821,60.873821
516,retransmit_inputs,9205830,9.20583,400049,0.400049,815257,0.815257,13602306,13.602306,111063,0.111063,30883306,30.883306,55089869,55.089869
517,retransmit_inputs,9486635,9.486635,257717,0.257717,715164,0.715164,13598411,13.598411,110239,0.110239,30289564,30.289564,54519238,54.519238
518,retransmit_inputs,9578582,9.578582,364154,0.364154,777582,0.777582,13593157,13.593157,112040,0.11204,31949046,31.949046,56442141,56.442141
519,retransmit_inputs,9640191,9.640191,411380,0.41138,1192494,1.192494,13598880,13.59888,109961,0.109961,30937440,30.93744,55974498,55.974498
520,retransmit_inputs,9208179,9.208179,362142,0.362142,909710,0.90971,13597550,13.59755,119701,0.119701,30910539,30.910539,55175174,55.175174
521,retransmit_inputs,9532636,9.532636,486810,0.48681,1219561,1.219561,13594961,13.594961,109713,0.109713,30440432,30.440432,55468760,55.46876
522,retransmit_inputs,9132311,9.132311,210805,0.210805,702209,0.702209,13590667,13.590667,102395,0.102395,29623972,29.623972,53420421,53.420421
523,retransmit_inputs,9447022,9.447022,277481,0.277481,777275,0.777275,13595745,13.595745,110707,0.110707,30744953,30.744953,55026814,55.026814
524,retransmit_inputs,10166666,10.166666,571185,0.571185,1986610,1.98661,13598342,13.598342,128167,0.128167,30118917,30.118917,56674261,56.674261
525,retransmit_inputs,8883826,8.883826,388717,0.388717,1417731,1.417731,13617333,13.617333,112145,0.112145,30767277,30.767277,55271869,55.271869
526,retransmit_inputs,9190821,9.190821,479911,0.479911,1222180,1.22218,13608015,13.608015,114436,0.114436,32018724,32.018724,56713361,56.713361
527,retransmit_inputs,8913011,8.913011,179032,0.179032,1016854,1.016854,13628670,13.62867,124499,0.124499,31176269,31.176269,55103424,55.103424
528,retransmit_inputs,9444992,9.444992,249706,0.249706,843905,0.843905,13604450,13.60445,111904,0.111904,30610812,30.610812,54927461,54.927461
529,retransmit_inputs,9446376,9.446376,525580,0.52558,1613025,1.613025,13600155,13.600155,110548,0.110548,31101811,31.101811,56489055,56.489055
530,retransmit_inputs,9404246,9.404246,419038,0.419038,919983,0.919983,13594918,13.594918,110569,0.110569,31798810,31.79881,56323312,56.323312
531,retransmit_inputs,9273028,9.273028,396989,0.396989,876921,0.876921,13593661,13.593661,112013,0.112013,31033475,31.033475,55366812,55.366812
532,retransmit_inputs,9058049,9.058049,246561,0.246561,1075246,1.075246,13606448,13.606448,111605,0.111605,30344315,30.344315,54523107,54.523107
533,retransmit_inputs,9374391,9.374391,404595,0.404595,783772,0.783772,13602211,13.602211,126625,0.126625,31233674,31.233674,55603981,55.603981
534,retransmit_inputs,8848151,8.848151,226286,0.226286,1038950,1.03895,13597532,13.597532,112282,0.112282,30123278,30.123278,54009182,54.009182
535,retransmit_inputs,9157913,9.157913,244638,0.244638,907416,0.907416,13604679,13.604679,119710,0.11971,30610392,30.610392,54712575,54.712575
536,retransmit_inputs,9144134,9.144134,181699,0.181699,771365,0.771365,13593258,13.593258,115732,0.115732,30548208,30.548208,54418573,54.418573
537,retransmit_inputs,9011179,9.011179,373671,0.373671,1713339,1.713339,13598631,13.598631,109981,0.109981,31263687,31.263687,56163360,56.16336
538,retransmit_inputs,9803302,9.803302,567886,0.567886,1760918,1.760918,13605995,13.605995,128064,0.128064,30707730,30.70773,56665979,56.665979
539,retransmit_inputs,9688747,9.688747,418601,0.418601,1486645,1.486645,13606063,13.606063,113350,0.11335,31048554,31.048554,56448802,56.448802
540,retransmit_inputs,9076526,9.076526,255095,0.255095,983777,0.983777,13601413,13.601413,126562,0.126562,30880339,30.880339,54992779,54.992779
541,retransmit_inputs,9156485,9.156485,493864,0.493864,1282387,1.282387,13615334,13.615334,118593,0.118593,31178728,31.178728,55933867,55.933867
542,retransmit_inputs,8716800,8.7168,188367,0.188367,576748,0.576748,13593607,13.593607,122487,0.122487,31024254,31.024254,54287312,54.287312
543,retransmit_inputs,9340278,9.340278,258853,0.258853,817116,0.817116,13597764,13.597764,112644,0.112644,30381627,30.381627,54569336,54.569336
544,retransmit_inputs,9501915,9.501915,278740,0.27874,731094,0.731094,13595005,13.595005,111461,0.111461,38676237,38.676237,62960159,62.960159
545,retransmit_inputs,9078736,9.078736,301240,0.30124,869937,0.869937,13616262,13.616262,112313,0.112313,31591666,31.591666,55635832,55.635832
546,retransmit_inputs,8950139,8.950139,369251,0.369251,902303,0.902303,13604817,13.604817,110668,0.110668,30769388,30.769388,54772868,54.772868
547,retransmit_inputs,9868846,9.868846,439501,0.439501,947000,0.947,13601209,13.601209,110547,0.110547,30208165,30.208165,55262106,55.262106
548,retransmit_inputs,9185407,9.185407,399222,0.399222,989798,0.989798,13599403,13.599403,111649,0.111649,30729769,30.729769,55089789,55.089789
549,retransmit_inputs,9809587,9.809587,375480,0.37548,740421,0.740421,13599918,13.599918,135580,0.13558,32029523,32.029523,56763167,56.763167
550,retransmit_inputs,9066056,9.066056,331205,0.331205,1266666,1.266666,13596584,13.596584,109347,0.109347,32457661,32.457661,56903122,56.903122
551,retransmit_inputs,8923143,8.923143,341028,0.341028,834469,0.834469,13595955,13.595955,110353,0.110353,30618796,30.618796,54490638,54.490638
552,retransmit_inputs,9982982,9.982982,344012,0.344012,731214,0.731214,13602025,13.602025,111844,0.111844,30248410,30.24841,55117456,55.117456
553,retransmit_inputs,9554912,9.554912,381993,0.381993,928180,0.92818,13602751,13.602751,116702,0.116702,30782696,30.782696,55440372,55.440372
554,retransmit_inputs,9349108,9.349108,314864,0.314864,705293,0.705293,13591896,13.591896,109540,0.10954,30955137,30.955137,55099820,55.09982
555,retransmit_inputs,9515334,9.515334,253914,0.253914,1031170,1.03117,13599339,13.599339,111780,0.11178,30228790,30.22879,54815419,54.815419
556,retransmit_inputs,9376336,9.376336,211117,0.211117,671623,0.671623,13605082,13.605082,112495,0.112495,32243536,32.243536,56277508,56.277508
557,retransmit_inputs,9138500,9.1385,368807,0.368807,815075,0.815075,13604987,13.604987,112268,0.112268,30694990,30.69499,54818737,54.818737
558,retransmit_inputs,9393824,9.393824,394893,0.394893,1023959,1.023959,13602966,13.602966,110278,0.110278,30329484,30.329484,54929988,54.929988
559,retransmit_inputs,9066966,9.066966,324432,0.324432,766141,0.766141,13600151,13.600151,118657,0.118657,31474271,31.474271,55411897,55.411897
560,retransmit_inputs,8959953,8.959953,221117,0.221117,1054899,1.054899,13608963,13.608963,117924,0.117924,31248964,31.248964,55275597,55.275597
561,retransmit_inputs,9047594,9.047594,388735,0.388735,1126681,1.126681,13594911,13.594911,134989,0.134989,29248568,29.248568,53622103,53.622103
562,retransmit_inputs,9059740,9.05974,285335,0.285335,671153,0.671153,13595979,13.595979,142174,0.142174,29562318,29.562318,53385528,53.385528
563,retransmit_inputs,8815663,8.815663,298151,0.298151,748196,0.748196,13591354,13.591354,138995,0.138995,29358836,29.358836,53016008,53.016008
564,retransmit_inputs,9154289,9.154289,219033,0.219033,588303,0.588303,13590771,13.590771,106174,0.106174,29318233,29.318233,53036168,53.036168
565,retransmit_inputs,9443288,9.443288,275404,0.275404,650522,0.650522,13594376,13.594376,139992,0.139992,29375468,29.375468,53545780,53.54578
566,retransmit_inputs,8940335,8.940335,303549,0.303549,689400,0.6894,13589347,13.589347,107237,0.107237,29349075,29.349075,53046229,53.046229
567,retransmit_inputs,8759771,8.759771,358254,0.358254,1100994,1.100994,13596733,13.596733,140896,0.140896,29336116,29.336116,53377002,53.377002
568,retransmit_inputs,9354155,9.354155,401308,0.401308,1095440,1.09544,13602376,13.602376,147770,0.14777,32129118,32.129118,56821623,56.821623
569,retransmit_inputs,9223060,9.22306,230170,0.23017,1122749,1.122749,13600230,13.60023,151506,0.151506,29148508,29.148508,53556407,53.556407
570,retransmit_inputs,9179989,9.179989,256517,0.256517,1101715,1.101715,13593909,13.593909,101706,0.101706,29218398,29.218398,53549698,53.549698
571,retransmit_inputs,9238800,9.2388,343612,0.343612,1084967,1.084967,13600632,13.600632,129398,0.129398,32068815,32.068815,56553961,56.553961
572,retransmit_inputs,9024556,9.024556,233335,0.233335,703563,0.703563,13592653,13.592653,141321,0.141321,29621117,29.621117,53381034,53.381034
573,retransmit_inputs,9342781,9.342781,195547,0.195547,654432,0.654432,13589904,13.589904,101950,0.10195,29236057,29.236057,53181568,53.181568
574,retransmit_inputs,9527344,9.527344,386354,0.386354,1080862,1.080862,13595171,13.595171,101282,0.101282,29486991,29.486991,54268665,54.268665
575,retransmit_inputs,8754228,8.754228,157496,0.157496,651258,0.651258,13591356,13.591356,102418,0.102418,29378634,29.378634,52689793,52.689793
576,retransmit_inputs,8808916,8.808916,345678,0.345678,1111845,1.111845,13596567,13.596567,140101,0.140101,29460122,29.460122,53550285,53.550285
577,retransmit_inputs,8853878,8.853878,300967,0.300967,749222,0.749222,13593777,13.593777,111203,0.111203,31368035,31.368035,55044973,55.044973
578,retransmit_inputs,9141369,9.141369,261351,0.261351,743896,0.743896,13597478,13.597478,131439,0.131439,31268384,31.268384,55205988,55.205988
579,retransmit_inputs,9609276,9.609276,273376,0.273376,760594,0.760594,13600633,13.600633,124506,0.124506,30403806,30.403806,54852256,54.852256
580,retransmit_inputs,8995370,8.99537,223075,0.223075,1209686,1.209686,13599555,13.599555,111800,0.1118,30564710,30.56471,54772982,54.772982
581,retransmit_inputs,9168008,9.168008,408758,0.408758,928713,0.928713,13598329,13.598329,123347,0.123347,30783520,30.78352,55091223,55.091223
582,retransmit_inputs,9346656,9.346656,266782,0.266782,806039,0.806039,13595232,13.595232,110097,0.110097,30663311,30.663311,54869257,54.869257
583,retransmit_inputs,9121659,9.121659,403056,0.403056,940180,0.94018,13598248,13.598248,110643,0.110643,30236499,30.236499,54480740,54.48074
584,retransmit_inputs,9353856,9.353856,375354,0.375354,904491,0.904491,13600236,13.600236,113133,0.113133,30031713,30.031713,54454873,54.454873
585,retransmit_inputs,8916235,8.916235,275574,0.275574,780755,0.780755,13608332,13.608332,112767,0.112767,31260139,31.260139,55013446,55.013446
586,retransmit_inputs,8584267,8.584267,149652,0.149652,480533,0.480533,13590353,13.590353,104212,0.104212,31518672,31.518672,54470838,54.470838
587,retransmit_inputs,9496559,9.496559,266599,0.266599,1518038,1.518038,13594219,13.594219,111351,0.111351,29751232,29.751232,54829118,54.829118
588,retransmit_inputs,9350255,9.350255,323663,0.323663,696574,0.696574,13601538,13.601538,110853,0.110853,29436970,29.43697,53585566,53.585566
589,retransmit_inputs,9298536,9.298536,390326,0.390326,995271,0.995271,13599321,13.599321,112255,0.112255,30489457,30.489457,54956025,54.956025
590,retransmit_inputs,9179486,9.179486,335443,0.335443,1382277,1.382277,13602322,13.602322,109330,0.10933,31632972,31.632972,56371309,56.371309
591,retransmit_inputs,9199268,9.199268,334382,0.334382,889444,0.889444,13601692,13.601692,121507,0.121507,30341087,30.341087,54556525,54.556525
592,retransmit_inputs,10075845,10.075845,383680,0.38368,1395160,1.39516,13603960,13.60396,114792,0.114792,31343945,31.343945,57016152,57.016152
593,retransmit_inputs,8674668,8.674668,213588,0.213588,577491,0.577491,13591624,13.591624,101369,0.101369,28557101,28.557101,51766564,51.766564
594,retransmit_inputs,9526877,9.526877,375445,0.375445,1139762,1.139762,13598054,13.598054,140766,0.140766,28901064,28.901064,53772100,53.7721
595,retransmit_inputs,8968073,8.968073,161908,0.161908,629978,0.629978,13597017,13.597017,120848,0.120848,28831391,28.831391,52370688,52.370688
596,retransmit_inputs,8564380,8.56438,195689,0.195689,383510,0.38351,13586896,13.586896,101846,0.101846,28456378,28.456378,51330818,51.330818
597,retransmit_inputs,9261426,9.261426,190714,0.190714,641645,0.641645,13590555,13.590555,102728,0.102728,28577761,28.577761,52421430,52.42143
598,retransmit_inputs,8673265,8.673265,333238,0.333238,1122583,1.122583,13603687,13.603687,140526,0.140526,28548269,28.548269,52505747,52.505747
599,retransmit_inputs,8766601,8.766601,243490,0.24349,760314,0.760314,13590755,13.590755,139567,0.139567,28471509,28.471509,52034559,52.034559
600,retransmit_inputs,9155140,9.15514,385291,0.385291,1167045,1.167045,13597850,13.59785,140567,0.140567,28534632,28.534632,53065555,53.065555
601,retransmit_inputs,8900720,8.90072,270236,0.270236,768054,0.768054,13592932,13.592932,103105,0.103105,28474395,28.474395,52186809,52.186809
602,retransmit_inputs,9027274,9.027274,397682,0.397682,1184763,1.184763,13599492,13.599492,145220,0.14522,28532707,28.532707,52965769,52.965769
603,retransmit_inputs,8911484,8.911484,334092,0.334092,1111395,1.111395,13599855,13.599855,139915,0.139915,28462211,28.462211,52641798,52.641798
604,retransmit_inputs,9461740,9.46174,263607,0.263607,1096280,1.09628,13595464,13.595464,102861,0.102861,30570982,30.570982,55213766,55.213766
605,retransmit_inputs,8874456,8.874456,390663,0.390663,1109220,1.10922,13596747,13.596747,141475,0.141475,28688665,28.688665,52892724,52.892724
606,retransmit_inputs,9215223,9.215223,225790,0.22579,662588,0.662588,13593076,13.593076,101892,0.101892,29358066,29.358066,53218462,53.218462
607,retransmit_inputs,9463819,9.463819,253187,0.253187,635564,0.635564,13596059,13.596059,101871,0.101871,28818292,28.818292,52932180,52.93218
608,retransmit_inputs,9161720,9.16172,195014,0.195014,645446,0.645446,13595915,13.595915,129621,0.129621,28706108,28.706108,52493784,52.493784
609,retransmit_inputs,9155301,9.155301,197015,0.197015,960784,0.960784,13595932,13.595932,112073,0.112073,29388992,29.388992,53473886,53.473886
610,retransmit_inputs,9416030,9.41603,271325,0.271325,714654,0.714654,13595898,13.595898,113455,0.113455,29815461,29.815461,53994969,53.994969
611,retransmit_inputs,9127634,9.127634,418744,0.418744,1059708,1.059708,13597651,13.597651,104487,0.104487,28781336,28.781336,53173328,53.173328
612,retransmit_inputs,9199801,9.199801,396537,0.396537,1410613,1.410613,13592622,13.592622,110392,0.110392,29414941,29.414941,54207499,54.207499
613,retransmit_inputs,9437746,9.437746,502896,0.502896,966332,0.966332,13605397,13.605397,110764,0.110764,35682675,35.682675,60380301,60.380301
614,retransmit_inputs,9448500,9.4485,177457,0.177457,746948,0.746948,13602027,13.602027,112674,0.112674,31602525,31.602525,55750413,55.750413
615,retransmit_inputs,9349207,9.349207,248209,0.248209,761489,0.761489,13599881,13.599881,116249,0.116249,30012077,30.012077,54160833,54.160833
616,retransmit_inputs,8925960,8.92596,302642,0.302642,996832,0.996832,13602806,13.602806,120816,0.120816,29524016,29.524016,53543004,53.543004
617,retransmit_inputs,9153135,9.153135,310628,0.310628,1207929,1.207929,13607990,13.60799,130043,0.130043,29889990,29.88999,54402120,54.40212
618,retransmit_inputs,8968923,8.968923,237548,0.237548,897316,0.897316,13601066,13.601066,110390,0.11039,29890781,29.890781,53768094,53.768094
619,retransmit_inputs,9798393,9.798393,520245,0.520245,1368295,1.368295,13598325,13.598325,112036,0.112036,29332494,29.332494,54826863,54.826863
620,retransmit_inputs,9158708,9.158708,176958,0.176958,831290,0.83129,13600147,13.600147,112479,0.112479,29495123,29.495123,53435083,53.435083
621,retransmit_inputs,9181915,9.181915,261783,0.261783,1190147,1.190147,13603033,13.603033,125556,0.125556,29837334,29.837334,54261775,54.261775
622,retransmit_inputs,8841120,8.84112,265301,0.265301,875629,0.875629,13600607,13.600607,111761,0.111761,38442661,38.442661,62196388,62.196388
623,retransmit_inputs,8772667,8.772667,201068,0.201068,545243,0.545243,13602605,13.602605,124866,0.124866,40454620,40.45462,63765610,63.76561
624,retransmit_inputs,9394147,9.394147,197858,0.197858,534929,0.534929,13594961,13.594961,124653,0.124653,30427450,30.42745,54342977,54.342977
625,retransmit_inputs,8643296,8.643296,180643,0.180643,464545,0.464545,13592142,13.592142,116464,0.116464,33669116,33.669116,56719138,56.719138
626,retransmit_inputs,9197582,9.197582,430039,0.430039,1131103,1.131103,13605820,13.60582,124319,0.124319,29892419,29.892419,54463635,54.463635
627,retransmit_inputs,9053240,9.05324,297465,0.297465,704396,0.704396,13598110,13.59811,141012,0.141012,28640832,28.640832,52499360,52.49936
628,retransmit_inputs,8818384,8.818384,274943,0.274943,762565,0.762565,13595458,13.595458,111652,0.111652,29695355,29.695355,53323286,53.323286
629,retransmit_inputs,8842529,8.842529,270165,0.270165,495729,0.495729,13591784,13.591784,114277,0.114277,30890157,30.890157,54259825,54.259825
630,retransmit_inputs,9118591,9.118591,200906,0.200906,701839,0.701839,13592592,13.592592,142797,0.142797,28816893,28.816893,52637539,52.637539
631,retransmit_inputs,8882988,8.882988,192063,0.192063,489154,0.489154,13591643,13.591643,117187,0.117187,28503447,28.503447,51835054,51.835054
632,retransmit_inputs,8805559,8.805559,237242,0.237242,781627,0.781627,13606292,13.606292,113764,0.113764,29884510,29.88451,53496043,53.496043
633,retransmit_inputs,8908174,8.908174,266168,0.266168,1003232,1.003232,13604448,13.604448,114790,0.11479,29862907,29.862907,53829808,53.829808
634,retransmit_inputs,9540142,9.540142,262850,0.26285,1549693,1.549693,13603545,13.603545,112025,0.112025,31146807,31.146807,56307274,56.307274
635,retransmit_inputs,9134506,9.134506,531022,0.531022,1279932,1.279932,13607738,13.607738,110546,0.110546,29426727,29.426727,54180957,54.180957
636,retransmit_inputs,9280582,9.280582,558484,0.558484,1187769,1.187769,13601736,13.601736,110886,0.110886,33679661,33.679661,58516467,58.516467
637,retransmit_inputs,9519131,9.519131,383869,0.383869,1300782,1.300782,13602500,13.6025,112074,0.112074,29427340,29.42734,54425871,54.425871
638,retransmit_inputs,9576273,9.576273,267553,0.267553,688637,0.688637,13592723,13.592723,111989,0.111989,29356909,29.356909,53668360,53.66836
639,retransmit_inputs,8874240,8.87424,563547,0.563547,1330688,1.330688,13600145,13.600145,114323,0.114323,29482415,29.482415,54050415,54.050415
640,retransmit_inputs,8930234,8.930234,352792,0.352792,1201447,1.201447,13631531,13.631531,122503,0.122503,29576885,29.576885,53905703,53.905703
641,retransmit_inputs,9067354,9.067354,348882,0.348882,910192,0.910192,13594698,13.594698,110791,0.110791,29513827,29.513827,53612742,53.612742
642,retransmit_inputs,8899145,8.899145,346780,0.34678,833247,0.833247,13594340,13.59434,109681,0.109681,29367651,29.367651,53210533,53.210533
643,retransmit_inputs,9239085,9.239085,270257,0.270257,763562,0.763562,13595116,13.595116,116940,0.11694,29800374,29.800374,53849330,53.84933
644,retransmit_inputs,8901982,8.901982,163005,0.163005,854597,0.854597,13599321,13.599321,110168,0.110168,29625410,29.62541,53313815,53.313815
645,retransmit_inputs,9058006,9.058006,194850,0.19485,775210,0.77521,13603469,13.603469,109501,0.109501,29404392,29.404392,53220558,53.220558
646,retransmit_inputs,9565391,9.565391,238628,0.238628,721894,0.721894,13598959,13.598959,110685,0.110685,29546145,29.546145,53843732,53.843732
647,retransmit_inputs,8863948,8.863948,298649,0.298649,447076,0.447076,13590117,13.590117,112520,0.11252,29773323,29.773323,53139045,53.139045
648,retransmit_inputs,9718969,9.718969,477664,0.477664,1147384,1.147384,13603859,13.603859,110011,0.110011,31757589,31.757589,56901507,56.901507
649,retransmit_inputs,8580423,8.580423,193972,0.193972,510602,0.510602,13597439,13.597439,115769,0.115769,29258432,29.258432,52311277,52.311277
650,retransmit_inputs,9443039,9.443039,502767,0.502767,1118727,1.118727,13595410,13.59541,110461,0.110461,29685252,29.685252,54548005,54.548005
651,retransmit_inputs,9251607,9.251607,221797,0.221797,652202,0.652202,13602926,13.602926,114133,0.114133,29390859,29.390859,53295399,53.295399
652,retransmit_inputs,9495880,9.49588,279179,0.279179,1333094,1.333094,13602280,13.60228,111827,0.111827,29873956,29.873956,54791658,54.791658
653,retransmit_inputs,9116394,9.116394,193307,0.193307,815354,0.815354,13597160,13.59716,113770,0.11377,29426836,29.426836,53320403,53.320403
654,retransmit_inputs,8726586,8.726586,212695,0.212695,1118931,1.118931,13603040,13.60304,111505,0.111505,29544079,29.544079,53377575,53.377575
655,retransmit_inputs,9255293,9.255293,387947,0.387947,1144225,1.144225,13603467,13.603467,111059,0.111059,30119203,30.119203,54706089,54.706089
656,retransmit_inputs,9076939,9.076939,369394,0.369394,898528,0.898528,13595524,13.595524,110217,0.110217,29384682,29.384682,53498702,53.498702
657,retransmit_inputs,10052538,10.052538,589757,0.589757,1370917,1.370917,13605302,13.605302,114077,0.114077,29400009,29.400009,55237538,55.237538
658,retransmit_inputs,8947790,8.94779,231309,0.231309,705469,0.705469,13598467,13.598467,122311,0.122311,31376114,31.376114,55049954,55.049954
659,retransmit_inputs,9748063,9.748063,283821,0.283821,715379,0.715379,13595402,13.595402,114760,0.11476,29416574,29.416574,53962939,53.962939
660,retransmit_inputs,8772918,8.772918,313270,0.31327,1126129,1.126129,13603321,13.603321,112021,0.112021,29630331,29.630331,53637157,53.637157
661,retransmit_inputs,9363847,9.363847,288073,0.288073,1555559,1.555559,13603217,13.603217,119096,0.119096,30176602,30.176602,55223293,55.223293
662,retransmit_inputs,8889778,8.889778,324601,0.324601,1556560,1.55656,13605375,13.605375,115582,0.115582,30188366,30.188366,54766495,54.766495
663,retransmit_inputs,9274875,9.274875,241460,0.24146,847596,0.847596,13613794,13.613794,112067,0.112067,29343275,29.343275,53493794,53.493794
664,retransmit_inputs,9002452,9.002452,861211,0.861211,908546,0.908546,13591744,13.591744,111974,0.111974,30347567,30.347567,54905008,54.905008
665,retransmit_inputs,9606421,9.606421,335968,0.335968,758837,0.758837,13594447,13.594447,114660,0.11466,29877313,29.877313,54359680,54.35968
666,retransmit_inputs,9084167,9.084167,254494,0.254494,1117665,1.117665,13597755,13.597755,102048,0.102048,28534655,28.534655,52786861,52.786861
667,retransmit_inputs,8798826,8.798826,136936,0.136936,415083,0.415083,13596001,13.596001,115687,0.115687,28691430,28.69143,51813811,51.813811
668,retransmit_inputs,8662668,8.662668,248165,0.248165,1035744,1.035744,13596675,13.596675,141144,0.141144,28501998,28.501998,52260562,52.260562
669,retransmit_inputs,8820157,8.820157,339036,0.339036,1052842,1.052842,13596224,13.596224,141032,0.141032,28859709,28.859709,52890950,52.89095
670,retransmit_inputs,9506409,9.506409,283999,0.283999,818366,0.818366,13594484,13.594484,112977,0.112977,30193476,30.193476,54579984,54.579984
671,retransmit_inputs,9223627,9.223627,253628,0.253628,1005733,1.005733,13602479,13.602479,114625,0.114625,31047717,31.047717,55310259,55.310259
672,retransmit_inputs,9152292,9.152292,578985,0.578985,1288903,1.288903,13597024,13.597024,110692,0.110692,29505683,29.505683,54340854,54.340854
673,retransmit_inputs,9503749,9.503749,169894,0.169894,823576,0.823576,13597556,13.597556,113573,0.113573,29865157,29.865157,54162591,54.162591
674,retransmit_inputs,9574846,9.574846,408125,0.408125,1616914,1.616914,13593849,13.593849,110409,0.110409,29448918,29.448918,54844983,54.844983
675,retransmit_inputs,9008568,9.008568,314017,0.314017,1241066,1.241066,13596892,13.596892,109135,0.109135,29956418,29.956418,54308485,54.308485
676,retransmit_inputs,9753131,9.753131,498441,0.498441,701162,0.701162,13593036,13.593036,141702,0.141702,30130938,30.130938,54910037,54.910037
677,retransmit_inputs,9199050,9.19905,183174,0.183174,670010,0.67001,13598738,13.598738,119558,0.119558,30053673,30.053673,53884893,53.884893
678,retransmit_inputs,9897501,9.897501,402057,0.402057,1160974,1.160974,13599803,13.599803,111063,0.111063,33451706,33.451706,58713617,58.713617
679,retransmit_inputs,9616920,9.61692,457501,0.457501,1139775,1.139775,13594411,13.594411,123912,0.123912,28964378,28.964378,53992467,53.992467
680,retransmit_inputs,9092581,9.092581,210403,0.210403,810190,0.81019,13608337,13.608337,118716,0.118716,31101277,31.101277,55013438,55.013438
681,retransmit_inputs,9484832,9.484832,215295,0.215295,597976,0.597976,13594579,13.594579,139641,0.139641,28463889,28.463889,52554516,52.554516
682,retransmit_inputs,9228624,9.228624,198180,0.19818,479329,0.479329,13587916,13.587916,139814,0.139814,28867877,28.867877,52553511,52.553511
683,retransmit_inputs,8554297,8.554297,136245,0.136245,1346661,1.346661,13607336,13.607336,117620,0.11762,30026831,30.026831,53843716,53.843716
684,retransmit_inputs,9936218,9.936218,315947,0.315947,881505,0.881505,13593488,13.593488,109996,0.109996,29865825,29.865825,54780400,54.7804
685,retransmit_inputs,9359485,9.359485,195537,0.195537,600264,0.600264,13593180,13.59318,119357,0.119357,28752684,28.752684,52687080,52.68708
686,retransmit_inputs,9535942,9.535942,343552,0.343552,1024920,1.02492,13603260,13.60326,125238,0.125238,29910194,29.910194,54612584,54.612584
687,retransmit_inputs,9251990,9.25199,379386,0.379386,883289,0.883289,13597809,13.597809,110455,0.110455,29810752,29.810752,54105355,54.105355
688,retransmit_inputs,9555904,9.555904,249551,0.249551,853881,0.853881,13600565,13.600565,111075,0.111075,29547072,29.547072,53981821,53.981821
689,retransmit_inputs,9065662,9.065662,524214,0.524214,1485128,1.485128,13604615,13.604615,117541,0.117541,29680268,29.680268,54570094,54.570094
690,retransmit_inputs,8931267,8.931267,323917,0.323917,871010,0.87101,13604810,13.60481,113503,0.113503,29480478,29.480478,53401575,53.401575
691,retransmit_inputs,9506870,9.50687,262854,0.262854,1535566,1.535566,13596717,13.596717,117141,0.117141,29828352,29.828352,54930826,54.930826
692,retransmit_inputs,9863254,9.863254,387442,0.387442,750348,0.750348,13595747,13.595747,114783,0.114783,30458669,30.458669,55249043,55.249043
693,retransmit_inputs,9539934,9.539934,275040,0.27504,655891,0.655891,13590597,13.590597,146219,0.146219,28613527,28.613527,52888922,52.888922
694,retransmit_inputs,8791842,8.791842,241114,0.241114,740707,0.740707,13962327,13.962327,136562,0.136562,29437880,29.43788,53379229,53.379229
695,retransmit_inputs,9441897,9.441897,225593,0.225593,1148287,1.148287,13597335,13.597335,111590,0.11159,29398514,29.398514,53987425,53.987425
696,retransmit_inputs,9622551,9.622551,412386,0.412386,1266883,1.266883,13600707,13.600707,111547,0.111547,29641019,29.641019,54739677,54.739677
697,retransmit_inputs,9507259,9.507259,460124,0.460124,1361291,1.361291,13613312,13.613312,117155,0.117155,29577194,29.577194,54729361,54.729361
698,retransmit_inputs,9469213,9.469213,599567,0.599567,1334998,1.334998,13600495,13.600495,109922,0.109922,30163785,30.163785,55370429,55.370429
699,retransmit_inputs,9313382,9.313382,381893,0.381893,1385106,1.385106,13592877,13.592877,110055,0.110055,29537538,29.537538,54407188,54.407188
700,retransmit_inputs,9183490,9.18349,387592,0.387592,1207405,1.207405,13614054,13.614054,115346,0.115346,29864433,29.864433,54454315,54.454315
701,retransmit_inputs,8529048,8.529048,210865,0.210865,505541,0.505541,13603064,13.603064,120485,0.120485,29527040,29.52704,52543206,52.543206
702,retransmit_inputs,9626591,9.626591,266817,0.266817,702956,0.702956,13603851,13.603851,117705,0.117705,30048227,30.048227,54459047,54.459047
703,retransmit_inputs,9172704,9.172704,189380,0.18938,511744,0.511744,13590448,13.590448,116630,0.11663,29551820,29.55182,53187084,53.187084
704,retransmit_inputs,9155144,9.155144,435998,0.435998,942955,0.942955,13604771,13.604771,118550,0.11855,31232519,31.232519,55573433,55.573433
705,retransmit_inputs,9130545,9.130545,257067,0.257067,647121,0.647121,13596337,13.596337,141294,0.141294,28799201,28.799201,52636541,52.636541
706,retransmit_inputs,9255076,9.255076,253987,0.253987,1146820,1.14682,13602507,13.602507,129238,0.129238,28584825,28.584825,53053110,53.05311
707,retransmit_inputs,9507878,9.507878,279561,0.279561,1086558,1.086558,13594344,13.594344,102875,0.102875,28880336,28.880336,53541462,53.541462
708,retransmit_inputs,9549009,9.549009,255993,0.255993,1124785,1.124785,13594014,13.594014,100965,0.100965,28495930,28.49593,53202730,53.20273
709,retransmit_inputs,8756867,8.756867,247582,0.247582,851337,0.851337,13593473,13.593473,132659,0.132659,28545875,28.545875,52195605,52.195605
710,retransmit_inputs,8965791,8.965791,291127,0.291127,702252,0.702252,13596737,13.596737,101710,0.10171,28468141,28.468141,52189340,52.18934
711,retransmit_inputs,9210358,9.210358,194501,0.194501,1133639,1.133639,13602369,13.602369,112713,0.112713,29251829,29.251829,53568741,53.568741
712,retransmit_inputs,9111627,9.111627,231001,0.231001,881513,0.881513,13602308,13.602308,125219,0.125219,29890069,29.890069,53906282,53.906282
713,retransmit_inputs,9103345,9.103345,300778,0.300778,987765,0.987765,13600728,13.600728,114960,0.11496,29430447,29.430447,53614407,53.614407
714,retransmit_inputs,9622588,9.622588,226269,0.226269,907637,0.907637,13603875,13.603875,112380,0.11238,29381852,29.381852,53919301,53.919301
715,retransmit_inputs,9481038,9.481038,171355,0.171355,604332,0.604332,13597639,13.597639,111723,0.111723,29529037,29.529037,53553591,53.553591
716,retransmit_inputs,9588552,9.588552,536008,0.536008,1350836,1.350836,13603462,13.603462,109067,0.109067,30166275,30.166275,55438907,55.438907
717,retransmit_inputs,9590252,9.590252,351186,0.351186,855889,0.855889,13596692,13.596692,115178,0.115178,29658015,29.658015,54240791,54.240791
718,retransmit_inputs,9437043,9.437043,258770,0.25877,1369349,1.369349,13611972,13.611972,120013,0.120013,29773536,29.773536,54642433,54.642433
719,retransmit_inputs,8569384,8.569384,218074,0.218074,510532,0.510532,13596770,13.59677,111786,0.111786,29733993,29.733993,52785185,52.785185
720,retransmit_inputs,9207082,9.207082,205153,0.205153,932663,0.932663,13600895,13.600895,111832,0.111832,29578355,29.578355,53700188,53.700188
721,retransmit_inputs,9277056,9.277056,262256,0.262256,1007360,1.00736,13601854,13.601854,122666,0.122666,28671200,28.6712,53032039,53.032039
722,retransmit_inputs,9653547,9.653547,381007,0.381007,864003,0.864003,13604102,13.604102,111090,0.11109,29476079,29.476079,54163520,54.16352
723,retransmit_inputs,9652065,9.652065,187344,0.187344,710902,0.710902,13599891,13.599891,111624,0.111624,29915254,29.915254,54241201,54.241201
724,retransmit_inputs,9223450,9.22345,334789,0.334789,756789,0.756789,13596647,13.596647,116667,0.116667,30310226,30.310226,54403200,54.4032
725,retransmit_inputs,9211720,9.21172,343497,0.343497,853391,0.853391,13599676,13.599676,110960,0.11096,29157202,29.157202,53344144,53.344144
726,retransmit_inputs,9744916,9.744916,509896,0.509896,1160802,1.160802,13592933,13.592933,112911,0.112911,29726294,29.726294,54940661,54.940661
727,retransmit_inputs,9562199,9.562199,289701,0.289701,1146504,1.146504,13601911,13.601911,139914,0.139914,28532545,28.532545,53356444,53.356444
728,retransmit_inputs,9077303,9.077303,397632,0.397632,1098583,1.098583,13593998,13.593998,141520,0.14152,28803604,28.803604,53203430,53.20343
729,retransmit_inputs,9376552,9.376552,253511,0.253511,1128508,1.128508,13598908,13.598908,101703,0.101703,28418127,28.418127,52960299,52.960299
730,retransmit_inputs,9368381,9.368381,201359,0.201359,635758,0.635758,14934438,14.934438,145348,0.145348,30130488,30.130488,55488459,55.488459
731,retransmit_inputs,9623790,9.62379,561580,0.56158,1722927,1.722927,13601312,13.601312,113767,0.113767,29349939,29.349939,55074896,55.074896
732,retransmit_inputs,9812821,9.812821,362683,0.362683,756789,0.756789,13603225,13.603225,113627,0.113627,30642525,30.642525,55381603,55.381603
733,retransmit_inputs,9085448,9.085448,542033,0.542033,1696179,1.696179,13596006,13.596006,135958,0.135958,29603516,29.603516,54749340,54.74934
734,retransmit_inputs,9665598,9.665598,506249,0.506249,1423963,1.423963,13608366,13.608366,116066,0.116066,29552048,29.552048,54967427,54.967427
735,retransmit_inputs,9161027,9.161027,276251,0.276251,847729,0.847729,13604352,13.604352,112548,0.112548,29702495,29.702495,53766465,53.766465
736,retransmit_inputs,9073497,9.073497,282188,0.282188,917774,0.917774,13600844,13.600844,113094,0.113094,29481094,29.481094,53534778,53.534778
737,retransmit_inputs,8990921,8.990921,312088,0.312088,1351220,1.35122,13602101,13.602101,110776,0.110776,29592912,29.592912,54036564,54.036564
738,retransmit_inputs,9111153,9.111153,368311,0.368311,764331,0.764331,13617740,13.61774,115050,0.11505,29342192,29.342192,53385101,53.385101
739,retransmit_inputs,9758660,9.75866,193052,0.193052,559989,0.559989,13591345,13.591345,118760,0.11876,29141960,29.14196,53433295,53.433295
740,retransmit_inputs,9354582,9.354582,374092,0.374092,847516,0.847516,13599921,13.599921,112719,0.112719,29378325,29.378325,53743578,53.743578
741,retransmit_inputs,8832600,8.8326,404230,0.40423,980465,0.980465,13603784,13.603784,110430,0.11043,29368692,29.368692,53365893,53.365893
742,retransmit_inputs,9279907,9.279907,398723,0.398723,1115428,1.115428,13594496,13.594496,109873,0.109873,30806178,30.806178,55374006,55.374006
743,retransmit_inputs,9059686,9.059686,382551,0.382551,904160,0.90416,13593529,13.593529,131628,0.131628,30671117,30.671117,54812152,54.812152
744,retransmit_inputs,9471990,9.47199,168936,0.168936,752269,0.752269,13600919,13.600919,113906,0.113906,30023162,30.023162,54213769,54.213769
745,retransmit_inputs,8878895,8.878895,319710,0.31971,1424678,1.424678,13605936,13.605936,119267,0.119267,29782185,29.782185,54217139,54.217139
746,retransmit_inputs,9415094,9.415094,225367,0.225367,931806,0.931806,13601119,13.601119,113238,0.113238,30033929,30.033929,54384305,54.384305
747,retransmit_inputs,9325730,9.32573,200265,0.200265,812687,0.812687,13614610,13.61461,110677,0.110677,32490083,32.490083,56616322,56.616322
748,retransmit_inputs,9481564,9.481564,548974,0.548974,1549497,1.549497,13600175,13.600175,139234,0.139234,29967893,29.967893,55390886,55.390886
749,retransmit_inputs,8967773,8.967773,367258,0.367258,1076014,1.076014,13609213,13.609213,118951,0.118951,29739722,29.739722,53953434,53.953434
750,retransmit_inputs,9536534,9.536534,385233,0.385233,1586382,1.586382,13596774,13.596774,114287,0.114287,29434848,29.434848,54745256,54.745256
751,retransmit_inputs,8920234,8.920234,535716,0.535716,1641806,1.641806,13595594,13.595594,110000,0.11,29661668,29.661668,54553858,54.553858
752,retransmit_inputs,9555535,9.555535,375688,0.375688,823189,0.823189,13603833,13.603833,284860,0.28486,29808827,29.808827,54523445,54.523445
753,retransmit_inputs,9498425,9.498425,176007,0.176007,844351,0.844351,13603810,13.60381,111773,0.111773,30063083,30.063083,54369961,54.369961
754,retransmit_inputs,9698128,9.698128,376953,0.376953,848071,0.848071,13599176,13.599176,113763,0.113763,30058639,30.058639,54769840,54.76984
755,retransmit_inputs,8867095,8.867095,230158,0.230158,736910,0.73691,13598489,13.598489,106765,0.106765,28459748,28.459748,52061509,52.061509
756,retransmit_inputs,9548895,9.548895,394806,0.394806,1136807,1.136807,13595572,13.595572,140199,0.140199,28520379,28.520379,53422925,53.422925
757,retransmit_inputs,8648779,8.648779,154161,0.154161,387903,0.387903,13592060,13.59206,114365,0.114365,28531725,28.531725,51474944,51.474944
758,retransmit_inputs,8951748,8.951748,228757,0.228757,778694,0.778694,13591230,13.59123,140298,0.140298,28486161,28.486161,52240982,52.240982
759,retransmit_inputs,9058967,9.058967,237785,0.237785,1205436,1.205436,13598161,13.598161,129072,0.129072,28560723,28.560723,52870152,52.870152
760,retransmit_inputs,8901965,8.901965,381613,0.381613,1090662,1.090662,13600525,13.600525,139509,0.139509,28586523,28.586523,52786273,52.786273
761,retransmit_inputs,9308319,9.308319,279879,0.279879,694950,0.69495,13590903,13.590903,102220,0.10222,28515488,28.515488,52556048,52.556048
762,retransmit_inputs,9279757,9.279757,194897,0.194897,690318,0.690318,13591539,13.591539,102089,0.102089,28472382,28.472382,52389089,52.389089
763,retransmit_inputs,9346538,9.346538,226422,0.226422,669354,0.669354,13589722,13.589722,141541,0.141541,28523285,28.523285,52557543,52.557543
764,retransmit_inputs,9510338,9.510338,158665,0.158665,631741,0.631741,13597260,13.59726,139166,0.139166,28502735,28.502735,52601416,52.601416
765,retransmit_inputs,9461195,9.461195,275584,0.275584,637110,0.63711,13593196,13.593196,140526,0.140526,28556566,28.556566,52729764,52.729764
766,retransmit_inputs,9135125,9.135125,289217,0.289217,701513,0.701513,13591967,13.591967,139637,0.139637,31901107,31.901107,55825876,55.825876
767,retransmit_inputs,8906387,8.906387,299216,0.299216,697074,0.697074,13589666,13.589666,141026,0.141026,28412829,28.412829,52111790,52.11179
768,retransmit_inputs,9159217,9.159217,285643,0.285643,677426,0.677426,13593512,13.593512,138923,0.138923,28402948,28.402948,52327006,52.327006
769,retransmit_inputs,9211906,9.211906,294611,0.294611,883609,0.883609,13601742,13.601742,112275,0.112275,29852162,29.852162,54031117,54.031117
770,retransmit_inputs,9090610,9.09061,351089,0.351089,760556,0.760556,13600002,13.600002,123665,0.123665,30050032,30.050032,54040785,54.040785
771,retransmit_inputs,9259818,9.259818,198633,0.198633,694390,0.69439,13595866,13.595866,102982,0.102982,28930119,28.930119,52847623,52.847623
772,retransmit_inputs,8729578,8.729578,316646,0.316646,1181503,1.181503,13596583,13.596583,141010,0.14101,28694970,28.69497,52742113,52.742113
773,retransmit_inputs,9533654,9.533654,219205,0.219205,411368,0.411368,13587066,13.587066,140345,0.140345,28880433,28.880433,52822470,52.82247
774,retransmit_inputs,8888219,8.888219,238868,0.238868,704003,0.704003,13596437,13.596437,132410,0.13241,28772378,28.772378,52402113,52.402113
775,retransmit_inputs,8937330,8.93733,170583,0.170583,656214,0.656214,13603422,13.603422,113596,0.113596,29644921,29.644921,53186073,53.186073
776,retransmit_inputs,8861030,8.86103,247785,0.247785,916668,0.916668,13597606,13.597606,111364,0.111364,29397103,29.397103,53193160,53.19316
777,retransmit_inputs,8769628,8.769628,285069,0.285069,865306,0.865306,13594871,13.594871,110461,0.110461,29528245,29.528245,53214174,53.214174
778,retransmit_inputs,9200354,9.200354,434097,0.434097,1450181,1.450181,13610330,13.61033,111900,0.1119,29563294,29.563294,54461283,54.461283
779,retransmit_inputs,9101985,9.101985,225229,0.225229,760624,0.760624,13598027,13.598027,113599,0.113599,29621781,29.621781,53479763,53.479763
780,retransmit_inputs,9177905,9.177905,329129,0.329129,744548,0.744548,13595182,13.595182,111924,0.111924,30185423,30.185423,54206934,54.206934
781,retransmit_inputs,8856281,8.856281,307909,0.307909,1418992,1.418992,13607034,13.607034,124669,0.124669,29950044,29.950044,54337696,54.337696
782,retransmit_inputs,8609381,8.609381,244652,0.244652,789868,0.789868,13606774,13.606774,113921,0.113921,30027952,30.027952,53442855,53.442855
783,retransmit_inputs,8885807,8.885807,313801,0.313801,1013545,1.013545,13607417,13.607417,118429,0.118429,30579061,30.579061,54589306,54.589306
784,retransmit_inputs,8938935,8.938935,298233,0.298233,1463711,1.463711,13604175,13.604175,110538,0.110538,32368219,32.368219,56863709,56.863709
785,retransmit_inputs,9136331,9.136331,408743,0.408743,843904,0.843904,13604032,13.604032,112318,0.112318,29658087,29.658087,53833508,53.833508
786,retransmit_inputs,9261040,9.26104,419617,0.419617,885553,0.885553,13603094,13.603094,115588,0.115588,30902270,30.90227,55262345,55.262345
787,retransmit_inputs,9373210,9.37321,305300,0.3053,821631,0.821631,13603782,13.603782,111025,0.111025,30698878,30.698878,55001508,55.001508
788,retransmit_inputs,9359187,9.359187,402497,0.402497,1077757,1.077757,13599752,13.599752,129746,0.129746,29718993,29.718993,54366304,54.366304
789,retransmit_inputs,9101066,9.101066,383864,0.383864,1050338,1.050338,13596479,13.596479,113032,0.113032,29791914,29.791914,54124971,54.124971
790,retransmit_inputs,8969448,8.969448,376551,0.376551,1118429,1.118429,13602644,13.602644,101294,0.101294,28782438,28.782438,53038368,53.038368
791,retransmit_inputs,8962628,8.962628,170171,0.170171,451075,0.451075,13593829,13.593829,103198,0.103198,29001951,29.001951,52329759,52.329759
792,retransmit_inputs,9256722,9.256722,177532,0.177532,529833,0.529833,13593794,13.593794,140606,0.140606,28858474,28.858474,52610784,52.610784
793,retransmit_inputs,9156853,9.156853,240404,0.240404,1149506,1.149506,13600673,13.600673,126866,0.126866,36027639,36.027639,60388513,60.388513
794,retransmit_inputs,8783091,8.783091,252204,0.252204,529743,0.529743,13606672,13.606672,112312,0.112312,30293754,30.293754,53632452,53.632452
795,retransmit_inputs,9400421,9.400421,374557,0.374557,959381,0.959381,13605602,13.605602,126946,0.126946,30100127,30.100127,54640220,54.64022
796,retransmit_inputs,9529050,9.52905,371099,0.371099,941417,0.941417,13600711,13.600711,110682,0.110682,29818582,29.818582,54450224,54.450224
797,retransmit_inputs,9558075,9.558075,372154,0.372154,950382,0.950382,13599341,13.599341,109364,0.109364,29371052,29.371052,54031016,54.031016
798,retransmit_inputs,9814793,9.814793,352703,0.352703,860758,0.860758,13600862,13.600862,118485,0.118485,29417825,29.417825,54262753,54.262753
799,retransmit_inputs,9051681,9.051681,212340,0.21234,907399,0.907399,13597113,13.597113,110303,0.110303,29291584,29.291584,53232319,53.232319
800,retransmit_inputs,9644176,9.644176,336207,0.336207,742929,0.742929,13607038,13.607038,112988,0.112988,29851457,29.851457,54379518,54.379518
801,retransmit_inputs,9728611,9.728611,598159,0.598159,1992490,1.99249,13604176,13.604176,111850,0.11185,30150705,30.150705,56301373,56.301373
802,retransmit_inputs,8986908,8.986908,164500,0.1645,692004,0.692004,13596011,13.596011,138473,0.138473,38493465,38.493465,62129965,62.129965
803,retransmit_inputs,8754664,8.754664,168766,0.168766,475882,0.475882,13592408,13.592408,116522,0.116522,32340911,32.340911,55506875,55.506875
804,retransmit_inputs,8766789,8.766789,166747,0.166747,465976,0.465976,13599659,13.599659,129589,0.129589,30788068,30.788068,53970841,53.970841
805,retransmit_inputs,8805297,8.805297,208586,0.208586,504890,0.50489,13596841,13.596841,186710,0.18671,31136565,31.136565,54503621,54.503621
806,retransmit_inputs,9545488,9.545488,333877,0.333877,693167,0.693167,13598488,13.598488,109475,0.109475,31593157,31.593157,55943291,55.943291
807,retransmit_inputs,9106790,9.10679,231572,0.231572,747237,0.747237,13617986,13.617986,115427,0.115427,30143327,30.143327,54021581,54.021581
808,retransmit_inputs,8861966,8.861966,183363,0.183363,886105,0.886105,13593902,13.593902,111428,0.111428,30148319,30.148319,53845887,53.845887
809,retransmit_inputs,9315573,9.315573,200263,0.200263,837259,0.837259,13605357,13.605357,109874,0.109874,30613239,30.613239,54741169,54.741169
810,retransmit_inputs,9867215,9.867215,537517,0.537517,1718493,1.718493,13597816,13.597816,110152,0.110152,29501812,29.501812,55426692,55.426692
811,retransmit_inputs,8635217,8.635217,165128,0.165128,434625,0.434625,13591565,13.591565,116711,0.116711,28905955,28.905955,51902525,51.902525
812,retransmit_inputs,9066656,9.066656,162502,0.162502,743249,0.743249,13603288,13.603288,113014,0.113014,29539404,29.539404,53283989,53.283989
813,retransmit_inputs,9663343,9.663343,329751,0.329751,905349,0.905349,13603540,13.60354,110712,0.110712,29863290,29.86329,54547659,54.547659
814,retransmit_inputs,9647178,9.647178,340866,0.340866,1267166,1.267166,13595661,13.595661,111513,0.111513,30107747,30.107747,55152311,55.152311
815,retransmit_inputs,9350019,9.350019,346056,0.346056,966408,0.966408,13603725,13.603725,112494,0.112494,29743416,29.743416,54191008,54.191008
816,retransmit_inputs,9827559,9.827559,410225,0.410225,1325825,1.325825,13593391,13.593391,109316,0.109316,29410163,29.410163,54767369,54.767369
817,retransmit_inputs,9258351,9.258351,552080,0.55208,1511012,1.511012,13611422,13.611422,118623,0.118623,31040374,31.040374,56184316,56.184316
818,retransmit_inputs,8875242,8.875242,448724,0.448724,1321032,1.321032,13597874,13.597874,115447,0.115447,29833925,29.833925,54270123,54.270123
819,retransmit_inputs,9036820,9.03682,215113,0.215113,873576,0.873576,13599953,13.599953,111140,0.11114,29510558,29.510558,53411338,53.411338
820,retransmit_inputs,9777108,9.777108,377439,0.377439,925514,0.925514,13598176,13.598176,132976,0.132976,30064992,30.064992,54956975,54.956975
821,retransmit_inputs,8957106,8.957106,208145,0.208145,1026550,1.02655,13597003,13.597003,112585,0.112585,29349728,29.349728,53317244,53.317244
822,retransmit_inputs,10219453,10.219453,591564,0.591564,1495502,1.495502,13603109,13.603109,109984,0.109984,29661180,29.66118,55784991,55.784991
823,retransmit_inputs,9134040,9.13404,347782,0.347782,2937822,2.937822,13663148,13.663148,116017,0.116017,29423194,29.423194,55705740,55.70574
824,retransmit_inputs,9306792,9.306792,492476,0.492476,1501775,1.501775,13602949,13.602949,127488,0.127488,29976855,29.976855,55099312,55.099312
825,retransmit_inputs,9342779,9.342779,245801,0.245801,512817,0.512817,13588932,13.588932,101732,0.101732,28706055,28.706055,52553064,52.553064
826,retransmit_inputs,9017947,9.017947,256629,0.256629,1148731,1.148731,13599855,13.599855,101520,0.10152,29107553,29.107553,53365407,53.365407
827,retransmit_inputs,9077647,9.077647,288925,0.288925,730206,0.730206,13596054,13.596054,146261,0.146261,28773054,28.773054,52678293,52.678293
828,retransmit_inputs,9015370,9.01537,397737,0.397737,1250667,1.250667,13592762,13.592762,140186,0.140186,28747594,28.747594,53222288,53.222288
829,retransmit_inputs,8709281,8.709281,160792,0.160792,387793,0.387793,13587807,13.587807,114076,0.114076,28658333,28.658333,51666327,51.666327
830,retransmit_inputs,8982679,8.982679,176507,0.176507,707660,0.70766,13596161,13.596161,101440,0.10144,28732866,28.732866,52358285,52.358285
831,retransmit_inputs,9372578,9.372578,221708,0.221708,628366,0.628366,13598359,13.598359,101528,0.101528,28742542,28.742542,52741924,52.741924
832,retransmit_inputs,9486650,9.48665,375348,0.375348,1154011,1.154011,13595272,13.595272,139690,0.13969,28808708,28.808708,53655365,53.655365
833,retransmit_inputs,8828533,8.828533,379784,0.379784,1118172,1.118172,13598700,13.5987,139467,0.139467,28838069,28.838069,52986257,52.986257
834,retransmit_inputs,9046280,9.04628,228841,0.228841,689515,0.689515,13596453,13.596453,138913,0.138913,28980629,28.980629,52741618,52.741618
835,retransmit_inputs,8801845,8.801845,329667,0.329667,726962,0.726962,13592477,13.592477,102389,0.102389,28669318,28.669318,52285188,52.285188
836,retransmit_inputs,8963584,8.963584,300839,0.300839,705031,0.705031,13597828,13.597828,141218,0.141218,28827937,28.827937,52607309,52.607309
837,retransmit_inputs,8943454,8.943454,238063,0.238063,697114,0.697114,13594050,13.59405,130830,0.13083,28658790,28.65879,52323595,52.323595
838,retransmit_inputs,8952008,8.952008,295941,0.295941,692343,0.692343,13590301,13.590301,103655,0.103655,32097631,32.097631,55794620,55.79462
839,retransmit_inputs,9071944,9.071944,551826,0.551826,1625874,1.625874,13597116,13.597116,114140,0.11414,29668125,29.668125,54721278,54.721278
840,retransmit_inputs,9680401,9.680401,345666,0.345666,650139,0.650139,13603100,13.6031,112279,0.112279,30039469,30.039469,54500336,54.500336
841,retransmit_inputs,9483694,9.483694,254533,0.254533,1124697,1.124697,13602430,13.60243,107198,0.107198,28754861,28.754861,53440783,53.440783
842,retransmit_inputs,8889416,8.889416,276124,0.276124,659121,0.659121,13590555,13.590555,140067,0.140067,28798957,28.798957,52413496,52.413496
843,retransmit_inputs,9443758,9.443758,235949,0.235949,968882,0.968882,13603945,13.603945,114257,0.114257,29950415,29.950415,54395835,54.395835
844,retransmit_inputs,9187940,9.18794,533822,0.533822,974088,0.974088,13597553,13.597553,111144,0.111144,29501172,29.501172,54003569,54.003569
845,retransmit_inputs,8904905,8.904905,288599,0.288599,434685,0.434685,13599237,13.599237,111411,0.111411,30063883,30.063883,53458160,53.45816
846,retransmit_inputs,9315999,9.315999,301073,0.301073,1275231,1.275231,13604803,13.604803,112487,0.112487,29994000,29.994,54683650,54.68365
847,retransmit_inputs,9303858,9.303858,401672,0.401672,1163951,1.163951,16567086,16.567086,135879,0.135879,29383418,29.383418,57033767,57.033767
848,retransmit_inputs,8726187,8.726187,215302,0.215302,1101060,1.10106,13605355,13.605355,112333,0.112333,29417074,29.417074,53253520,53.25352
849,retransmit_inputs,8947099,8.947099,285369,0.285369,681307,0.681307,13595497,13.595497,143441,0.143441,28864566,28.864566,52582079,52.582079
850,retransmit_inputs,9432434,9.432434,272873,0.272873,659511,0.659511,13594894,13.594894,147139,0.147139,29230609,29.230609,53401909,53.401909
851,retransmit_inputs,8695725,8.695725,402757,0.402757,1124611,1.124611,13596586,13.596586,103191,0.103191,28997039,28.997039,53007023,53.007023
852,retransmit_inputs,8957405,8.957405,286590,0.28659,701184,0.701184,13589759,13.589759,141288,0.141288,29358160,29.35816,53098015,53.098015
853,retransmit_inputs,9130189,9.130189,168172,0.168172,713111,0.713111,13595713,13.595713,141280,0.14128,28841656,28.841656,52652574,52.652574
854,retransmit_inputs,9324155,9.324155,293013,0.293013,720872,0.720872,13599048,13.599048,140516,0.140516,29085367,29.085367,53234222,53.234222
855,retransmit_inputs,9471826,9.471826,358514,0.358514,1985393,1.985393,13593261,13.593261,110959,0.110959,30184653,30.184653,55794483,55.794483
856,retransmit_inputs,8964694,8.964694,231495,0.231495,834220,0.83422,13603374,13.603374,109883,0.109883,33988672,33.988672,57814176,57.814176
857,retransmit_inputs,10073242,10.073242,391290,0.39129,1244153,1.244153,13603981,13.603981,148615,0.148615,31401942,31.401942,56970675,56.970675
858,retransmit_inputs,8999070,8.99907,519150,0.51915,1004298,1.004298,13605871,13.605871,116374,0.116374,30278699,30.278699,54623897,54.623897
859,retransmit_inputs,9541762,9.541762,323284,0.323284,1036118,1.036118,13594504,13.594504,111500,0.1115,33019778,33.019778,57697746,57.697746
860,retransmit_inputs,8956951,8.956951,377393,0.377393,1964276,1.964276,13603814,13.603814,116550,0.11655,30873490,30.87349,55977625,55.977625
861,retransmit_inputs,9590439,9.590439,372696,0.372696,911557,0.911557,13602519,13.602519,109977,0.109977,29576008,29.576008,54241038,54.241038
862,retransmit_inputs,9527067,9.527067,197353,0.197353,946951,0.946951,13603673,13.603673,110421,0.110421,29646241,29.646241,54093254,54.093254
863,retransmit_inputs,9016271,9.016271,381538,0.381538,1391421,1.391421,13603752,13.603752,125922,0.125922,29788310,29.78831,54390529,54.390529
864,retransmit_inputs,9307759,9.307759,393943,0.393943,1052708,1.052708,13599784,13.599784,123696,0.123696,30193787,30.193787,54750705,54.750705
865,retransmit_inputs,8557308,8.557308,163364,0.163364,480673,0.480673,13591442,13.591442,121561,0.121561,29642526,29.642526,52609037,52.609037
866,retransmit_inputs,9123450,9.12345,407270,0.40727,940248,0.940248,13599296,13.599296,109443,0.109443,29980062,29.980062,54242006,54.242006
867,retransmit_inputs,9378156,9.378156,401820,0.40182,920878,0.920878,13596538,13.596538,110357,0.110357,29776899,29.776899,54259530,54.25953
868,retransmit_inputs,9250627,9.250627,176482,0.176482,772147,0.772147,13603190,13.60319,108743,0.108743,29441764,29.441764,53452431,53.452431
869,retransmit_inputs,9594965,9.594965,272483,0.272483,685680,0.68568,13594351,13.594351,109421,0.109421,31487600,31.4876,55805951,55.805951
870,retransmit_inputs,9308153,9.308153,345549,0.345549,776978,0.776978,13597518,13.597518,109841,0.109841,29315711,29.315711,53520437,53.520437
871,retransmit_inputs,9190664,9.190664,160469,0.160469,690108,0.690108,13602570,13.60257,109642,0.109642,29566551,29.566551,53378834,53.378834
872,retransmit_inputs,9084917,9.084917,342682,0.342682,1009526,1.009526,13601766,13.601766,109758,0.109758,29441467,29.441467,53679118,53.679118
873,retransmit_inputs,9374899,9.374899,375763,0.375763,874492,0.874492,13605617,13.605617,113056,0.113056,30190411,30.190411,54603457,54.603457
874,retransmit_inputs,9309430,9.30943,372148,0.372148,875846,0.875846,13594567,13.594567,118732,0.118732,30123901,30.123901,54468629,54.468629
875,retransmit_inputs,9579483,9.579483,479753,0.479753,1098110,1.09811,13602702,13.602702,110403,0.110403,29396307,29.396307,54378987,54.378987
876,retransmit_inputs,9376354,9.376354,238336,0.238336,618216,0.618216,13597001,13.597001,112589,0.112589,30172828,30.172828,54174022,54.174022
877,retransmit_inputs,8837333,8.837333,284830,0.28483,818811,0.818811,13592009,13.592009,117456,0.117456,29051332,29.051332,52768865,52.768865
878,retransmit_inputs,8659399,8.659399,246685,0.246685,557851,0.557851,13592170,13.59217,130365,0.130365,29989669,29.989669,53228083,53.228083
879,retransmit_inputs,8854359,8.854359,228519,0.228519,673855,0.673855,13589214,13.589214,140744,0.140744,29621625,29.621625,53167540,53.16754
880,retransmit_inputs,9460221,9.460221,254254,0.254254,844358,0.844358,13594212,13.594212,129360,0.12936,30210195,30.210195,54590826,54.590826
881,retransmit_inputs,9345742,9.345742,221167,0.221167,638757,0.638757,13592995,13.592995,141617,0.141617,28932736,28.932736,52938030,52.93803
882,retransmit_inputs,9064036,9.064036,406894,0.406894,1458623,1.458623,13597354,13.597354,111063,0.111063,30142213,30.142213,54853018,54.853018
883,retransmit_inputs,10549568,10.549568,142282,0.142282,444676,0.444676,13590508,13.590508,115343,0.115343,28686339,28.686339,53578694,53.578694
884,retransmit_inputs,9689792,9.689792,272433,0.272433,777183,0.777183,13602821,13.602821,120117,0.120117,29889658,29.889658,54420444,54.420444
885,retransmit_inputs,8967115,8.967115,456552,0.456552,1123921,1.123921,13601960,13.60196,110817,0.110817,29584332,29.584332,53927917,53.927917
886,retransmit_inputs,9756396,9.756396,506061,0.506061,1208739,1.208739,13594851,13.594851,109813,0.109813,30041032,30.041032,55315642,55.315642
887,retransmit_inputs,9303370,9.30337,540291,0.540291,1348523,1.348523,13599467,13.599467,112217,0.112217,29575410,29.57541,54580894,54.580894
888,retransmit_inputs,9434215,9.434215,368272,0.368272,1365110,1.36511,13607402,13.607402,111381,0.111381,29940823,29.940823,54911077,54.911077
889,retransmit_inputs,9152775,9.152775,462663,0.462663,1547702,1.547702,13602955,13.602955,112373,0.112373,29310103,29.310103,54278046,54.278046
890,retransmit_inputs,8980022,8.980022,542482,0.542482,1780915,1.780915,13593368,13.593368,109078,0.109078,29892298,29.892298,54984677,54.984677
891,retransmit_inputs,9850172,9.850172,329402,0.329402,710059,0.710059,13596363,13.596363,117943,0.117943,29845238,29.845238,54522903,54.522903
892,retransmit_inputs,9284867,9.284867,240184,0.240184,845977,0.845977,13595597,13.595597,120431,0.120431,29392961,29.392961,53547099,53.547099
893,retransmit_inputs,8788587,8.788587,241407,0.241407,948186,0.948186,13604161,13.604161,111175,0.111175,29488554,29.488554,53244242,53.244242
894,retransmit_inputs,9271406,9.271406,402051,0.402051,898328,0.898328,13597456,13.597456,110920,0.11092,29725938,29.725938,54079219,54.079219
895,retransmit_inputs,9610272,9.610272,316292,0.316292,725382,0.725382,13597506,13.597506,120615,0.120615,29362595,29.362595,53804508,53.804508
896,retransmit_inputs,9140640,9.14064,209574,0.209574,939697,0.939697,13607522,13.607522,118591,0.118591,30393693,30.393693,54475081,54.475081
897,retransmit_inputs,9547924,9.547924,312200,0.3122,708791,0.708791,13594661,13.594661,110390,0.11039,29683086,29.683086,54021685,54.021685
898,retransmit_inputs,9532991,9.532991,205499,0.205499,1149779,1.149779,13609415,13.609415,124072,0.124072,30552250,30.55225,55232500,55.2325
899,retransmit_inputs,8567617,8.567617,216152,0.216152,399202,0.399202,13591282,13.591282,136195,0.136195,29404896,29.404896,52362864,52.362864
900,retransmit_inputs,8718826,8.718826,227070,0.22707,735994,0.735994,13593713,13.593713,140780,0.14078,28971932,28.971932,52451759,52.451759
901,retransmit_inputs,8602037,8.602037,141737,0.141737,390785,0.390785,13600910,13.60091,123689,0.123689,30629101,30.629101,53540406,53.540406
902,retransmit_inputs,9495787,9.495787,165658,0.165658,681860,0.68186,13599018,13.599018,113746,0.113746,29533299,29.533299,53674231,53.674231
903,retransmit_inputs,8823140,8.82314,303599,0.303599,1274692,1.274692,13605590,13.60559,135390,0.13539,30562000,30.562,54782081,54.782081
904,retransmit_inputs,9049568,9.049568,177755,0.177755,853587,0.853587,13599343,13.599343,112233,0.112233,29962628,29.962628,53818206,53.818206
905,retransmit_inputs,9509998,9.509998,291257,0.291257,1002531,1.002531,13596102,13.596102,109812,0.109812,29547940,29.54794,54131898,54.131898
906,retransmit_inputs,10039280,10.03928,336217,0.336217,1257860,1.25786,13597288,13.597288,109696,0.109696,30232049,30.232049,55672591,55.672591
907,retransmit_inputs,10096312,10.096312,579309,0.579309,1298814,1.298814,13598037,13.598037,110072,0.110072,29760962,29.760962,55544709,55.544709
908,retransmit_inputs,9191291,9.191291,403189,0.403189,1152181,1.152181,13597757,13.597757,110580,0.11058,30270066,30.270066,54810636,54.810636
909,retransmit_inputs,9290671,9.290671,263696,0.263696,971773,0.971773,13608199,13.608199,110396,0.110396,30119932,30.119932,54433145,54.433145
910,retransmit_inputs,9034634,9.034634,230185,0.230185,1340369,1.340369,13601014,13.601014,134404,0.134404,30306541,30.306541,54729624,54.729624
911,retransmit_inputs,8950829,8.950829,309586,0.309586,974875,0.974875,13599471,13.599471,113787,0.113787,30078732,30.078732,54095452,54.095452
912,retransmit_inputs,8558163,8.558163,192281,0.192281,474597,0.474597,13593650,13.59365,114201,0.114201,29523963,29.523963,52500229,52.500229
913,retransmit_inputs,9470880,9.47088,173805,0.173805,797035,0.797035,13601650,13.60165,128851,0.128851,30534764,30.534764,54777330,54.77733
914,retransmit_inputs,9375979,9.375979,262966,0.262966,810798,0.810798,13600457,13.600457,115193,0.115193,30957667,30.957667,55187000,55.187
915,retransmit_inputs,9812939,9.812939,346145,0.346145,809910,0.80991,13593575,13.593575,109993,0.109993,31433456,31.433456,56183846,56.183846
916,retransmit_inputs,9344027,9.344027,355350,0.35535,947804,0.947804,13612644,13.612644,112271,0.112271,29901000,29.901,54342671,54.342671
917,retransmit_inputs,8518628,8.518628,185790,0.18579,465864,0.465864,13601515,13.601515,114490,0.11449,29814402,29.814402,52745275,52.745275
918,retransmit_inputs,9159590,9.15959,220108,0.220108,922560,0.92256,13600716,13.600716,113826,0.113826,29667362,29.667362,53759809,53.759809
919,retransmit_inputs,8674974,8.674974,147811,0.147811,495635,0.495635,13595116,13.595116,114164,0.114164,29333771,29.333771,52413854,52.413854
920,retransmit_inputs,9216519,9.216519,468307,0.468307,1385443,1.385443,13601879,13.601879,110667,0.110667,29495631,29.495631,54367019,54.367019
921,retransmit_inputs,9392843,9.392843,535321,0.535321,1360110,1.36011,13593046,13.593046,111354,0.111354,29403356,29.403356,54503085,54.503085
922,retransmit_inputs,9405054,9.405054,380788,0.380788,1220601,1.220601,13592650,13.59265,110353,0.110353,29721271,29.721271,54514115,54.514115
923,retransmit_inputs,9675148,9.675148,452951,0.452951,1159865,1.159865,13605479,13.605479,109233,0.109233,29471449,29.471449,54565703,54.565703
924,retransmit_inputs,9448527,9.448527,202379,0.202379,773549,0.773549,13599525,13.599525,110479,0.110479,30049984,30.049984,54260088,54.260088
925,retransmit_inputs,9519087,9.519087,285210,0.28521,1317178,1.317178,13598095,13.598095,124790,0.12479,29699144,29.699144,54621433,54.621433
926,retransmit_inputs,9729203,9.729203,316989,0.316989,1210327,1.210327,13600912,13.600912,109905,0.109905,30260045,30.260045,55316177,55.316177
927,retransmit_inputs,9283287,9.283287,398570,0.39857,907759,0.907759,13602990,13.60299,110025,0.110025,29486559,29.486559,53862259,53.862259
928,retransmit_inputs,8866740,8.86674,945916,0.945916,1392603,1.392603,13600221,13.600221,123289,0.123289,29594159,29.594159,54621626,54.621626
929,retransmit_inputs,9227851,9.227851,187036,0.187036,869308,0.869308,13604764,13.604764,119196,0.119196,30029441,30.029441,54100864,54.100864
930,retransmit_inputs,8864143,8.864143,229225,0.229225,745982,0.745982,13592964,13.592964,112506,0.112506,29929755,29.929755,53536572,53.536572
931,retransmit_inputs,9662694,9.662694,466421,0.466421,1313814,1.313814,13599778,13.599778,121144,0.121144,31272842,31.272842,56536079,56.536079
932,retransmit_inputs,9720647,9.720647,403591,0.403591,1303807,1.303807,13603059,13.603059,119161,0.119161,31099446,31.099446,56331205,56.331205
933,retransmit_inputs,8915378,8.915378,284555,0.284555,1081471,1.081471,13607131,13.607131,114609,0.114609,30274788,30.274788,54360761,54.360761
934,retransmit_inputs,9107227,9.107227,303969,0.303969,986292,0.986292,13598975,13.598975,113634,0.113634,30306893,30.306893,54485575,54.485575
935,retransmit_inputs,8801151,8.801151,403822,0.403822,1529951,1.529951,13597936,13.597936,113163,0.113163,29970641,29.970641,54501740,54.50174
936,retransmit_inputs,9292046,9.292046,234975,0.234975,720255,0.720255,13602055,13.602055,109246,0.109246,32503557,32.503557,56526209,56.526209
937,retransmit_inputs,9649801,9.649801,275866,0.275866,418828,0.418828,13594813,13.594813,112160,0.11216,29724813,29.724813,53841705,53.841705
938,retransmit_inputs,9210182,9.210182,449895,0.449895,917436,0.917436,13595404,13.595404,110193,0.110193,30176250,30.17625,54552878,54.552878
939,retransmit_inputs,9087673,9.087673,369734,0.369734,856167,0.856167,13592406,13.592406,109651,0.109651,29675814,29.675814,53753765,53.753765
940,retransmit_inputs,9962110,9.96211,491843,0.491843,1344516,1.344516,13605519,13.605519,116919,0.116919,29691358,29.691358,55309914,55.309914
941,retransmit_inputs,8935150,8.93515,522326,0.522326,1537280,1.53728,13596078,13.596078,110470,0.11047,29415039,29.415039,54204385,54.204385
942,retransmit_inputs,9286320,9.28632,493540,0.49354,1009540,1.00954,13601114,13.601114,113882,0.113882,29795093,29.795093,54386363,54.386363
943,retransmit_inputs,9387582,9.387582,421463,0.421463,1065840,1.06584,13604917,13.604917,111149,0.111149,29587889,29.587889,54253891,54.253891
944,retransmit_inputs,9558856,9.558856,310784,0.310784,963411,0.963411,13599923,13.599923,110100,0.1101,31952483,31.952483,56556672,56.556672
945,retransmit_inputs,9784334,9.784334,287747,0.287747,834008,0.834008,13602178,13.602178,108856,0.108856,31127421,31.127421,55819191,55.819191
946,retransmit_inputs,9222677,9.222677,218399,0.218399,712611,0.712611,13599191,13.599191,110931,0.110931,29703944,29.703944,53630442,53.630442
947,retransmit_inputs,9633826,9.633826,324780,0.32478,785462,0.785462,13601849,13.601849,109918,0.109918,29503718,29.503718,54023773,54.023773
948,retransmit_inputs,8882790,8.88279,311159,0.311159,520939,0.520939,13603223,13.603223,113450,0.11345,33882006,33.882006,57373952,57.373952
949,retransmit_inputs,8590276,8.590276,189441,0.189441,388294,0.388294,13588267,13.588267,129036,0.129036,30008001,30.008001,52940642,52.940642
950,retransmit_inputs,9236439,9.236439,184166,0.184166,649839,0.649839,13590855,13.590855,140503,0.140503,28747894,28.747894,52609491,52.609491
951,retransmit_inputs,8779098,8.779098,376736,0.376736,1176668,1.176668,13596978,13.596978,113623,0.113623,29866615,29.866615,53999785,53.999785
952,retransmit_inputs,9450106,9.450106,454039,0.454039,1248700,1.2487,13599952,13.599952,109581,0.109581,29054013,29.054013,54005985,54.005985
953,retransmit_inputs,8907361,8.907361,275254,0.275254,859916,0.859916,13596726,13.596726,113731,0.113731,30199231,30.199231,54033682,54.033682
954,retransmit_inputs,9333946,9.333946,571578,0.571578,1535515,1.535515,13592126,13.592126,110280,0.11028,31879463,31.879463,57117583,57.117583
955,retransmit_inputs,9655283,9.655283,379886,0.379886,1262183,1.262183,13594814,13.594814,112120,0.11212,29600240,29.60024,54693628,54.693628
956,retransmit_inputs,8749297,8.749297,286371,0.286371,986144,0.986144,13597700,13.5977,102827,0.102827,28707363,28.707363,52491644,52.491644
957,retransmit_inputs,9396451,9.396451,175112,0.175112,632206,0.632206,13597010,13.59701,140744,0.140744,28679242,28.679242,52694266,52.694266
958,retransmit_inputs,9030224,9.030224,256069,0.256069,576824,0.576824,13591832,13.591832,138998,0.138998,29216782,29.216782,52868761,52.868761
959,retransmit_inputs,9502308,9.502308,378418,0.378418,1135667,1.135667,13594293,13.594293,102750,0.10275,28678090,28.67809,53485792,53.485792
960,retransmit_inputs,8930501,8.930501,183074,0.183074,738193,0.738193,13590377,13.590377,100989,0.100989,29049768,29.049768,52655356,52.655356
961,retransmit_inputs,8717961,8.717961,216115,0.216115,659532,0.659532,13589647,13.589647,144254,0.144254,28784521,28.784521,52172017,52.172017
962,retransmit_inputs,8956153,8.956153,198025,0.198025,713136,0.713136,13595319,13.595319,139140,0.13914,29125328,29.125328,52787246,52.787246
963,retransmit_inputs,8858533,8.858533,314815,0.314815,767312,0.767312,13590934,13.590934,141318,0.141318,28784358,28.784358,52526319,52.526319
964,retransmit_inputs,9256186,9.256186,141957,0.141957,487896,0.487896,13600952,13.600952,121999,0.121999,29631638,29.631638,53298435,53.298435
965,retransmit_inputs,9513628,9.513628,465942,0.465942,1331781,1.331781,13596065,13.596065,113499,0.113499,29592826,29.592826,54703042,54.703042
966,retransmit_inputs,9505058,9.505058,194406,0.194406,657441,0.657441,13592068,13.592068,108962,0.108962,30105755,30.105755,54224709,54.224709
967,retransmit_inputs,10026996,10.026996,164826,0.164826,582313,0.582313,13597021,13.597021,123159,0.123159,30402502,30.402502,54961821,54.961821
968,retransmit_inputs,9051924,9.051924,302561,0.302561,1384015,1.384015,13601725,13.601725,109616,0.109616,29744030,29.74403,54280034,54.280034
969,retransmit_inputs,9595432,9.595432,541970,0.54197,1887608,1.887608,13601526,13.601526,109714,0.109714,29563063,29.563063,55393980,55.39398
970,retransmit_inputs,9631403,9.631403,245666,0.245666,779386,0.779386,13600808,13.600808,110222,0.110222,29458549,29.458549,53896591,53.896591
971,retransmit_inputs,9781147,9.781147,331708,0.331708,798385,0.798385,13596649,13.596649,109805,0.109805,29505744,29.505744,54191890,54.19189
972,retransmit_inputs,9498143,9.498143,232958,0.232958,624942,0.624942,13592953,13.592953,108866,0.108866,30293157,30.293157,54408943,54.408943
973,retransmit_inputs,9858081,9.858081,363415,0.363415,988404,0.988404,13608441,13.608441,115074,0.115074,31267018,31.267018,56274424,56.274424
974,retransmit_inputs,9463629,9.463629,141080,0.14108,727873,0.727873,13605676,13.605676,114529,0.114529,29785580,29.78558,53901661,53.901661
975,retransmit_inputs,9662448,9.662448,158667,0.158667,575484,0.575484,13594400,13.5944,123300,0.1233,29939520,29.93952,54115689,54.115689
976,retransmit_inputs,9068969,9.068969,365257,0.365257,948619,0.948619,13593699,13.593699,114635,0.114635,29683299,29.683299,53841364,53.841364
977,retransmit_inputs,9879001,9.879001,474362,0.474362,1320361,1.320361,13603035,13.603035,110730,0.11073,30918021,30.918021,56403441,56.403441
978,retransmit_inputs,9203910,9.20391,421879,0.421879,1054993,1.054993,13600166,13.600166,109900,0.1099,29753969,29.753969,54222325,54.222325
979,retransmit_inputs,9337188,9.337188,422649,0.422649,1051909,1.051909,13595819,13.595819,110141,0.110141,29474508,29.474508,54069411,54.069411
980,retransmit_inputs,9708467,9.708467,389484,0.389484,786555,0.786555,13602436,13.602436,114452,0.114452,31490096,31.490096,56165232,56.165232
981,retransmit_inputs,9937433,9.937433,421609,0.421609,1344521,1.344521,13601509,13.601509,113416,0.113416,34049771,34.049771,59564938,59.564938
982,retransmit_inputs,9337127,9.337127,156126,0.156126,629513,0.629513,13599226,13.599226,118128,0.118128,31793576,31.793576,55697089,55.697089
983,retransmit_inputs,8697652,8.697652,182973,0.182973,469066,0.469066,13650359,13.650359,127295,0.127295,30716910,30.71691,53912418,53.912418
984,retransmit_inputs,8618359,8.618359,139412,0.139412,520799,0.520799,13600094,13.600094,116117,0.116117,34090144,34.090144,57139821,57.139821
985,retransmit_inputs,9234182,9.234182,305057,0.305057,1401673,1.401673,13608406,13.608406,110716,0.110716,29846525,29.846525,54587620,54.58762
986,retransmit_inputs,9266287,9.266287,415452,0.415452,1186820,1.18682,13598812,13.598812,109818,0.109818,29665334,29.665334,54321800,54.3218
987,retransmit_inputs,9585320,9.58532,288460,0.28846,828038,0.828038,13606093,13.606093,115160,0.11516,31214992,31.214992,55723291,55.723291
988,retransmit_inputs,9079798,9.079798,273796,0.273796,522367,0.522367,13597583,13.597583,117046,0.117046,30353999,30.353999,54017672,54.017672
989,retransmit_inputs,9531944,9.531944,214390,0.21439,896156,0.896156,13607487,13.607487,120571,0.120571,30052065,30.052065,54501511,54.501511
990,retransmit_inputs,8877460,8.87746,408389,0.408389,1503341,1.503341,13598916,13.598916,116234,0.116234,29320251,29.320251,53915322,53.915322
991,retransmit_inputs,9486136,9.486136,335778,0.335778,829597,0.829597,13617046,13.617046,122479,0.122479,29961584,29.961584,54423251,54.423251
992,retransmit_inputs,9250114,9.250114,222596,0.222596,934336,0.934336,13603254,13.603254,110862,0.110862,33405665,33.405665,57593215,57.593215
993,retransmit_inputs,9390436,9.390436,370618,0.370618,731093,0.731093,13607355,13.607355,113369,0.113369,29551617,29.551617,53837800,53.8378
994,retransmit_inputs,9131978,9.131978,286931,0.286931,891647,0.891647,13611243,13.611243,111694,0.111694,30121590,30.12159,54221515,54.221515
995,retransmit_inputs,9345367,9.345367,293590,0.29359,697175,0.697175,13604964,13.604964,120833,0.120833,29973499,29.973499,54097186,54.097186
996,retransmit_inputs,8882025,8.882025,314968,0.314968,1001137,1.001137,13594448,13.594448,111882,0.111882,30846916,30.846916,54818921,54.818921
997,retransmit_inputs,9509860,9.50986,374934,0.374934,838221,0.838221,13593949,13.593949,114159,0.114159,29918767,29.918767,54421671,54.421671
998,retransmit_inputs,9420750,9.42075,207266,0.207266,806159,0.806159,13594214,13.594214,111701,0.111701,29537068,29.537068,53765830,53.76583
999,retransmit_inputs,9369667,9.369667,294740,0.29474,815478,0.815478,13600134,13.600134,123751,0.123751,33815748,33.815748,58090622,58.090622
