task,file,size_bytes,sha256,git_archived
D1,experiments/data/D1_cpu_kernel/cpu_benchmark_environment.json,4626,d6e52e8a16f86dd05b45b4e7919a8c4423d84edd8571a5ce76f0d1556494b486,True
D1,experiments/data/D1_cpu_kernel/cpu_kernel_latency_raw.csv,210199,ad0d81e68c935807d6654a7ac72628bba5f78270dd5ba5c5faba867f46aab42e,True
D1,experiments/data/D1_cpu_kernel/cpu_kernel_latency_summary.json,2263,d09a1f39f43d18f799b061cc0bc6d0e08bcfde1d89aae790b1c14e1e682d55a2,True
D1,experiments/data/D1_cpu_kernel/raw/double_multi_thread.csv,31857,fcf47a395c574e9e40063a8a4ec8da7b32d676ff17d65abbfe69277a49518e22,True
D1,experiments/data/D1_cpu_kernel/raw/double_single_thread.csv,32841,aba00a9c9896ba4b822d98f76db8cd563e434f64fcb9fef84a57592a94a90725,True
D1,experiments/data/D1_cpu_kernel/raw/double_single_thread_rerun_20260803.csv,32846,cea92a6bcaebad3122f213fe520f752fbf5a870d2379ea3af8e164c321e91fc2,True
D1,experiments/data/D1_cpu_kernel/raw/single_multi_thread.csv,31828,3b81d86a99a9a2505ff18d1e740415942ab957c4302ebd08cda6ea9b6ec610bf,True
D1,experiments/data/D1_cpu_kernel/raw/single_single_thread.csv,31839,94ba60770c31f487679f5cc9bd087782ec4da5689d206d233d030636ff86084c,True
D2,experiments/data/D2_fpga_kernel/HARDWARE_COUNTER_BLOCKER.json,324,9b46c8a36e19c9f29237f026e279bdd3fbaef6c51f984adafa9bef2ec58feb2b,True
D2,experiments/data/D2_fpga_kernel/fpga_kernel_host_wall_raw.csv,46853,ca8d46e0e1da748a76c94dfffa382f2b59317e366cb3956a8957c486e1ea69f7,True
D2,experiments/data/D2_fpga_kernel/fpga_kernel_latency_summary.json,1084,9151dae5845f25bd9921a66c714fa02a3422ba800ef4a9e71dd358fa474adcc7,True
D3,experiments/data/D3_end_to_end/batch_throughput.csv,559,024e5032facc2aef4cf0face122bd072c58eed8a5fa9728da56391b752112dfd,True
D3,experiments/data/D3_end_to_end/cpu_e2e_latency_raw.csv,72836,56879dc983a31b22cb29b13a9db15aa480aa16291eaadae4b7466adcbc056408,True
D3,experiments/data/D3_end_to_end/end_to_end_environment.json,403,6533e180a76a0ba5debc8cafe58927a049d694755423f50cc3c85c8c2ceb831c,True
D3,experiments/data/D3_end_to_end/end_to_end_latency_summary.json,2192,d5e2261df49cf58d86ee6716353c011f60e2c9b11e17788e99f1761a302f3bac,True
D3,experiments/data/D3_end_to_end/fpga_e2e_latency_raw.csv,254203,abd2af4b488e9133855b6c225fd69f2523037a58b81dd7533606ac51ee50a633,True
D3,experiments/data/D3_end_to_end/fpga_e2e_stage_breakdown.csv,1613,2432d9c26910b413d8c08be1450baf4d62308301715bbbd0133b8870cc6d199b,True
D4,experiments/data/D4_power_energy/FPGA_POWER_TRACE_BLOCKER.json,429,54d74b9f5e9339d3183aa0ad48ed242f261224df832aef3aeb642649b7154fa3,True
D4,experiments/data/D4_power_energy/cpu_power_trace.csv,31164,eb9660a88e4ac7a5bcb633d703c3d3974b6e8f33b3b1b2e3edf451f086ac9bf6,True
D4,experiments/data/D4_power_energy/energy_summary.json,1653,719908e9e9e188ef62fefea3a9253c30adb9890aa184305bc015e969e648dc3e,True
D4,experiments/data/D4_power_energy/power_measurement_environment.json,801,cb19674fbc81b4ac8f207e22700f12df62c24e27cf42b3c929f51cbf4fb4ff12,True
E1,experiments/data/E1_multi_mask/MULTI_MASK_SAMPLE_COUNT_BLOCKER.json,277,d0cc0a06c9b53e962a54e8a83d09f496cd9ab31728eabf2aba9e84732037bb8d,True
E1,experiments/data/E1_multi_mask/golden/T1/aerial_image_socs_kernel.bin,4194304,e1a005a08078581170629f48edb924bbd9205d269c48b0562874e5775fd705d3,False
E1,experiments/data/E1_multi_mask/golden/T1/aerial_image_socs_kernel.png,450836,127bcbca2e359b836654801e4edbab449cfa12b735a6ea8cb071c5ce0048f681,False
E1,experiments/data/E1_multi_mask/golden/T1/aerial_image_socs_threshold.png,51364,72b6e5e6c12eb0c98688c682fb8e4b5d6bd05bd3babfad685af2fe6505a60aee,False
E1,experiments/data/E1_multi_mask/golden/T1/aerial_image_tcc_direct.bin,4194304,72bde290cd1668b6b8b313ef500e0b0a61374f6f9ffb3039f545f94fbded8f5b,False
E1,experiments/data/E1_multi_mask/golden/T1/aerial_image_tcc_direct.png,458311,ab8b39de04d86fcfcb6013953f957256902fca26c8b12c35392cb70030dba903,False
E1,experiments/data/E1_multi_mask/golden/T1/fft_meta.txt,154,6e8fc814764f1bc0b868ca014afa33c61cbc8b24eebe7a015153b40f70fca619,True
E1,experiments/data/E1_multi_mask/golden/T1/kernels/kernel_info.txt,344,6a0c9f9105afb1acdc0ef550da3808dbeac278867ff5a2462444daffd16fe105,True
E1,experiments/data/E1_multi_mask/golden/T1/kernels/krn_0_i.bin,1156,58d9f10a7e050b8ec125c751157b61d6ea8d2a7bb02389cf4878de40191ab5b4,False
E1,experiments/data/E1_multi_mask/golden/T1/kernels/krn_0_r.bin,1156,5993cc5697e73057a35af58adb5f0e517f0b470efb5394aaf6d84ff009579359,False
E1,experiments/data/E1_multi_mask/golden/T1/kernels/krn_1_i.bin,1156,660ef6a549518148b065e4c3b907ba0738900f3393218e604c01534072f7300c,False
E1,experiments/data/E1_multi_mask/golden/T1/kernels/krn_1_r.bin,1156,f679072cbb60ff4550b413a07ba67d1b4ce79adc3b2860f0ea9d3ccbfc40cf8c,False
E1,experiments/data/E1_multi_mask/golden/T1/kernels/krn_2_i.bin,1156,5bba1127a75fdc94ca86414addb0d698995e4d16377da792e378eb2f8b2e77bf,False
E1,experiments/data/E1_multi_mask/golden/T1/kernels/krn_2_r.bin,1156,141c553d4258ccf4c0988fb203497860a3907c8f5abdbdefe692eabaa5d7d4fd,False
E1,experiments/data/E1_multi_mask/golden/T1/kernels/krn_3_i.bin,1156,e4681aa79759be3ca966fa27e028b903fd745dbff920178f52ab04b3087f9760,False
E1,experiments/data/E1_multi_mask/golden/T1/kernels/krn_3_r.bin,1156,62141ec10c4be75152f20e8cdca0073223780a5e544da807d318ab934b9c9411,False
E1,experiments/data/E1_multi_mask/golden/T1/kernels/krn_4_i.bin,1156,3a86196652fa54bd9617a3b487eed868b3b06ae36f1b4d2eac0ba1dad034a103,False
E1,experiments/data/E1_multi_mask/golden/T1/kernels/krn_4_r.bin,1156,f0603a5992b6fa7e2690c71c8ea5694e2f6a5ecfb4748524452504e427caae34,False
E1,experiments/data/E1_multi_mask/golden/T1/kernels/krn_5_i.bin,1156,fddc78a90e72a6ae1a7dedaa9240f33a5dfb5629b0d05d18a2645c7204047cb1,False
E1,experiments/data/E1_multi_mask/golden/T1/kernels/krn_5_r.bin,1156,c2aaa8142f77bc84fad9a0d7c74e3b624401d71b952fbf5da5ae021585025500,False
E1,experiments/data/E1_multi_mask/golden/T1/kernels/krn_6_i.bin,1156,845894e0782a848e293d23b55b43f20a32e9d16f55df39088516c034a57b7164,False
E1,experiments/data/E1_multi_mask/golden/T1/kernels/krn_6_r.bin,1156,1b03844e70ee08ed0e90bd16747f0561c4b7b2e3ce71f5ecb4dd490ee28ef252,False
E1,experiments/data/E1_multi_mask/golden/T1/kernels/krn_7_i.bin,1156,b5d3768c03b8b0dc73f9d7a8aa4ce2c9827b3a34818fc981a58360f5bc6caa98,False
E1,experiments/data/E1_multi_mask/golden/T1/kernels/krn_7_r.bin,1156,a32a873588756e7e8d35d33b9d0e76501a6242db829660b888631d7bfdc9948d,False
E1,experiments/data/E1_multi_mask/golden/T1/kernels/krn_8_i.bin,1156,e8686611006cf27bb9afe9cd835222d016b0fe651a7e27f9fda8af32550b8fc9,False
E1,experiments/data/E1_multi_mask/golden/T1/kernels/krn_8_r.bin,1156,5445614af94fa38be4cf5fc559a4435ebe842b7bf59c221af1c4f5b70361f645,False
E1,experiments/data/E1_multi_mask/golden/T1/kernels/krn_9_i.bin,1156,10b09b9ddf73c6d516a60dea554a82289cec0d25589985d587eae0cb282e8e0f,False
E1,experiments/data/E1_multi_mask/golden/T1/kernels/krn_9_r.bin,1156,8d8e75f069611a722896a172eb476d76ae7b1f1e3eb06ac9ab8634b4e6a24b4d,False
E1,experiments/data/E1_multi_mask/golden/T1/mask.png,10930,43cd4ae381555b626284005b7b0f431eb5c5a590e0acebd21efc556d69ee015b,False
E1,experiments/data/E1_multi_mask/golden/T1/mskf_i.bin,4194304,bf29ca20f931fb8b2ffcaf5ff697223d418a90e45242abcc4ff029f07b4eb4ce,False
E1,experiments/data/E1_multi_mask/golden/T1/mskf_r.bin,4194304,0ae365ac8e2778b1804dc2e1005092a93a4468935e5ef644181e51b2c2122f0f,False
E1,experiments/data/E1_multi_mask/golden/T1/scales.bin,40,a306ceb5a6871e33089f3dca8d9bfd46460be74aec4c9b91804733bc5b6a7031,False
E1,experiments/data/E1_multi_mask/golden/T1/source.png,712,49d44eb67e700218b9c9171b8f762577b343b224b590de9ac1b9ed9210c24fd6,False
E1,experiments/data/E1_multi_mask/golden/T1/tcc_i.bin,334084,bf9811f440a264e99bde20f2d379f9f30ade2f2a656a86c077e436d9b070af0b,False
E1,experiments/data/E1_multi_mask/golden/T1/tcc_r.bin,334084,974d24809b3601eaa6322fa980522ead664a8c8c7ffabf0ddfd3c2fffaad8f43,False
E1,experiments/data/E1_multi_mask/golden/T1/tmpImgp_full_128.bin,65536,dcf873916e4e3ccce58e3cebb65ff1f6c2d9601c7321c092f0c0ddd5c3f24130,False
E1,experiments/data/E1_multi_mask/golden/T1/tmpImgp_pad128.bin,4356,9b4c00edd6e04d2ff558e83e11f2387f0e65bd8e9e34e4dc4dfd0968a33ebdc0,False
E1,experiments/data/E1_multi_mask/golden/T10/aerial_image_socs_kernel.bin,4194304,42e42870241cc02c1d4561923edd6030899b69382205140ac4befedec46c3fd6,False
E1,experiments/data/E1_multi_mask/golden/T10/aerial_image_socs_kernel.png,240903,ec169b04c1745085154b2aff6e424e8a1bf6eee394eb96bdbbf0fe55b247d7f3,False
E1,experiments/data/E1_multi_mask/golden/T10/aerial_image_socs_threshold.png,40586,33711f3c933f15e1477e9bd25d1f28b72b150c6333d3d4bfae829dd523f80f43,False
E1,experiments/data/E1_multi_mask/golden/T10/aerial_image_tcc_direct.bin,4194304,b909ce6f6208f2c4d920b96289a5883c096df94177858c410b5c363a67bb0f45,False
E1,experiments/data/E1_multi_mask/golden/T10/aerial_image_tcc_direct.png,253800,eb7e1526f55667a2d903301b691895c742cab1056dbb9df90e2a7cbae200faa7,False
E1,experiments/data/E1_multi_mask/golden/T10/fft_meta.txt,154,6e8fc814764f1bc0b868ca014afa33c61cbc8b24eebe7a015153b40f70fca619,True
E1,experiments/data/E1_multi_mask/golden/T10/kernels/kernel_info.txt,344,6a0c9f9105afb1acdc0ef550da3808dbeac278867ff5a2462444daffd16fe105,True
E1,experiments/data/E1_multi_mask/golden/T10/kernels/krn_0_i.bin,1156,58d9f10a7e050b8ec125c751157b61d6ea8d2a7bb02389cf4878de40191ab5b4,False
E1,experiments/data/E1_multi_mask/golden/T10/kernels/krn_0_r.bin,1156,5993cc5697e73057a35af58adb5f0e517f0b470efb5394aaf6d84ff009579359,False
E1,experiments/data/E1_multi_mask/golden/T10/kernels/krn_1_i.bin,1156,660ef6a549518148b065e4c3b907ba0738900f3393218e604c01534072f7300c,False
E1,experiments/data/E1_multi_mask/golden/T10/kernels/krn_1_r.bin,1156,f679072cbb60ff4550b413a07ba67d1b4ce79adc3b2860f0ea9d3ccbfc40cf8c,False
E1,experiments/data/E1_multi_mask/golden/T10/kernels/krn_2_i.bin,1156,5bba1127a75fdc94ca86414addb0d698995e4d16377da792e378eb2f8b2e77bf,False
E1,experiments/data/E1_multi_mask/golden/T10/kernels/krn_2_r.bin,1156,141c553d4258ccf4c0988fb203497860a3907c8f5abdbdefe692eabaa5d7d4fd,False
E1,experiments/data/E1_multi_mask/golden/T10/kernels/krn_3_i.bin,1156,e4681aa79759be3ca966fa27e028b903fd745dbff920178f52ab04b3087f9760,False
E1,experiments/data/E1_multi_mask/golden/T10/kernels/krn_3_r.bin,1156,62141ec10c4be75152f20e8cdca0073223780a5e544da807d318ab934b9c9411,False
E1,experiments/data/E1_multi_mask/golden/T10/kernels/krn_4_i.bin,1156,3a86196652fa54bd9617a3b487eed868b3b06ae36f1b4d2eac0ba1dad034a103,False
E1,experiments/data/E1_multi_mask/golden/T10/kernels/krn_4_r.bin,1156,f0603a5992b6fa7e2690c71c8ea5694e2f6a5ecfb4748524452504e427caae34,False
E1,experiments/data/E1_multi_mask/golden/T10/kernels/krn_5_i.bin,1156,fddc78a90e72a6ae1a7dedaa9240f33a5dfb5629b0d05d18a2645c7204047cb1,False
E1,experiments/data/E1_multi_mask/golden/T10/kernels/krn_5_r.bin,1156,c2aaa8142f77bc84fad9a0d7c74e3b624401d71b952fbf5da5ae021585025500,False
E1,experiments/data/E1_multi_mask/golden/T10/kernels/krn_6_i.bin,1156,845894e0782a848e293d23b55b43f20a32e9d16f55df39088516c034a57b7164,False
E1,experiments/data/E1_multi_mask/golden/T10/kernels/krn_6_r.bin,1156,1b03844e70ee08ed0e90bd16747f0561c4b7b2e3ce71f5ecb4dd490ee28ef252,False
E1,experiments/data/E1_multi_mask/golden/T10/kernels/krn_7_i.bin,1156,b5d3768c03b8b0dc73f9d7a8aa4ce2c9827b3a34818fc981a58360f5bc6caa98,False
E1,experiments/data/E1_multi_mask/golden/T10/kernels/krn_7_r.bin,1156,a32a873588756e7e8d35d33b9d0e76501a6242db829660b888631d7bfdc9948d,False
E1,experiments/data/E1_multi_mask/golden/T10/kernels/krn_8_i.bin,1156,e8686611006cf27bb9afe9cd835222d016b0fe651a7e27f9fda8af32550b8fc9,False
E1,experiments/data/E1_multi_mask/golden/T10/kernels/krn_8_r.bin,1156,5445614af94fa38be4cf5fc559a4435ebe842b7bf59c221af1c4f5b70361f645,False
E1,experiments/data/E1_multi_mask/golden/T10/kernels/krn_9_i.bin,1156,10b09b9ddf73c6d516a60dea554a82289cec0d25589985d587eae0cb282e8e0f,False
E1,experiments/data/E1_multi_mask/golden/T10/kernels/krn_9_r.bin,1156,8d8e75f069611a722896a172eb476d76ae7b1f1e3eb06ac9ab8634b4e6a24b4d,False
E1,experiments/data/E1_multi_mask/golden/T10/mask.png,10540,019d5008eb40e3b6321dfb31a0eb330d73570689f540cd8dd11fb6db1d110158,False
E1,experiments/data/E1_multi_mask/golden/T10/mskf_i.bin,4194304,9872019152befe0f6e90fe3899b73cbe8c284d076c41d6374f4d902bb9d2b770,False
E1,experiments/data/E1_multi_mask/golden/T10/mskf_r.bin,4194304,057b3de5875eb0b596100790c9fb3b0b707e68344696ef9673a340e7b4066048,False
E1,experiments/data/E1_multi_mask/golden/T10/scales.bin,40,a306ceb5a6871e33089f3dca8d9bfd46460be74aec4c9b91804733bc5b6a7031,False
E1,experiments/data/E1_multi_mask/golden/T10/source.png,712,49d44eb67e700218b9c9171b8f762577b343b224b590de9ac1b9ed9210c24fd6,False
E1,experiments/data/E1_multi_mask/golden/T10/tcc_i.bin,334084,bf9811f440a264e99bde20f2d379f9f30ade2f2a656a86c077e436d9b070af0b,False
E1,experiments/data/E1_multi_mask/golden/T10/tcc_r.bin,334084,974d24809b3601eaa6322fa980522ead664a8c8c7ffabf0ddfd3c2fffaad8f43,False
E1,experiments/data/E1_multi_mask/golden/T10/tmpImgp_full_128.bin,65536,773908720a95a69e5233aab9c2a30261c90f8b616bb858bf4345d8a5da3df7b3,False
E1,experiments/data/E1_multi_mask/golden/T10/tmpImgp_pad128.bin,4356,c9b89f5d8a6fb9903a080acecf6c582627df87e7fa51b5db8e5d9e9bba96d131,False
E1,experiments/data/E1_multi_mask/golden/T2/aerial_image_socs_kernel.bin,4194304,aa7149c3859b41f04fdf2b5ca07ec9cecc6bc009788764a6ca68a3fe0fffa880,False
E1,experiments/data/E1_multi_mask/golden/T2/aerial_image_socs_kernel.png,331696,bab7bf0b34526ab895c22b63c7863d7804ceeb9b3922c6f243eee2d514c216cc,False
E1,experiments/data/E1_multi_mask/golden/T2/aerial_image_socs_threshold.png,45715,259c3d0552e4c816f9324d8f9a9ff57e08a4daf5d275f80e45a9295b276829b3,False
E1,experiments/data/E1_multi_mask/golden/T2/aerial_image_tcc_direct.bin,4194304,6e307f4019a9aa327f2e6a8681502c3930412f39f0c32ddebadfaa37f1b49696,False
E1,experiments/data/E1_multi_mask/golden/T2/aerial_image_tcc_direct.png,342397,c845f949e5115753c9f6a2fd19d600f95508ab158cf87bbe0ea7025b2d9279f9,False
E1,experiments/data/E1_multi_mask/golden/T2/fft_meta.txt,154,6e8fc814764f1bc0b868ca014afa33c61cbc8b24eebe7a015153b40f70fca619,True
E1,experiments/data/E1_multi_mask/golden/T2/kernels/kernel_info.txt,344,6a0c9f9105afb1acdc0ef550da3808dbeac278867ff5a2462444daffd16fe105,True
E1,experiments/data/E1_multi_mask/golden/T2/kernels/krn_0_i.bin,1156,58d9f10a7e050b8ec125c751157b61d6ea8d2a7bb02389cf4878de40191ab5b4,False
E1,experiments/data/E1_multi_mask/golden/T2/kernels/krn_0_r.bin,1156,5993cc5697e73057a35af58adb5f0e517f0b470efb5394aaf6d84ff009579359,False
E1,experiments/data/E1_multi_mask/golden/T2/kernels/krn_1_i.bin,1156,660ef6a549518148b065e4c3b907ba0738900f3393218e604c01534072f7300c,False
E1,experiments/data/E1_multi_mask/golden/T2/kernels/krn_1_r.bin,1156,f679072cbb60ff4550b413a07ba67d1b4ce79adc3b2860f0ea9d3ccbfc40cf8c,False
E1,experiments/data/E1_multi_mask/golden/T2/kernels/krn_2_i.bin,1156,5bba1127a75fdc94ca86414addb0d698995e4d16377da792e378eb2f8b2e77bf,False
E1,experiments/data/E1_multi_mask/golden/T2/kernels/krn_2_r.bin,1156,141c553d4258ccf4c0988fb203497860a3907c8f5abdbdefe692eabaa5d7d4fd,False
E1,experiments/data/E1_multi_mask/golden/T2/kernels/krn_3_i.bin,1156,e4681aa79759be3ca966fa27e028b903fd745dbff920178f52ab04b3087f9760,False
E1,experiments/data/E1_multi_mask/golden/T2/kernels/krn_3_r.bin,1156,62141ec10c4be75152f20e8cdca0073223780a5e544da807d318ab934b9c9411,False
E1,experiments/data/E1_multi_mask/golden/T2/kernels/krn_4_i.bin,1156,3a86196652fa54bd9617a3b487eed868b3b06ae36f1b4d2eac0ba1dad034a103,False
E1,experiments/data/E1_multi_mask/golden/T2/kernels/krn_4_r.bin,1156,f0603a5992b6fa7e2690c71c8ea5694e2f6a5ecfb4748524452504e427caae34,False
E1,experiments/data/E1_multi_mask/golden/T2/kernels/krn_5_i.bin,1156,fddc78a90e72a6ae1a7dedaa9240f33a5dfb5629b0d05d18a2645c7204047cb1,False
E1,experiments/data/E1_multi_mask/golden/T2/kernels/krn_5_r.bin,1156,c2aaa8142f77bc84fad9a0d7c74e3b624401d71b952fbf5da5ae021585025500,False
E1,experiments/data/E1_multi_mask/golden/T2/kernels/krn_6_i.bin,1156,845894e0782a848e293d23b55b43f20a32e9d16f55df39088516c034a57b7164,False
E1,experiments/data/E1_multi_mask/golden/T2/kernels/krn_6_r.bin,1156,1b03844e70ee08ed0e90bd16747f0561c4b7b2e3ce71f5ecb4dd490ee28ef252,False
E1,experiments/data/E1_multi_mask/golden/T2/kernels/krn_7_i.bin,1156,b5d3768c03b8b0dc73f9d7a8aa4ce2c9827b3a34818fc981a58360f5bc6caa98,False
E1,experiments/data/E1_multi_mask/golden/T2/kernels/krn_7_r.bin,1156,a32a873588756e7e8d35d33b9d0e76501a6242db829660b888631d7bfdc9948d,False
E1,experiments/data/E1_multi_mask/golden/T2/kernels/krn_8_i.bin,1156,e8686611006cf27bb9afe9cd835222d016b0fe651a7e27f9fda8af32550b8fc9,False
E1,experiments/data/E1_multi_mask/golden/T2/kernels/krn_8_r.bin,1156,5445614af94fa38be4cf5fc559a4435ebe842b7bf59c221af1c4f5b70361f645,False
E1,experiments/data/E1_multi_mask/golden/T2/kernels/krn_9_i.bin,1156,10b09b9ddf73c6d516a60dea554a82289cec0d25589985d587eae0cb282e8e0f,False
E1,experiments/data/E1_multi_mask/golden/T2/kernels/krn_9_r.bin,1156,8d8e75f069611a722896a172eb476d76ae7b1f1e3eb06ac9ab8634b4e6a24b4d,False
E1,experiments/data/E1_multi_mask/golden/T2/mask.png,10614,348e00f2a65d1769aab51911e765540bdb3bf1a7e449f2e857e1b2ca49e02e7f,False
E1,experiments/data/E1_multi_mask/golden/T2/mskf_i.bin,4194304,3c47adb3e5ee6960d4366e7e7d0162f12a238d987b796e9d9d01e8c69bbbe675,False
E1,experiments/data/E1_multi_mask/golden/T2/mskf_r.bin,4194304,aefe0e1211888d327e06503bc4c44e7bfe1412566ae4fced2cf90e9de2649e36,False
E1,experiments/data/E1_multi_mask/golden/T2/scales.bin,40,a306ceb5a6871e33089f3dca8d9bfd46460be74aec4c9b91804733bc5b6a7031,False
E1,experiments/data/E1_multi_mask/golden/T2/source.png,712,49d44eb67e700218b9c9171b8f762577b343b224b590de9ac1b9ed9210c24fd6,False
E1,experiments/data/E1_multi_mask/golden/T2/tcc_i.bin,334084,bf9811f440a264e99bde20f2d379f9f30ade2f2a656a86c077e436d9b070af0b,False
E1,experiments/data/E1_multi_mask/golden/T2/tcc_r.bin,334084,974d24809b3601eaa6322fa980522ead664a8c8c7ffabf0ddfd3c2fffaad8f43,False
E1,experiments/data/E1_multi_mask/golden/T2/tmpImgp_full_128.bin,65536,55e2c701230d2b6e347bee0d5fec4065dac0e4c7f52f9fba028324dcfdad7a0a,False
E1,experiments/data/E1_multi_mask/golden/T2/tmpImgp_pad128.bin,4356,6e8c6205817d4bcc8c1a6171cd179ee7209111c2154e2698ad427fa9ad39c473,False
E1,experiments/data/E1_multi_mask/golden/T3/aerial_image_socs_kernel.bin,4194304,081571b73f5f202a41efe63446871c391fdf530407e96f0c59bd24378bee4897,False
E1,experiments/data/E1_multi_mask/golden/T3/aerial_image_socs_kernel.png,409609,4d7a6c9f00ca5d3f540227733a03ecfa6d525a575cfbce78bfb4c91d904e3aa5,False
E1,experiments/data/E1_multi_mask/golden/T3/aerial_image_socs_threshold.png,47146,51a90e87d302cf48d65ed11b02b69ef633e1850336922b328d76cde72e3fe628,False
E1,experiments/data/E1_multi_mask/golden/T3/aerial_image_tcc_direct.bin,4194304,834d3c74a099cf5fbf167f237469dfdbb9263e16e67861cbe627138b330ef6b9,False
E1,experiments/data/E1_multi_mask/golden/T3/aerial_image_tcc_direct.png,413034,a9af206b334346e6aae5dce8827c93387489d47c68c8483e3e879a0f1c0a7d7d,False
E1,experiments/data/E1_multi_mask/golden/T3/fft_meta.txt,154,6e8fc814764f1bc0b868ca014afa33c61cbc8b24eebe7a015153b40f70fca619,True
E1,experiments/data/E1_multi_mask/golden/T3/kernels/kernel_info.txt,344,6a0c9f9105afb1acdc0ef550da3808dbeac278867ff5a2462444daffd16fe105,True
E1,experiments/data/E1_multi_mask/golden/T3/kernels/krn_0_i.bin,1156,58d9f10a7e050b8ec125c751157b61d6ea8d2a7bb02389cf4878de40191ab5b4,False
E1,experiments/data/E1_multi_mask/golden/T3/kernels/krn_0_r.bin,1156,5993cc5697e73057a35af58adb5f0e517f0b470efb5394aaf6d84ff009579359,False
E1,experiments/data/E1_multi_mask/golden/T3/kernels/krn_1_i.bin,1156,660ef6a549518148b065e4c3b907ba0738900f3393218e604c01534072f7300c,False
E1,experiments/data/E1_multi_mask/golden/T3/kernels/krn_1_r.bin,1156,f679072cbb60ff4550b413a07ba67d1b4ce79adc3b2860f0ea9d3ccbfc40cf8c,False
E1,experiments/data/E1_multi_mask/golden/T3/kernels/krn_2_i.bin,1156,5bba1127a75fdc94ca86414addb0d698995e4d16377da792e378eb2f8b2e77bf,False
E1,experiments/data/E1_multi_mask/golden/T3/kernels/krn_2_r.bin,1156,141c553d4258ccf4c0988fb203497860a3907c8f5abdbdefe692eabaa5d7d4fd,False
E1,experiments/data/E1_multi_mask/golden/T3/kernels/krn_3_i.bin,1156,e4681aa79759be3ca966fa27e028b903fd745dbff920178f52ab04b3087f9760,False
E1,experiments/data/E1_multi_mask/golden/T3/kernels/krn_3_r.bin,1156,62141ec10c4be75152f20e8cdca0073223780a5e544da807d318ab934b9c9411,False
E1,experiments/data/E1_multi_mask/golden/T3/kernels/krn_4_i.bin,1156,3a86196652fa54bd9617a3b487eed868b3b06ae36f1b4d2eac0ba1dad034a103,False
E1,experiments/data/E1_multi_mask/golden/T3/kernels/krn_4_r.bin,1156,f0603a5992b6fa7e2690c71c8ea5694e2f6a5ecfb4748524452504e427caae34,False
E1,experiments/data/E1_multi_mask/golden/T3/kernels/krn_5_i.bin,1156,fddc78a90e72a6ae1a7dedaa9240f33a5dfb5629b0d05d18a2645c7204047cb1,False
E1,experiments/data/E1_multi_mask/golden/T3/kernels/krn_5_r.bin,1156,c2aaa8142f77bc84fad9a0d7c74e3b624401d71b952fbf5da5ae021585025500,False
E1,experiments/data/E1_multi_mask/golden/T3/kernels/krn_6_i.bin,1156,845894e0782a848e293d23b55b43f20a32e9d16f55df39088516c034a57b7164,False
E1,experiments/data/E1_multi_mask/golden/T3/kernels/krn_6_r.bin,1156,1b03844e70ee08ed0e90bd16747f0561c4b7b2e3ce71f5ecb4dd490ee28ef252,False
E1,experiments/data/E1_multi_mask/golden/T3/kernels/krn_7_i.bin,1156,b5d3768c03b8b0dc73f9d7a8aa4ce2c9827b3a34818fc981a58360f5bc6caa98,False
E1,experiments/data/E1_multi_mask/golden/T3/kernels/krn_7_r.bin,1156,a32a873588756e7e8d35d33b9d0e76501a6242db829660b888631d7bfdc9948d,False
E1,experiments/data/E1_multi_mask/golden/T3/kernels/krn_8_i.bin,1156,e8686611006cf27bb9afe9cd835222d016b0fe651a7e27f9fda8af32550b8fc9,False
E1,experiments/data/E1_multi_mask/golden/T3/kernels/krn_8_r.bin,1156,5445614af94fa38be4cf5fc559a4435ebe842b7bf59c221af1c4f5b70361f645,False
E1,experiments/data/E1_multi_mask/golden/T3/kernels/krn_9_i.bin,1156,10b09b9ddf73c6d516a60dea554a82289cec0d25589985d587eae0cb282e8e0f,False
E1,experiments/data/E1_multi_mask/golden/T3/kernels/krn_9_r.bin,1156,8d8e75f069611a722896a172eb476d76ae7b1f1e3eb06ac9ab8634b4e6a24b4d,False
E1,experiments/data/E1_multi_mask/golden/T3/mask.png,10918,8cc50bdd418f041af97df046644db6f2316a0a1f14c2256671b20cc96b03edd7,False
E1,experiments/data/E1_multi_mask/golden/T3/mskf_i.bin,4194304,09355b06b6f94b9c17515544a511607aa2774fbc6414a46683665822a3576a03,False
E1,experiments/data/E1_multi_mask/golden/T3/mskf_r.bin,4194304,404c39b6005f4d827723850dcbeadaa17233387e42d781c6f2e1e14fc7deafeb,False
E1,experiments/data/E1_multi_mask/golden/T3/scales.bin,40,a306ceb5a6871e33089f3dca8d9bfd46460be74aec4c9b91804733bc5b6a7031,False
E1,experiments/data/E1_multi_mask/golden/T3/source.png,712,49d44eb67e700218b9c9171b8f762577b343b224b590de9ac1b9ed9210c24fd6,False
E1,experiments/data/E1_multi_mask/golden/T3/tcc_i.bin,334084,bf9811f440a264e99bde20f2d379f9f30ade2f2a656a86c077e436d9b070af0b,False
E1,experiments/data/E1_multi_mask/golden/T3/tcc_r.bin,334084,974d24809b3601eaa6322fa980522ead664a8c8c7ffabf0ddfd3c2fffaad8f43,False
E1,experiments/data/E1_multi_mask/golden/T3/tmpImgp_full_128.bin,65536,859cef9a868cc882bdc02bebfab65f0e0589e29f0f8ef880f56fec706824409e,False
E1,experiments/data/E1_multi_mask/golden/T3/tmpImgp_pad128.bin,4356,acfed8fe035cb735e5a2a9bdc777f516bb534710e847f2bd0fdede9eef6403ae,False
E1,experiments/data/E1_multi_mask/golden/T4/aerial_image_socs_kernel.bin,4194304,8760417fbf17acf92544e21b24f596d3f267d22eb524643b966469ecc06b9764,False
E1,experiments/data/E1_multi_mask/golden/T4/aerial_image_socs_kernel.png,296807,0604d2c1d3a2338e71feb416df0a66ff8c459c93b30aaedbeb8df875f293d55f,False
E1,experiments/data/E1_multi_mask/golden/T4/aerial_image_socs_threshold.png,37937,e6ac4a24ed049d561f38b7cd7a409e4aa2fc4907ef7b44c069d826c0a8de104c,False
E1,experiments/data/E1_multi_mask/golden/T4/aerial_image_tcc_direct.bin,4194304,20363f19207cfcb2f46c1256dd411ca1808c4e57f80464d0f445cc5a075f2037,False
E1,experiments/data/E1_multi_mask/golden/T4/aerial_image_tcc_direct.png,308196,1580b3efc629b0ed0cca5de848363909d52eb051bcde312efcef5ec9b1e2157b,False
E1,experiments/data/E1_multi_mask/golden/T4/fft_meta.txt,154,6e8fc814764f1bc0b868ca014afa33c61cbc8b24eebe7a015153b40f70fca619,True
E1,experiments/data/E1_multi_mask/golden/T4/kernels/kernel_info.txt,344,6a0c9f9105afb1acdc0ef550da3808dbeac278867ff5a2462444daffd16fe105,True
E1,experiments/data/E1_multi_mask/golden/T4/kernels/krn_0_i.bin,1156,58d9f10a7e050b8ec125c751157b61d6ea8d2a7bb02389cf4878de40191ab5b4,False
E1,experiments/data/E1_multi_mask/golden/T4/kernels/krn_0_r.bin,1156,5993cc5697e73057a35af58adb5f0e517f0b470efb5394aaf6d84ff009579359,False
E1,experiments/data/E1_multi_mask/golden/T4/kernels/krn_1_i.bin,1156,660ef6a549518148b065e4c3b907ba0738900f3393218e604c01534072f7300c,False
E1,experiments/data/E1_multi_mask/golden/T4/kernels/krn_1_r.bin,1156,f679072cbb60ff4550b413a07ba67d1b4ce79adc3b2860f0ea9d3ccbfc40cf8c,False
E1,experiments/data/E1_multi_mask/golden/T4/kernels/krn_2_i.bin,1156,5bba1127a75fdc94ca86414addb0d698995e4d16377da792e378eb2f8b2e77bf,False
E1,experiments/data/E1_multi_mask/golden/T4/kernels/krn_2_r.bin,1156,141c553d4258ccf4c0988fb203497860a3907c8f5abdbdefe692eabaa5d7d4fd,False
E1,experiments/data/E1_multi_mask/golden/T4/kernels/krn_3_i.bin,1156,e4681aa79759be3ca966fa27e028b903fd745dbff920178f52ab04b3087f9760,False
E1,experiments/data/E1_multi_mask/golden/T4/kernels/krn_3_r.bin,1156,62141ec10c4be75152f20e8cdca0073223780a5e544da807d318ab934b9c9411,False
E1,experiments/data/E1_multi_mask/golden/T4/kernels/krn_4_i.bin,1156,3a86196652fa54bd9617a3b487eed868b3b06ae36f1b4d2eac0ba1dad034a103,False
E1,experiments/data/E1_multi_mask/golden/T4/kernels/krn_4_r.bin,1156,f0603a5992b6fa7e2690c71c8ea5694e2f6a5ecfb4748524452504e427caae34,False
E1,experiments/data/E1_multi_mask/golden/T4/kernels/krn_5_i.bin,1156,fddc78a90e72a6ae1a7dedaa9240f33a5dfb5629b0d05d18a2645c7204047cb1,False
E1,experiments/data/E1_multi_mask/golden/T4/kernels/krn_5_r.bin,1156,c2aaa8142f77bc84fad9a0d7c74e3b624401d71b952fbf5da5ae021585025500,False
E1,experiments/data/E1_multi_mask/golden/T4/kernels/krn_6_i.bin,1156,845894e0782a848e293d23b55b43f20a32e9d16f55df39088516c034a57b7164,False
E1,experiments/data/E1_multi_mask/golden/T4/kernels/krn_6_r.bin,1156,1b03844e70ee08ed0e90bd16747f0561c4b7b2e3ce71f5ecb4dd490ee28ef252,False
E1,experiments/data/E1_multi_mask/golden/T4/kernels/krn_7_i.bin,1156,b5d3768c03b8b0dc73f9d7a8aa4ce2c9827b3a34818fc981a58360f5bc6caa98,False
E1,experiments/data/E1_multi_mask/golden/T4/kernels/krn_7_r.bin,1156,a32a873588756e7e8d35d33b9d0e76501a6242db829660b888631d7bfdc9948d,False
E1,experiments/data/E1_multi_mask/golden/T4/kernels/krn_8_i.bin,1156,e8686611006cf27bb9afe9cd835222d016b0fe651a7e27f9fda8af32550b8fc9,False
E1,experiments/data/E1_multi_mask/golden/T4/kernels/krn_8_r.bin,1156,5445614af94fa38be4cf5fc559a4435ebe842b7bf59c221af1c4f5b70361f645,False
E1,experiments/data/E1_multi_mask/golden/T4/kernels/krn_9_i.bin,1156,10b09b9ddf73c6d516a60dea554a82289cec0d25589985d587eae0cb282e8e0f,False
E1,experiments/data/E1_multi_mask/golden/T4/kernels/krn_9_r.bin,1156,8d8e75f069611a722896a172eb476d76ae7b1f1e3eb06ac9ab8634b4e6a24b4d,False
E1,experiments/data/E1_multi_mask/golden/T4/mask.png,10778,7f3203a6ea8725af71ee61f85e8c88543bbd73711d09cd78654423d6a318b53e,False
E1,experiments/data/E1_multi_mask/golden/T4/mskf_i.bin,4194304,b3edcda855e40f79adca72b43572ce74140b66e2ccbf16a7bc91f07169de5d5a,False
E1,experiments/data/E1_multi_mask/golden/T4/mskf_r.bin,4194304,e3e92d9232f47d191a93f950eb80b002a3dca3fc23c54370b3ee17666e398caf,False
E1,experiments/data/E1_multi_mask/golden/T4/scales.bin,40,a306ceb5a6871e33089f3dca8d9bfd46460be74aec4c9b91804733bc5b6a7031,False
E1,experiments/data/E1_multi_mask/golden/T4/source.png,712,49d44eb67e700218b9c9171b8f762577b343b224b590de9ac1b9ed9210c24fd6,False
E1,experiments/data/E1_multi_mask/golden/T4/tcc_i.bin,334084,bf9811f440a264e99bde20f2d379f9f30ade2f2a656a86c077e436d9b070af0b,False
E1,experiments/data/E1_multi_mask/golden/T4/tcc_r.bin,334084,974d24809b3601eaa6322fa980522ead664a8c8c7ffabf0ddfd3c2fffaad8f43,False
E1,experiments/data/E1_multi_mask/golden/T4/tmpImgp_full_128.bin,65536,fae8eebe71529e91022038f977830401318a8e5e8c6b16fdb3a24db973c54903,False
E1,experiments/data/E1_multi_mask/golden/T4/tmpImgp_pad128.bin,4356,fc07b0a3766d57324681366317a5dbde4b34dec1c27d52612274a60d98b3647d,False
E1,experiments/data/E1_multi_mask/golden/T5/aerial_image_socs_kernel.bin,4194304,799d10c90282413d571068c6ccacae4637b0b17074ce35ad4c93c6b9a7e1b013,False
E1,experiments/data/E1_multi_mask/golden/T5/aerial_image_socs_kernel.png,553213,11a2c037b220496fa9c7e806ee591c0dfcc795f293e920f56fb2ff7d28e47065,False
E1,experiments/data/E1_multi_mask/golden/T5/aerial_image_socs_threshold.png,54634,4c9afc710607131e1e37ccdf44ce8c7e5368556720f439ee5c32b9fbf7ad6dc7,False
E1,experiments/data/E1_multi_mask/golden/T5/aerial_image_tcc_direct.bin,4194304,47ed11233c0e17344e3569fedd34b09b2cfc4c5af1325ed19c5a8d216b51aa68,False
E1,experiments/data/E1_multi_mask/golden/T5/aerial_image_tcc_direct.png,555057,9cfbedec61314027acd65d2589d2458c6ac6f97cf10c149615c6e436836c52c3,False
E1,experiments/data/E1_multi_mask/golden/T5/fft_meta.txt,154,6e8fc814764f1bc0b868ca014afa33c61cbc8b24eebe7a015153b40f70fca619,True
E1,experiments/data/E1_multi_mask/golden/T5/kernels/kernel_info.txt,344,6a0c9f9105afb1acdc0ef550da3808dbeac278867ff5a2462444daffd16fe105,True
E1,experiments/data/E1_multi_mask/golden/T5/kernels/krn_0_i.bin,1156,58d9f10a7e050b8ec125c751157b61d6ea8d2a7bb02389cf4878de40191ab5b4,False
E1,experiments/data/E1_multi_mask/golden/T5/kernels/krn_0_r.bin,1156,5993cc5697e73057a35af58adb5f0e517f0b470efb5394aaf6d84ff009579359,False
E1,experiments/data/E1_multi_mask/golden/T5/kernels/krn_1_i.bin,1156,660ef6a549518148b065e4c3b907ba0738900f3393218e604c01534072f7300c,False
E1,experiments/data/E1_multi_mask/golden/T5/kernels/krn_1_r.bin,1156,f679072cbb60ff4550b413a07ba67d1b4ce79adc3b2860f0ea9d3ccbfc40cf8c,False
E1,experiments/data/E1_multi_mask/golden/T5/kernels/krn_2_i.bin,1156,5bba1127a75fdc94ca86414addb0d698995e4d16377da792e378eb2f8b2e77bf,False
E1,experiments/data/E1_multi_mask/golden/T5/kernels/krn_2_r.bin,1156,141c553d4258ccf4c0988fb203497860a3907c8f5abdbdefe692eabaa5d7d4fd,False
E1,experiments/data/E1_multi_mask/golden/T5/kernels/krn_3_i.bin,1156,e4681aa79759be3ca966fa27e028b903fd745dbff920178f52ab04b3087f9760,False
E1,experiments/data/E1_multi_mask/golden/T5/kernels/krn_3_r.bin,1156,62141ec10c4be75152f20e8cdca0073223780a5e544da807d318ab934b9c9411,False
E1,experiments/data/E1_multi_mask/golden/T5/kernels/krn_4_i.bin,1156,3a86196652fa54bd9617a3b487eed868b3b06ae36f1b4d2eac0ba1dad034a103,False
E1,experiments/data/E1_multi_mask/golden/T5/kernels/krn_4_r.bin,1156,f0603a5992b6fa7e2690c71c8ea5694e2f6a5ecfb4748524452504e427caae34,False
E1,experiments/data/E1_multi_mask/golden/T5/kernels/krn_5_i.bin,1156,fddc78a90e72a6ae1a7dedaa9240f33a5dfb5629b0d05d18a2645c7204047cb1,False
E1,experiments/data/E1_multi_mask/golden/T5/kernels/krn_5_r.bin,1156,c2aaa8142f77bc84fad9a0d7c74e3b624401d71b952fbf5da5ae021585025500,False
E1,experiments/data/E1_multi_mask/golden/T5/kernels/krn_6_i.bin,1156,845894e0782a848e293d23b55b43f20a32e9d16f55df39088516c034a57b7164,False
E1,experiments/data/E1_multi_mask/golden/T5/kernels/krn_6_r.bin,1156,1b03844e70ee08ed0e90bd16747f0561c4b7b2e3ce71f5ecb4dd490ee28ef252,False
E1,experiments/data/E1_multi_mask/golden/T5/kernels/krn_7_i.bin,1156,b5d3768c03b8b0dc73f9d7a8aa4ce2c9827b3a34818fc981a58360f5bc6caa98,False
E1,experiments/data/E1_multi_mask/golden/T5/kernels/krn_7_r.bin,1156,a32a873588756e7e8d35d33b9d0e76501a6242db829660b888631d7bfdc9948d,False
E1,experiments/data/E1_multi_mask/golden/T5/kernels/krn_8_i.bin,1156,e8686611006cf27bb9afe9cd835222d016b0fe651a7e27f9fda8af32550b8fc9,False
E1,experiments/data/E1_multi_mask/golden/T5/kernels/krn_8_r.bin,1156,5445614af94fa38be4cf5fc559a4435ebe842b7bf59c221af1c4f5b70361f645,False
E1,experiments/data/E1_multi_mask/golden/T5/kernels/krn_9_i.bin,1156,10b09b9ddf73c6d516a60dea554a82289cec0d25589985d587eae0cb282e8e0f,False
E1,experiments/data/E1_multi_mask/golden/T5/kernels/krn_9_r.bin,1156,8d8e75f069611a722896a172eb476d76ae7b1f1e3eb06ac9ab8634b4e6a24b4d,False
E1,experiments/data/E1_multi_mask/golden/T5/mask.png,11012,8a1f80b296cb3ef498def66899ed7fb81a420126305222a513c17a937957ba63,False
E1,experiments/data/E1_multi_mask/golden/T5/mskf_i.bin,4194304,2b5e1499ddceac1a9e0b77a9b948b9e8a196574b1a1a3c5613decf0615ef519b,False
E1,experiments/data/E1_multi_mask/golden/T5/mskf_r.bin,4194304,d2da6db4961c9d96ac7ae4801fcb83e590b000147097e647011105a70f0b6929,False
E1,experiments/data/E1_multi_mask/golden/T5/scales.bin,40,a306ceb5a6871e33089f3dca8d9bfd46460be74aec4c9b91804733bc5b6a7031,False
E1,experiments/data/E1_multi_mask/golden/T5/source.png,712,49d44eb67e700218b9c9171b8f762577b343b224b590de9ac1b9ed9210c24fd6,False
E1,experiments/data/E1_multi_mask/golden/T5/tcc_i.bin,334084,bf9811f440a264e99bde20f2d379f9f30ade2f2a656a86c077e436d9b070af0b,False
E1,experiments/data/E1_multi_mask/golden/T5/tcc_r.bin,334084,974d24809b3601eaa6322fa980522ead664a8c8c7ffabf0ddfd3c2fffaad8f43,False
E1,experiments/data/E1_multi_mask/golden/T5/tmpImgp_full_128.bin,65536,73e4b18ae9a4e9c05985886c19b85ae20f1cafa2e0d94266b58f4662f600ce48,False
E1,experiments/data/E1_multi_mask/golden/T5/tmpImgp_pad128.bin,4356,f0e9d24c6e735d1b6c8d9dd8aecdd95e5a1f1bcd977866fdc6dbb4f09deb4c0a,False
E1,experiments/data/E1_multi_mask/golden/T6/aerial_image_socs_kernel.bin,4194304,4171776e26f69787748b248c84be5efb62b3f3d46e34762080fd08d9c7f43338,False
E1,experiments/data/E1_multi_mask/golden/T6/aerial_image_socs_kernel.png,478186,3ef4d8e914f433a7cb333e0cf6fb4e0dd823f2a249181bf4fed1d4a6f37dac0f,False
E1,experiments/data/E1_multi_mask/golden/T6/aerial_image_socs_threshold.png,55686,797ec0bf043532f0308551004c448efd5b86cc5738236e7ae1107939eb28c1e2,False
E1,experiments/data/E1_multi_mask/golden/T6/aerial_image_tcc_direct.bin,4194304,7d533bb060167189e666bdca4effd783762fdd31eaca6f136aeb2845d835f426,False
E1,experiments/data/E1_multi_mask/golden/T6/aerial_image_tcc_direct.png,481671,60dd0ec628689d530835c61e6b9d917d059a76d4d3d61482a6a50f84544c4e91,False
E1,experiments/data/E1_multi_mask/golden/T6/fft_meta.txt,154,6e8fc814764f1bc0b868ca014afa33c61cbc8b24eebe7a015153b40f70fca619,True
E1,experiments/data/E1_multi_mask/golden/T6/kernels/kernel_info.txt,344,6a0c9f9105afb1acdc0ef550da3808dbeac278867ff5a2462444daffd16fe105,True
E1,experiments/data/E1_multi_mask/golden/T6/kernels/krn_0_i.bin,1156,58d9f10a7e050b8ec125c751157b61d6ea8d2a7bb02389cf4878de40191ab5b4,False
E1,experiments/data/E1_multi_mask/golden/T6/kernels/krn_0_r.bin,1156,5993cc5697e73057a35af58adb5f0e517f0b470efb5394aaf6d84ff009579359,False
E1,experiments/data/E1_multi_mask/golden/T6/kernels/krn_1_i.bin,1156,660ef6a549518148b065e4c3b907ba0738900f3393218e604c01534072f7300c,False
E1,experiments/data/E1_multi_mask/golden/T6/kernels/krn_1_r.bin,1156,f679072cbb60ff4550b413a07ba67d1b4ce79adc3b2860f0ea9d3ccbfc40cf8c,False
E1,experiments/data/E1_multi_mask/golden/T6/kernels/krn_2_i.bin,1156,5bba1127a75fdc94ca86414addb0d698995e4d16377da792e378eb2f8b2e77bf,False
E1,experiments/data/E1_multi_mask/golden/T6/kernels/krn_2_r.bin,1156,141c553d4258ccf4c0988fb203497860a3907c8f5abdbdefe692eabaa5d7d4fd,False
E1,experiments/data/E1_multi_mask/golden/T6/kernels/krn_3_i.bin,1156,e4681aa79759be3ca966fa27e028b903fd745dbff920178f52ab04b3087f9760,False
E1,experiments/data/E1_multi_mask/golden/T6/kernels/krn_3_r.bin,1156,62141ec10c4be75152f20e8cdca0073223780a5e544da807d318ab934b9c9411,False
E1,experiments/data/E1_multi_mask/golden/T6/kernels/krn_4_i.bin,1156,3a86196652fa54bd9617a3b487eed868b3b06ae36f1b4d2eac0ba1dad034a103,False
E1,experiments/data/E1_multi_mask/golden/T6/kernels/krn_4_r.bin,1156,f0603a5992b6fa7e2690c71c8ea5694e2f6a5ecfb4748524452504e427caae34,False
E1,experiments/data/E1_multi_mask/golden/T6/kernels/krn_5_i.bin,1156,fddc78a90e72a6ae1a7dedaa9240f33a5dfb5629b0d05d18a2645c7204047cb1,False
E1,experiments/data/E1_multi_mask/golden/T6/kernels/krn_5_r.bin,1156,c2aaa8142f77bc84fad9a0d7c74e3b624401d71b952fbf5da5ae021585025500,False
E1,experiments/data/E1_multi_mask/golden/T6/kernels/krn_6_i.bin,1156,845894e0782a848e293d23b55b43f20a32e9d16f55df39088516c034a57b7164,False
E1,experiments/data/E1_multi_mask/golden/T6/kernels/krn_6_r.bin,1156,1b03844e70ee08ed0e90bd16747f0561c4b7b2e3ce71f5ecb4dd490ee28ef252,False
E1,experiments/data/E1_multi_mask/golden/T6/kernels/krn_7_i.bin,1156,b5d3768c03b8b0dc73f9d7a8aa4ce2c9827b3a34818fc981a58360f5bc6caa98,False
E1,experiments/data/E1_multi_mask/golden/T6/kernels/krn_7_r.bin,1156,a32a873588756e7e8d35d33b9d0e76501a6242db829660b888631d7bfdc9948d,False
E1,experiments/data/E1_multi_mask/golden/T6/kernels/krn_8_i.bin,1156,e8686611006cf27bb9afe9cd835222d016b0fe651a7e27f9fda8af32550b8fc9,False
E1,experiments/data/E1_multi_mask/golden/T6/kernels/krn_8_r.bin,1156,5445614af94fa38be4cf5fc559a4435ebe842b7bf59c221af1c4f5b70361f645,False
E1,experiments/data/E1_multi_mask/golden/T6/kernels/krn_9_i.bin,1156,10b09b9ddf73c6d516a60dea554a82289cec0d25589985d587eae0cb282e8e0f,False
E1,experiments/data/E1_multi_mask/golden/T6/kernels/krn_9_r.bin,1156,8d8e75f069611a722896a172eb476d76ae7b1f1e3eb06ac9ab8634b4e6a24b4d,False
E1,experiments/data/E1_multi_mask/golden/T6/mask.png,11114,444d8ffb81fcadd4a12975802c797093423db932276a8da746b4b6473b7cbac7,False
E1,experiments/data/E1_multi_mask/golden/T6/mskf_i.bin,4194304,962ed76a7d80c113387439c9a3e1841977fddd03af7832455756af3ff91d7289,False
E1,experiments/data/E1_multi_mask/golden/T6/mskf_r.bin,4194304,fb02e5d5cbacae47fd2f9a9ce99cc8acb9b983894efcf97d2919aaf37298a249,False
E1,experiments/data/E1_multi_mask/golden/T6/scales.bin,40,a306ceb5a6871e33089f3dca8d9bfd46460be74aec4c9b91804733bc5b6a7031,False
E1,experiments/data/E1_multi_mask/golden/T6/source.png,712,49d44eb67e700218b9c9171b8f762577b343b224b590de9ac1b9ed9210c24fd6,False
E1,experiments/data/E1_multi_mask/golden/T6/tcc_i.bin,334084,bf9811f440a264e99bde20f2d379f9f30ade2f2a656a86c077e436d9b070af0b,False
E1,experiments/data/E1_multi_mask/golden/T6/tcc_r.bin,334084,974d24809b3601eaa6322fa980522ead664a8c8c7ffabf0ddfd3c2fffaad8f43,False
E1,experiments/data/E1_multi_mask/golden/T6/tmpImgp_full_128.bin,65536,f71d710516fa442a3b3ae1c2a98d5f1882abb11b3638b0df8e2fbb003da0a79c,False
E1,experiments/data/E1_multi_mask/golden/T6/tmpImgp_pad128.bin,4356,e721c959cdd9ec235415ebff4f2f57a4021ac489a9b1427c027f4f6c4956cc8b,False
E1,experiments/data/E1_multi_mask/golden/T7/aerial_image_socs_kernel.bin,4194304,18930f38d2a39bc08ed26a9397eb921d34151b06de5116da3b8b8618f6ee4b32,False
E1,experiments/data/E1_multi_mask/golden/T7/aerial_image_socs_kernel.png,394811,a73cb3864ad22a131d6232015aa276a7c55fca0b8002c0d6fc553ba34e20edb0,False
E1,experiments/data/E1_multi_mask/golden/T7/aerial_image_socs_threshold.png,44552,cfbf39616f7acab667d89ee83886cd25e91d343f62503fcb4dfd02c5c21cab69,False
E1,experiments/data/E1_multi_mask/golden/T7/aerial_image_tcc_direct.bin,4194304,d460eedea3d8a9b643142ab4400a0efa1d09ec21562fb8d0bd5b4a14f942e113,False
E1,experiments/data/E1_multi_mask/golden/T7/aerial_image_tcc_direct.png,397910,252739bacf2aca1bc81bec9eec5ef687c5a622a68b0f26ad0b4d44c8365cc7c2,False
E1,experiments/data/E1_multi_mask/golden/T7/fft_meta.txt,154,6e8fc814764f1bc0b868ca014afa33c61cbc8b24eebe7a015153b40f70fca619,True
E1,experiments/data/E1_multi_mask/golden/T7/kernels/kernel_info.txt,344,6a0c9f9105afb1acdc0ef550da3808dbeac278867ff5a2462444daffd16fe105,True
E1,experiments/data/E1_multi_mask/golden/T7/kernels/krn_0_i.bin,1156,58d9f10a7e050b8ec125c751157b61d6ea8d2a7bb02389cf4878de40191ab5b4,False
E1,experiments/data/E1_multi_mask/golden/T7/kernels/krn_0_r.bin,1156,5993cc5697e73057a35af58adb5f0e517f0b470efb5394aaf6d84ff009579359,False
E1,experiments/data/E1_multi_mask/golden/T7/kernels/krn_1_i.bin,1156,660ef6a549518148b065e4c3b907ba0738900f3393218e604c01534072f7300c,False
E1,experiments/data/E1_multi_mask/golden/T7/kernels/krn_1_r.bin,1156,f679072cbb60ff4550b413a07ba67d1b4ce79adc3b2860f0ea9d3ccbfc40cf8c,False
E1,experiments/data/E1_multi_mask/golden/T7/kernels/krn_2_i.bin,1156,5bba1127a75fdc94ca86414addb0d698995e4d16377da792e378eb2f8b2e77bf,False
E1,experiments/data/E1_multi_mask/golden/T7/kernels/krn_2_r.bin,1156,141c553d4258ccf4c0988fb203497860a3907c8f5abdbdefe692eabaa5d7d4fd,False
E1,experiments/data/E1_multi_mask/golden/T7/kernels/krn_3_i.bin,1156,e4681aa79759be3ca966fa27e028b903fd745dbff920178f52ab04b3087f9760,False
E1,experiments/data/E1_multi_mask/golden/T7/kernels/krn_3_r.bin,1156,62141ec10c4be75152f20e8cdca0073223780a5e544da807d318ab934b9c9411,False
E1,experiments/data/E1_multi_mask/golden/T7/kernels/krn_4_i.bin,1156,3a86196652fa54bd9617a3b487eed868b3b06ae36f1b4d2eac0ba1dad034a103,False
E1,experiments/data/E1_multi_mask/golden/T7/kernels/krn_4_r.bin,1156,f0603a5992b6fa7e2690c71c8ea5694e2f6a5ecfb4748524452504e427caae34,False
E1,experiments/data/E1_multi_mask/golden/T7/kernels/krn_5_i.bin,1156,fddc78a90e72a6ae1a7dedaa9240f33a5dfb5629b0d05d18a2645c7204047cb1,False
E1,experiments/data/E1_multi_mask/golden/T7/kernels/krn_5_r.bin,1156,c2aaa8142f77bc84fad9a0d7c74e3b624401d71b952fbf5da5ae021585025500,False
E1,experiments/data/E1_multi_mask/golden/T7/kernels/krn_6_i.bin,1156,845894e0782a848e293d23b55b43f20a32e9d16f55df39088516c034a57b7164,False
E1,experiments/data/E1_multi_mask/golden/T7/kernels/krn_6_r.bin,1156,1b03844e70ee08ed0e90bd16747f0561c4b7b2e3ce71f5ecb4dd490ee28ef252,False
E1,experiments/data/E1_multi_mask/golden/T7/kernels/krn_7_i.bin,1156,b5d3768c03b8b0dc73f9d7a8aa4ce2c9827b3a34818fc981a58360f5bc6caa98,False
E1,experiments/data/E1_multi_mask/golden/T7/kernels/krn_7_r.bin,1156,a32a873588756e7e8d35d33b9d0e76501a6242db829660b888631d7bfdc9948d,False
E1,experiments/data/E1_multi_mask/golden/T7/kernels/krn_8_i.bin,1156,e8686611006cf27bb9afe9cd835222d016b0fe651a7e27f9fda8af32550b8fc9,False
E1,experiments/data/E1_multi_mask/golden/T7/kernels/krn_8_r.bin,1156,5445614af94fa38be4cf5fc559a4435ebe842b7bf59c221af1c4f5b70361f645,False
E1,experiments/data/E1_multi_mask/golden/T7/kernels/krn_9_i.bin,1156,10b09b9ddf73c6d516a60dea554a82289cec0d25589985d587eae0cb282e8e0f,False
E1,experiments/data/E1_multi_mask/golden/T7/kernels/krn_9_r.bin,1156,8d8e75f069611a722896a172eb476d76ae7b1f1e3eb06ac9ab8634b4e6a24b4d,False
E1,experiments/data/E1_multi_mask/golden/T7/mask.png,11007,03816edc5909ee180f71461ab587055b96b9fad58ada88748645b403b013b6e3,False
E1,experiments/data/E1_multi_mask/golden/T7/mskf_i.bin,4194304,8a0ea06a3bff1099e2b05ee6f4b3441c1a68a8b85434da7ba6cc029a24794076,False
E1,experiments/data/E1_multi_mask/golden/T7/mskf_r.bin,4194304,345390d24bb2a32927174b10059af28da038a162e767777e0923c1bd3fa1789d,False
E1,experiments/data/E1_multi_mask/golden/T7/scales.bin,40,a306ceb5a6871e33089f3dca8d9bfd46460be74aec4c9b91804733bc5b6a7031,False
E1,experiments/data/E1_multi_mask/golden/T7/source.png,712,49d44eb67e700218b9c9171b8f762577b343b224b590de9ac1b9ed9210c24fd6,False
E1,experiments/data/E1_multi_mask/golden/T7/tcc_i.bin,334084,bf9811f440a264e99bde20f2d379f9f30ade2f2a656a86c077e436d9b070af0b,False
E1,experiments/data/E1_multi_mask/golden/T7/tcc_r.bin,334084,974d24809b3601eaa6322fa980522ead664a8c8c7ffabf0ddfd3c2fffaad8f43,False
E1,experiments/data/E1_multi_mask/golden/T7/tmpImgp_full_128.bin,65536,fc34a41077f449a626072025c58909bf384e165e38026b1f36160baf558d9edd,False
E1,experiments/data/E1_multi_mask/golden/T7/tmpImgp_pad128.bin,4356,7e56d710c5746144dc8ba4cdaf5e81afb4e369b66039b39535d3d1b54f6c4468,False
E1,experiments/data/E1_multi_mask/golden/T8/aerial_image_socs_kernel.bin,4194304,29f01dc8c621a77ab3f57735b55b0710f287122e558f2e59d9a91a90b33f9eb8,False
E1,experiments/data/E1_multi_mask/golden/T8/aerial_image_socs_kernel.png,313461,a0bc08456e6082e3a42c5dca7b2d13d9b3690d0ff152fff832520fdf35148b65,False
E1,experiments/data/E1_multi_mask/golden/T8/aerial_image_socs_threshold.png,44777,1537d4a68db92b4b642991a6d8616f4206d6fba61e3a1986046b400af965181e,False
E1,experiments/data/E1_multi_mask/golden/T8/aerial_image_tcc_direct.bin,4194304,f0026a53bcf9f7c66daddfeed5da65b754591ac34aae6cb40126b64e126462e1,False
E1,experiments/data/E1_multi_mask/golden/T8/aerial_image_tcc_direct.png,319450,2f1d82baaef27c8f6b3ef982cf59782b46036063c99582caac7346d792d80615,False
E1,experiments/data/E1_multi_mask/golden/T8/fft_meta.txt,154,6e8fc814764f1bc0b868ca014afa33c61cbc8b24eebe7a015153b40f70fca619,True
E1,experiments/data/E1_multi_mask/golden/T8/kernels/kernel_info.txt,344,6a0c9f9105afb1acdc0ef550da3808dbeac278867ff5a2462444daffd16fe105,True
E1,experiments/data/E1_multi_mask/golden/T8/kernels/krn_0_i.bin,1156,58d9f10a7e050b8ec125c751157b61d6ea8d2a7bb02389cf4878de40191ab5b4,False
E1,experiments/data/E1_multi_mask/golden/T8/kernels/krn_0_r.bin,1156,5993cc5697e73057a35af58adb5f0e517f0b470efb5394aaf6d84ff009579359,False
E1,experiments/data/E1_multi_mask/golden/T8/kernels/krn_1_i.bin,1156,660ef6a549518148b065e4c3b907ba0738900f3393218e604c01534072f7300c,False
E1,experiments/data/E1_multi_mask/golden/T8/kernels/krn_1_r.bin,1156,f679072cbb60ff4550b413a07ba67d1b4ce79adc3b2860f0ea9d3ccbfc40cf8c,False
E1,experiments/data/E1_multi_mask/golden/T8/kernels/krn_2_i.bin,1156,5bba1127a75fdc94ca86414addb0d698995e4d16377da792e378eb2f8b2e77bf,False
E1,experiments/data/E1_multi_mask/golden/T8/kernels/krn_2_r.bin,1156,141c553d4258ccf4c0988fb203497860a3907c8f5abdbdefe692eabaa5d7d4fd,False
E1,experiments/data/E1_multi_mask/golden/T8/kernels/krn_3_i.bin,1156,e4681aa79759be3ca966fa27e028b903fd745dbff920178f52ab04b3087f9760,False
E1,experiments/data/E1_multi_mask/golden/T8/kernels/krn_3_r.bin,1156,62141ec10c4be75152f20e8cdca0073223780a5e544da807d318ab934b9c9411,False
E1,experiments/data/E1_multi_mask/golden/T8/kernels/krn_4_i.bin,1156,3a86196652fa54bd9617a3b487eed868b3b06ae36f1b4d2eac0ba1dad034a103,False
E1,experiments/data/E1_multi_mask/golden/T8/kernels/krn_4_r.bin,1156,f0603a5992b6fa7e2690c71c8ea5694e2f6a5ecfb4748524452504e427caae34,False
E1,experiments/data/E1_multi_mask/golden/T8/kernels/krn_5_i.bin,1156,fddc78a90e72a6ae1a7dedaa9240f33a5dfb5629b0d05d18a2645c7204047cb1,False
E1,experiments/data/E1_multi_mask/golden/T8/kernels/krn_5_r.bin,1156,c2aaa8142f77bc84fad9a0d7c74e3b624401d71b952fbf5da5ae021585025500,False
E1,experiments/data/E1_multi_mask/golden/T8/kernels/krn_6_i.bin,1156,845894e0782a848e293d23b55b43f20a32e9d16f55df39088516c034a57b7164,False
E1,experiments/data/E1_multi_mask/golden/T8/kernels/krn_6_r.bin,1156,1b03844e70ee08ed0e90bd16747f0561c4b7b2e3ce71f5ecb4dd490ee28ef252,False
E1,experiments/data/E1_multi_mask/golden/T8/kernels/krn_7_i.bin,1156,b5d3768c03b8b0dc73f9d7a8aa4ce2c9827b3a34818fc981a58360f5bc6caa98,False
E1,experiments/data/E1_multi_mask/golden/T8/kernels/krn_7_r.bin,1156,a32a873588756e7e8d35d33b9d0e76501a6242db829660b888631d7bfdc9948d,False
E1,experiments/data/E1_multi_mask/golden/T8/kernels/krn_8_i.bin,1156,e8686611006cf27bb9afe9cd835222d016b0fe651a7e27f9fda8af32550b8fc9,False
E1,experiments/data/E1_multi_mask/golden/T8/kernels/krn_8_r.bin,1156,5445614af94fa38be4cf5fc559a4435ebe842b7bf59c221af1c4f5b70361f645,False
E1,experiments/data/E1_multi_mask/golden/T8/kernels/krn_9_i.bin,1156,10b09b9ddf73c6d516a60dea554a82289cec0d25589985d587eae0cb282e8e0f,False
E1,experiments/data/E1_multi_mask/golden/T8/kernels/krn_9_r.bin,1156,8d8e75f069611a722896a172eb476d76ae7b1f1e3eb06ac9ab8634b4e6a24b4d,False
E1,experiments/data/E1_multi_mask/golden/T8/mask.png,10848,fe06a03cae22a94af0d5db07c7876402422c1646b280efcf821cf3727f7f8579,False
E1,experiments/data/E1_multi_mask/golden/T8/mskf_i.bin,4194304,c9a299066e4c9c4a2cb04b66903a5866f64f2329df8d3a26d2b743190a4e565a,False
E1,experiments/data/E1_multi_mask/golden/T8/mskf_r.bin,4194304,e2ddc925539306e45c9ae206084d5376aef5e0940dd63593a45a2f237703ebab,False
E1,experiments/data/E1_multi_mask/golden/T8/scales.bin,40,a306ceb5a6871e33089f3dca8d9bfd46460be74aec4c9b91804733bc5b6a7031,False
E1,experiments/data/E1_multi_mask/golden/T8/source.png,712,49d44eb67e700218b9c9171b8f762577b343b224b590de9ac1b9ed9210c24fd6,False
E1,experiments/data/E1_multi_mask/golden/T8/tcc_i.bin,334084,bf9811f440a264e99bde20f2d379f9f30ade2f2a656a86c077e436d9b070af0b,False
E1,experiments/data/E1_multi_mask/golden/T8/tcc_r.bin,334084,974d24809b3601eaa6322fa980522ead664a8c8c7ffabf0ddfd3c2fffaad8f43,False
E1,experiments/data/E1_multi_mask/golden/T8/tmpImgp_full_128.bin,65536,f4b39a6d953c101a8af4176f8b6d68c542898b41230c66f17dede3f3d730130f,False
E1,experiments/data/E1_multi_mask/golden/T8/tmpImgp_pad128.bin,4356,17a73c3b27a4443f3f47ded126639f17edb61078458bfcfe818460b030abb4fd,False
E1,experiments/data/E1_multi_mask/golden/T9/aerial_image_socs_kernel.bin,4194304,d7eea1a88b36debec48c0a14737df2c516a9fa2879669aeb651ee0560c5ce1c4,False
E1,experiments/data/E1_multi_mask/golden/T9/aerial_image_socs_kernel.png,538549,c99e78f79959741733b36b0823222fa866ab00f2f35d9b0049ff1f3b503ae71a,False
E1,experiments/data/E1_multi_mask/golden/T9/aerial_image_socs_threshold.png,55210,125a28ca8f3248a193180ddcf8dfa40b68744411c38b095ede2b8bb3ad4d4b3e,False
E1,experiments/data/E1_multi_mask/golden/T9/aerial_image_tcc_direct.bin,4194304,02f2ba1dbbb2d65fc6b813cdec4dc5a4c09a19937260e992355028014a68ca62,False
E1,experiments/data/E1_multi_mask/golden/T9/aerial_image_tcc_direct.png,540950,f8c7d46acd2026432c4fbe4b4763b074210ace26daac31ce7fda81bcf0ba76d1,False
E1,experiments/data/E1_multi_mask/golden/T9/fft_meta.txt,154,6e8fc814764f1bc0b868ca014afa33c61cbc8b24eebe7a015153b40f70fca619,True
E1,experiments/data/E1_multi_mask/golden/T9/kernels/kernel_info.txt,344,6a0c9f9105afb1acdc0ef550da3808dbeac278867ff5a2462444daffd16fe105,True
E1,experiments/data/E1_multi_mask/golden/T9/kernels/krn_0_i.bin,1156,58d9f10a7e050b8ec125c751157b61d6ea8d2a7bb02389cf4878de40191ab5b4,False
E1,experiments/data/E1_multi_mask/golden/T9/kernels/krn_0_r.bin,1156,5993cc5697e73057a35af58adb5f0e517f0b470efb5394aaf6d84ff009579359,False
E1,experiments/data/E1_multi_mask/golden/T9/kernels/krn_1_i.bin,1156,660ef6a549518148b065e4c3b907ba0738900f3393218e604c01534072f7300c,False
E1,experiments/data/E1_multi_mask/golden/T9/kernels/krn_1_r.bin,1156,f679072cbb60ff4550b413a07ba67d1b4ce79adc3b2860f0ea9d3ccbfc40cf8c,False
E1,experiments/data/E1_multi_mask/golden/T9/kernels/krn_2_i.bin,1156,5bba1127a75fdc94ca86414addb0d698995e4d16377da792e378eb2f8b2e77bf,False
E1,experiments/data/E1_multi_mask/golden/T9/kernels/krn_2_r.bin,1156,141c553d4258ccf4c0988fb203497860a3907c8f5abdbdefe692eabaa5d7d4fd,False
E1,experiments/data/E1_multi_mask/golden/T9/kernels/krn_3_i.bin,1156,e4681aa79759be3ca966fa27e028b903fd745dbff920178f52ab04b3087f9760,False
E1,experiments/data/E1_multi_mask/golden/T9/kernels/krn_3_r.bin,1156,62141ec10c4be75152f20e8cdca0073223780a5e544da807d318ab934b9c9411,False
E1,experiments/data/E1_multi_mask/golden/T9/kernels/krn_4_i.bin,1156,3a86196652fa54bd9617a3b487eed868b3b06ae36f1b4d2eac0ba1dad034a103,False
E1,experiments/data/E1_multi_mask/golden/T9/kernels/krn_4_r.bin,1156,f0603a5992b6fa7e2690c71c8ea5694e2f6a5ecfb4748524452504e427caae34,False
E1,experiments/data/E1_multi_mask/golden/T9/kernels/krn_5_i.bin,1156,fddc78a90e72a6ae1a7dedaa9240f33a5dfb5629b0d05d18a2645c7204047cb1,False
E1,experiments/data/E1_multi_mask/golden/T9/kernels/krn_5_r.bin,1156,c2aaa8142f77bc84fad9a0d7c74e3b624401d71b952fbf5da5ae021585025500,False
E1,experiments/data/E1_multi_mask/golden/T9/kernels/krn_6_i.bin,1156,845894e0782a848e293d23b55b43f20a32e9d16f55df39088516c034a57b7164,False
E1,experiments/data/E1_multi_mask/golden/T9/kernels/krn_6_r.bin,1156,1b03844e70ee08ed0e90bd16747f0561c4b7b2e3ce71f5ecb4dd490ee28ef252,False
E1,experiments/data/E1_multi_mask/golden/T9/kernels/krn_7_i.bin,1156,b5d3768c03b8b0dc73f9d7a8aa4ce2c9827b3a34818fc981a58360f5bc6caa98,False
E1,experiments/data/E1_multi_mask/golden/T9/kernels/krn_7_r.bin,1156,a32a873588756e7e8d35d33b9d0e76501a6242db829660b888631d7bfdc9948d,False
E1,experiments/data/E1_multi_mask/golden/T9/kernels/krn_8_i.bin,1156,e8686611006cf27bb9afe9cd835222d016b0fe651a7e27f9fda8af32550b8fc9,False
E1,experiments/data/E1_multi_mask/golden/T9/kernels/krn_8_r.bin,1156,5445614af94fa38be4cf5fc559a4435ebe842b7bf59c221af1c4f5b70361f645,False
E1,experiments/data/E1_multi_mask/golden/T9/kernels/krn_9_i.bin,1156,10b09b9ddf73c6d516a60dea554a82289cec0d25589985d587eae0cb282e8e0f,False
E1,experiments/data/E1_multi_mask/golden/T9/kernels/krn_9_r.bin,1156,8d8e75f069611a722896a172eb476d76ae7b1f1e3eb06ac9ab8634b4e6a24b4d,False
E1,experiments/data/E1_multi_mask/golden/T9/mask.png,11041,9f65fc4aa6a1d3291c39c026b5e9a27c5d9af0d2d4aff62c99bc40ba24bbfe6b,False
E1,experiments/data/E1_multi_mask/golden/T9/mskf_i.bin,4194304,bd4e429f864e8891e01881caa9a73fff7cd01584474a5a032569689caa481473,False
E1,experiments/data/E1_multi_mask/golden/T9/mskf_r.bin,4194304,e7ebf4ce7cc0bf1bb723673715e7a3fb772f07f1a95991b542238a2e81a82ccc,False
E1,experiments/data/E1_multi_mask/golden/T9/scales.bin,40,a306ceb5a6871e33089f3dca8d9bfd46460be74aec4c9b91804733bc5b6a7031,False
E1,experiments/data/E1_multi_mask/golden/T9/source.png,712,49d44eb67e700218b9c9171b8f762577b343b224b590de9ac1b9ed9210c24fd6,False
E1,experiments/data/E1_multi_mask/golden/T9/tcc_i.bin,334084,bf9811f440a264e99bde20f2d379f9f30ade2f2a656a86c077e436d9b070af0b,False
E1,experiments/data/E1_multi_mask/golden/T9/tcc_r.bin,334084,974d24809b3601eaa6322fa980522ead664a8c8c7ffabf0ddfd3c2fffaad8f43,False
E1,experiments/data/E1_multi_mask/golden/T9/tmpImgp_full_128.bin,65536,f2c1cf02e6912e42063a191a99c2c760a8f1b11e9a9c1869182300cf77ac98a7,False
E1,experiments/data/E1_multi_mask/golden/T9/tmpImgp_pad128.bin,4356,3244d0dd2378c597e1e84651b23369b103c30bf4ec7885b7cdb48373111dc5c2,False
E1,experiments/data/E1_multi_mask/multi_mask_accuracy.csv,4010,038452918f931a702aa81ec0e452970ffb9a557b7d135c1fd011d596409efdb1,True
E1,experiments/data/E1_multi_mask/multi_mask_coverage.csv,1637,bf5b85ec8f6ec8dcecdd8a889c60858bdcb4b55847ebd702b6f651323c5dcbaf,True
E1,experiments/data/E1_multi_mask/multi_mask_summary.json,2015,f7e24595e8edfbc607a1d8d7753ce348079d53248e4c1ea7f2da50db56ddb77f,True
E1,experiments/data/E1_multi_mask/source_png_hashes.sha256,1051,6cf588c837dbf0c9756fa6d749f1b351d81db49152eae7b6fa13a475369dd783,True
E2,experiments/data/E2_kernel_count/KERNEL_COUNT_COVERAGE_BLOCKER.json,432,3d4eba95d0d6517339e925903f196f50b7e6f7979e28a94b65a46293dc8e5a61,True
E2,experiments/data/E2_kernel_count/accuracy_latency_pareto.csv,413,dc3e0d837081e34b31b42bf66cd4aa44215f20bdfada705ed6cd1122648c6bab,True
E2,experiments/data/E2_kernel_count/kernel_count_latency_raw.csv,71360,2a2fec26907ed092ab74bbda171b2aed3c8a0b74c53e55732e7a846df581e15b,True
E2,experiments/data/E2_kernel_count/kernel_count_scaling.csv,692,d6b4639b122a300a2b63f79b75052feb7817929498fb5627c72495eb64c7b77c,True
E3,experiments/data/E3_kernel_size/KERNEL_SIZE_COVERAGE_BLOCKER.json,338,b22560c691b81a65d967836918b9729eab042d807a9a9463912dd8b672b5c464,True
E3,experiments/data/E3_kernel_size/kernel_size_runtime_config.csv,696,247ff2a2ebfc95e75574ccd4b12b6b83ab0a449400088d52e9be3b39db2b9c50,True
E4,experiments/data/E4_optical_config/OPTICAL_CONFIG_COVERAGE_BLOCKER.json,276,9743b166da27bfdea98b25e4dfa3132b9bbff602cb9acd771d2bcf4b3e5f1173,True
E4,experiments/data/E4_optical_config/defocus_model_coverage.json,799,eec087cc972135ae3ea97ebabd35d7a085ef246ab8cef51f9083b7f7d67822e1,True
E4,experiments/data/E4_optical_config/golden/annular_baseline/aerial_image_socs_kernel.bin,4194304,e1a005a08078581170629f48edb924bbd9205d269c48b0562874e5775fd705d3,False
E4,experiments/data/E4_optical_config/golden/annular_baseline/aerial_image_socs_kernel.png,450836,127bcbca2e359b836654801e4edbab449cfa12b735a6ea8cb071c5ce0048f681,False
E4,experiments/data/E4_optical_config/golden/annular_baseline/aerial_image_socs_threshold.png,51364,72b6e5e6c12eb0c98688c682fb8e4b5d6bd05bd3babfad685af2fe6505a60aee,False
E4,experiments/data/E4_optical_config/golden/annular_baseline/aerial_image_tcc_direct.bin,4194304,72bde290cd1668b6b8b313ef500e0b0a61374f6f9ffb3039f545f94fbded8f5b,False
E4,experiments/data/E4_optical_config/golden/annular_baseline/aerial_image_tcc_direct.png,458311,ab8b39de04d86fcfcb6013953f957256902fca26c8b12c35392cb70030dba903,False
E4,experiments/data/E4_optical_config/golden/annular_baseline/fft_meta.txt,154,6e8fc814764f1bc0b868ca014afa33c61cbc8b24eebe7a015153b40f70fca619,True
E4,experiments/data/E4_optical_config/golden/annular_baseline/kernels/kernel_info.txt,344,6a0c9f9105afb1acdc0ef550da3808dbeac278867ff5a2462444daffd16fe105,True
E4,experiments/data/E4_optical_config/golden/annular_baseline/kernels/krn_0_i.bin,1156,58d9f10a7e050b8ec125c751157b61d6ea8d2a7bb02389cf4878de40191ab5b4,False
E4,experiments/data/E4_optical_config/golden/annular_baseline/kernels/krn_0_r.bin,1156,5993cc5697e73057a35af58adb5f0e517f0b470efb5394aaf6d84ff009579359,False
E4,experiments/data/E4_optical_config/golden/annular_baseline/kernels/krn_1_i.bin,1156,660ef6a549518148b065e4c3b907ba0738900f3393218e604c01534072f7300c,False
E4,experiments/data/E4_optical_config/golden/annular_baseline/kernels/krn_1_r.bin,1156,f679072cbb60ff4550b413a07ba67d1b4ce79adc3b2860f0ea9d3ccbfc40cf8c,False
E4,experiments/data/E4_optical_config/golden/annular_baseline/kernels/krn_2_i.bin,1156,5bba1127a75fdc94ca86414addb0d698995e4d16377da792e378eb2f8b2e77bf,False
E4,experiments/data/E4_optical_config/golden/annular_baseline/kernels/krn_2_r.bin,1156,141c553d4258ccf4c0988fb203497860a3907c8f5abdbdefe692eabaa5d7d4fd,False
E4,experiments/data/E4_optical_config/golden/annular_baseline/kernels/krn_3_i.bin,1156,e4681aa79759be3ca966fa27e028b903fd745dbff920178f52ab04b3087f9760,False
E4,experiments/data/E4_optical_config/golden/annular_baseline/kernels/krn_3_r.bin,1156,62141ec10c4be75152f20e8cdca0073223780a5e544da807d318ab934b9c9411,False
E4,experiments/data/E4_optical_config/golden/annular_baseline/kernels/krn_4_i.bin,1156,3a86196652fa54bd9617a3b487eed868b3b06ae36f1b4d2eac0ba1dad034a103,False
E4,experiments/data/E4_optical_config/golden/annular_baseline/kernels/krn_4_r.bin,1156,f0603a5992b6fa7e2690c71c8ea5694e2f6a5ecfb4748524452504e427caae34,False
E4,experiments/data/E4_optical_config/golden/annular_baseline/kernels/krn_5_i.bin,1156,fddc78a90e72a6ae1a7dedaa9240f33a5dfb5629b0d05d18a2645c7204047cb1,False
E4,experiments/data/E4_optical_config/golden/annular_baseline/kernels/krn_5_r.bin,1156,c2aaa8142f77bc84fad9a0d7c74e3b624401d71b952fbf5da5ae021585025500,False
E4,experiments/data/E4_optical_config/golden/annular_baseline/kernels/krn_6_i.bin,1156,845894e0782a848e293d23b55b43f20a32e9d16f55df39088516c034a57b7164,False
E4,experiments/data/E4_optical_config/golden/annular_baseline/kernels/krn_6_r.bin,1156,1b03844e70ee08ed0e90bd16747f0561c4b7b2e3ce71f5ecb4dd490ee28ef252,False
E4,experiments/data/E4_optical_config/golden/annular_baseline/kernels/krn_7_i.bin,1156,b5d3768c03b8b0dc73f9d7a8aa4ce2c9827b3a34818fc981a58360f5bc6caa98,False
E4,experiments/data/E4_optical_config/golden/annular_baseline/kernels/krn_7_r.bin,1156,a32a873588756e7e8d35d33b9d0e76501a6242db829660b888631d7bfdc9948d,False
E4,experiments/data/E4_optical_config/golden/annular_baseline/kernels/krn_8_i.bin,1156,e8686611006cf27bb9afe9cd835222d016b0fe651a7e27f9fda8af32550b8fc9,False
E4,experiments/data/E4_optical_config/golden/annular_baseline/kernels/krn_8_r.bin,1156,5445614af94fa38be4cf5fc559a4435ebe842b7bf59c221af1c4f5b70361f645,False
E4,experiments/data/E4_optical_config/golden/annular_baseline/kernels/krn_9_i.bin,1156,10b09b9ddf73c6d516a60dea554a82289cec0d25589985d587eae0cb282e8e0f,False
E4,experiments/data/E4_optical_config/golden/annular_baseline/kernels/krn_9_r.bin,1156,8d8e75f069611a722896a172eb476d76ae7b1f1e3eb06ac9ab8634b4e6a24b4d,False
E4,experiments/data/E4_optical_config/golden/annular_baseline/mask.png,10930,43cd4ae381555b626284005b7b0f431eb5c5a590e0acebd21efc556d69ee015b,False
E4,experiments/data/E4_optical_config/golden/annular_baseline/mskf_i.bin,4194304,bf29ca20f931fb8b2ffcaf5ff697223d418a90e45242abcc4ff029f07b4eb4ce,False
E4,experiments/data/E4_optical_config/golden/annular_baseline/mskf_r.bin,4194304,0ae365ac8e2778b1804dc2e1005092a93a4468935e5ef644181e51b2c2122f0f,False
E4,experiments/data/E4_optical_config/golden/annular_baseline/scales.bin,40,a306ceb5a6871e33089f3dca8d9bfd46460be74aec4c9b91804733bc5b6a7031,False
E4,experiments/data/E4_optical_config/golden/annular_baseline/source.png,712,49d44eb67e700218b9c9171b8f762577b343b224b590de9ac1b9ed9210c24fd6,False
E4,experiments/data/E4_optical_config/golden/annular_baseline/tcc_i.bin,334084,bf9811f440a264e99bde20f2d379f9f30ade2f2a656a86c077e436d9b070af0b,False
E4,experiments/data/E4_optical_config/golden/annular_baseline/tcc_r.bin,334084,974d24809b3601eaa6322fa980522ead664a8c8c7ffabf0ddfd3c2fffaad8f43,False
E4,experiments/data/E4_optical_config/golden/annular_baseline/tmpImgp_full_128.bin,65536,dcf873916e4e3ccce58e3cebb65ff1f6c2d9601c7321c092f0c0ddd5c3f24130,False
E4,experiments/data/E4_optical_config/golden/annular_baseline/tmpImgp_pad128.bin,4356,9b4c00edd6e04d2ff558e83e11f2387f0e65bd8e9e34e4dc4dfd0968a33ebdc0,False
E4,experiments/data/E4_optical_config/golden/annular_defocus_100nm/aerial_image_socs_kernel.bin,4194304,5c89545fbf0001a83f26b8e9eed82c479ff6164d8cb47d4ec03d5975fe33c5d3,False
E4,experiments/data/E4_optical_config/golden/annular_defocus_100nm/aerial_image_socs_kernel.png,575469,e931d5dd3e951a069d69544e6de7248b37d0d148107db90e6515764ed9bf33af,False
E4,experiments/data/E4_optical_config/golden/annular_defocus_100nm/aerial_image_socs_threshold.png,31791,aec0e1d790b1ebdf4f8dad8b24ab07e5b0a353901844acc4f39b4af18d1b5a7c,False
E4,experiments/data/E4_optical_config/golden/annular_defocus_100nm/aerial_image_tcc_direct.bin,4194304,cf8fa0058ef1ed7c06e3bad41a96eb379a82a2512fe217c334f863dcbdad9031,False
E4,experiments/data/E4_optical_config/golden/annular_defocus_100nm/aerial_image_tcc_direct.png,627170,7bc4c1fd600675291016801f6710b3e498afbc3d35babeade36e94a20c4626c7,False
E4,experiments/data/E4_optical_config/golden/annular_defocus_100nm/fft_meta.txt,154,6e8fc814764f1bc0b868ca014afa33c61cbc8b24eebe7a015153b40f70fca619,True
E4,experiments/data/E4_optical_config/golden/annular_defocus_100nm/kernels/kernel_info.txt,345,0adec5efeaa43b4bcf8ddbd8a56bf9d7498f7de5bdbbf49c51ecd931dd750fa2,True
E4,experiments/data/E4_optical_config/golden/annular_defocus_100nm/kernels/krn_0_i.bin,1156,fb5467f56fa52afa5c8b96e3a2e421c5a55d4ed6a0c2440648d521bcb94afc26,False
E4,experiments/data/E4_optical_config/golden/annular_defocus_100nm/kernels/krn_0_r.bin,1156,f7be12088ddc57b11ad050e8b6605fd2c63edee9db368798c000ae7038ee38e8,False
E4,experiments/data/E4_optical_config/golden/annular_defocus_100nm/kernels/krn_1_i.bin,1156,a43decedacc66befe443fc7862f1e842b236484feb5eb043a8981a78a6c0820a,False
E4,experiments/data/E4_optical_config/golden/annular_defocus_100nm/kernels/krn_1_r.bin,1156,778c339b647e2d7e46b389fc06d08c854a0ee1d666e8b8ee854acf50568bb251,False
E4,experiments/data/E4_optical_config/golden/annular_defocus_100nm/kernels/krn_2_i.bin,1156,8f051abe275005a59b2d74ac4f1b988f2f1b9d12593b15eb6a33d22f369eb320,False
E4,experiments/data/E4_optical_config/golden/annular_defocus_100nm/kernels/krn_2_r.bin,1156,c5ec27841aa27ec13111191c99e7898f1af789497bef5df74505ba6513f9bb14,False
E4,experiments/data/E4_optical_config/golden/annular_defocus_100nm/kernels/krn_3_i.bin,1156,0b20d56a37f1e07db37917b88c88a003222a580f777331b4378a9dcc65ce941e,False
E4,experiments/data/E4_optical_config/golden/annular_defocus_100nm/kernels/krn_3_r.bin,1156,955ca128af971418c3e875401ae02d61974f5121adbb89000a9465511502dc2e,False
E4,experiments/data/E4_optical_config/golden/annular_defocus_100nm/kernels/krn_4_i.bin,1156,183bfa197b53fec6ae38a6ac5f14649e9bfae2f2846f7db80b42f64a96610819,False
E4,experiments/data/E4_optical_config/golden/annular_defocus_100nm/kernels/krn_4_r.bin,1156,a72e40644d121b6824ca601c88c835f4bd6d90cca55f2a169d99bff5c1b34c13,False
E4,experiments/data/E4_optical_config/golden/annular_defocus_100nm/kernels/krn_5_i.bin,1156,f8177236224c8a7f1e16e04e92fcef10c4258b859e32e98dd40afcd94db70400,False
E4,experiments/data/E4_optical_config/golden/annular_defocus_100nm/kernels/krn_5_r.bin,1156,97f6eb68f0894fd67e9c9a4c0cbab07fe27145c9b59d83fdd1fc974e9930b29f,False
E4,experiments/data/E4_optical_config/golden/annular_defocus_100nm/kernels/krn_6_i.bin,1156,1298d700a22d664deed8973c3b695c6e75dd461905212a420640454beb0edd52,False
E4,experiments/data/E4_optical_config/golden/annular_defocus_100nm/kernels/krn_6_r.bin,1156,9fc972fae82e85f192121a534694d0a0daa9de89eef2285da739f4bccde28161,False
E4,experiments/data/E4_optical_config/golden/annular_defocus_100nm/kernels/krn_7_i.bin,1156,4aa8eb8874316cbca14f1d95e84fe1794c243d9927a7556d17c935ea98818585,False
E4,experiments/data/E4_optical_config/golden/annular_defocus_100nm/kernels/krn_7_r.bin,1156,50c76fb765b47805698114463cdf7a6f3ffe263cfda76f6447afe7668ce47b61,False
E4,experiments/data/E4_optical_config/golden/annular_defocus_100nm/kernels/krn_8_i.bin,1156,e2d38d1ac3bbf591afee4a0cb6184291c8f07a9b6d0585f46c314501301dbbde,False
E4,experiments/data/E4_optical_config/golden/annular_defocus_100nm/kernels/krn_8_r.bin,1156,cb321157517912c3175db2502ede39e93468eab0292cfe4b8b1fd5d430894fc2,False
E4,experiments/data/E4_optical_config/golden/annular_defocus_100nm/kernels/krn_9_i.bin,1156,5dc2717955f1fc83cbd2dc74b20a31d534967c4a6ca3f67f02207f56cd4a40b7,False
E4,experiments/data/E4_optical_config/golden/annular_defocus_100nm/kernels/krn_9_r.bin,1156,ce5356c6d42728c49854b0ccc43cb0b065edfc1326e8fbac436832653d6f8bc1,False
E4,experiments/data/E4_optical_config/golden/annular_defocus_100nm/mask.png,10930,43cd4ae381555b626284005b7b0f431eb5c5a590e0acebd21efc556d69ee015b,False
E4,experiments/data/E4_optical_config/golden/annular_defocus_100nm/mskf_i.bin,4194304,bf29ca20f931fb8b2ffcaf5ff697223d418a90e45242abcc4ff029f07b4eb4ce,False
E4,experiments/data/E4_optical_config/golden/annular_defocus_100nm/mskf_r.bin,4194304,0ae365ac8e2778b1804dc2e1005092a93a4468935e5ef644181e51b2c2122f0f,False
E4,experiments/data/E4_optical_config/golden/annular_defocus_100nm/scales.bin,40,cd0f2b32f070e44cf38c39fe1532ea695e73811ed0caa620d11f959cad5f86d1,False
E4,experiments/data/E4_optical_config/golden/annular_defocus_100nm/source.png,712,49d44eb67e700218b9c9171b8f762577b343b224b590de9ac1b9ed9210c24fd6,False
E4,experiments/data/E4_optical_config/golden/annular_defocus_100nm/tcc_i.bin,334084,19d2f0227a46390f6aba53a6825dcceec2084bc96011de3a4724ad7dab64ac1c,False
E4,experiments/data/E4_optical_config/golden/annular_defocus_100nm/tcc_r.bin,334084,21f11664a0ac9f9fcdf461af8defb3d3894703bba4230ca6f90ed4a364257bec,False
E4,experiments/data/E4_optical_config/golden/annular_defocus_100nm/tmpImgp_full_128.bin,65536,2a10ec68269a6cde15ba7fb7bd6d581e6555cf27c68b67ed6a874ec424eac3ba,False
E4,experiments/data/E4_optical_config/golden/annular_defocus_100nm/tmpImgp_pad128.bin,4356,684e2ac222aa585035ab1b10140e33642a8262bddb23a15c2125890f4e31c150,False
E4,experiments/data/E4_optical_config/golden/annular_defocus_10nm/aerial_image_socs_kernel.bin,4194304,f0d383c421be51d799414ba6b7f55691e7e0dde6535dced70381c0c7fe7788fb,False
E4,experiments/data/E4_optical_config/golden/annular_defocus_10nm/aerial_image_socs_kernel.png,530023,f54bff63421296a467544f6bfa5e3583c291787ba52b7c2aeeb452159f910053,False
E4,experiments/data/E4_optical_config/golden/annular_defocus_10nm/aerial_image_socs_threshold.png,31904,3da1356b701e2457ac3c4d0cfa7b2b1a15c974695550df7556841ec469585046,False
E4,experiments/data/E4_optical_config/golden/annular_defocus_10nm/aerial_image_tcc_direct.bin,4194304,38725029742f8798392a4e00cfb0a2d4d593d9646917aa4a226aabf6beff4b2d,False
E4,experiments/data/E4_optical_config/golden/annular_defocus_10nm/aerial_image_tcc_direct.png,531813,b4d928287283fc2408293f95570f60d35c0d8c10e37c3da23d81c1237a4949e3,False
E4,experiments/data/E4_optical_config/golden/annular_defocus_10nm/fft_meta.txt,154,6e8fc814764f1bc0b868ca014afa33c61cbc8b24eebe7a015153b40f70fca619,True
E4,experiments/data/E4_optical_config/golden/annular_defocus_10nm/kernels/kernel_info.txt,347,9702abbbe263600ed93021cfef1903546a4fa4e58e80a995d898c94282a706dc,True
E4,experiments/data/E4_optical_config/golden/annular_defocus_10nm/kernels/krn_0_i.bin,1156,e4bf02e06abfeb44499b58a5b938d7cab1cfc0d9402590072207d57a7b16b8ea,False
E4,experiments/data/E4_optical_config/golden/annular_defocus_10nm/kernels/krn_0_r.bin,1156,a076d9da94b5cc2c9c66f1714509bd4b01d07b07fd0a872a0add5269e29dd739,False
E4,experiments/data/E4_optical_config/golden/annular_defocus_10nm/kernels/krn_1_i.bin,1156,490b1e68a302482a0ba4b88c9bdac52dc1cb21aef203e0fe9ed8ddcb0fbeab78,False
E4,experiments/data/E4_optical_config/golden/annular_defocus_10nm/kernels/krn_1_r.bin,1156,a0bdba4b9d14455e22077b0234495ebd81f8fc8d524a22f278795823b83f15a9,False
E4,experiments/data/E4_optical_config/golden/annular_defocus_10nm/kernels/krn_2_i.bin,1156,133b1de942117916b3e19e07740fd1d64071e6d9bae54148aa42126aa7f85934,False
E4,experiments/data/E4_optical_config/golden/annular_defocus_10nm/kernels/krn_2_r.bin,1156,c42528186a4fc42f7137d49a061eb22edbf688ce918db80f31bf44f479d48c0b,False
E4,experiments/data/E4_optical_config/golden/annular_defocus_10nm/kernels/krn_3_i.bin,1156,25fcbdd01a9d477dc7de23869969d2bdca93d2c12975981c6d6f0e585a3238e1,False
E4,experiments/data/E4_optical_config/golden/annular_defocus_10nm/kernels/krn_3_r.bin,1156,12a944fb1aaa3fde0e0a555325fb3c746e901b59a02815e48dac83e8afc8a98e,False
E4,experiments/data/E4_optical_config/golden/annular_defocus_10nm/kernels/krn_4_i.bin,1156,609291bf14afa1d7b03f0d71a4a86b3053c1fe3731284eb23d235f9766255958,False
E4,experiments/data/E4_optical_config/golden/annular_defocus_10nm/kernels/krn_4_r.bin,1156,2ed52c7925de8b64f70c5cc90b19295de4aa95c108ede2582f3a11e3c6afe072,False
E4,experiments/data/E4_optical_config/golden/annular_defocus_10nm/kernels/krn_5_i.bin,1156,fcf99c438cd19a387b2e7e2501789ea0315d45fe5d3b924095d13f44f6ee469a,False
E4,experiments/data/E4_optical_config/golden/annular_defocus_10nm/kernels/krn_5_r.bin,1156,fa741542cde902454bc9d2fb168f9ba6a18e0641cadae43a291f4eced6cb1c55,False
E4,experiments/data/E4_optical_config/golden/annular_defocus_10nm/kernels/krn_6_i.bin,1156,999a5dfc5238e96ac5f41040e7dae0505e5277480036d94e9fa49043ca1b337f,False
E4,experiments/data/E4_optical_config/golden/annular_defocus_10nm/kernels/krn_6_r.bin,1156,9fc6a64f70318fcb7007659f9119d77eb8fd40828678ca1d32a42219b83a39b5,False
E4,experiments/data/E4_optical_config/golden/annular_defocus_10nm/kernels/krn_7_i.bin,1156,f6d1df76d3849d4045c153d48efdfc760506094383e0816001da53bdcb4f837f,False
E4,experiments/data/E4_optical_config/golden/annular_defocus_10nm/kernels/krn_7_r.bin,1156,747090609b9ca430fc8d1240b023c4941b9f686d3b14056f53576d9b2e839e2b,False
E4,experiments/data/E4_optical_config/golden/annular_defocus_10nm/kernels/krn_8_i.bin,1156,81067d754d6e70a55257785f318fc9e3e7ba15d4727cb88cd78497f5d24915a9,False
E4,experiments/data/E4_optical_config/golden/annular_defocus_10nm/kernels/krn_8_r.bin,1156,01d575af936f0593a45d0f263b1dacf356375dc66ba6cc995c8f8af1a57da28f,False
E4,experiments/data/E4_optical_config/golden/annular_defocus_10nm/kernels/krn_9_i.bin,1156,31187375d9c1412c8457a355ef167acfa5b6cc0925525a851e55dc9e8e281e65,False
E4,experiments/data/E4_optical_config/golden/annular_defocus_10nm/kernels/krn_9_r.bin,1156,1704391e8acb8b0732b3512998f12e3f7aff5fe855b04fe857dff14a315db674,False
E4,experiments/data/E4_optical_config/golden/annular_defocus_10nm/mask.png,10930,43cd4ae381555b626284005b7b0f431eb5c5a590e0acebd21efc556d69ee015b,False
E4,experiments/data/E4_optical_config/golden/annular_defocus_10nm/mskf_i.bin,4194304,bf29ca20f931fb8b2ffcaf5ff697223d418a90e45242abcc4ff029f07b4eb4ce,False
E4,experiments/data/E4_optical_config/golden/annular_defocus_10nm/mskf_r.bin,4194304,0ae365ac8e2778b1804dc2e1005092a93a4468935e5ef644181e51b2c2122f0f,False
E4,experiments/data/E4_optical_config/golden/annular_defocus_10nm/scales.bin,40,488d8285a57472e0f296da888c51fc4344118b44f0b9d18022b9512d079d2da9,False
E4,experiments/data/E4_optical_config/golden/annular_defocus_10nm/source.png,712,49d44eb67e700218b9c9171b8f762577b343b224b590de9ac1b9ed9210c24fd6,False
E4,experiments/data/E4_optical_config/golden/annular_defocus_10nm/tcc_i.bin,334084,a61d490a7e719b143ff8e9ad6ea0e794693c78a9db52123d827c38ed342d7a31,False
E4,experiments/data/E4_optical_config/golden/annular_defocus_10nm/tcc_r.bin,334084,7d1cc9812576a75cd6b731d8b9a4064c9e0d8b01efed1665eed31f7802713520,False
E4,experiments/data/E4_optical_config/golden/annular_defocus_10nm/tmpImgp_full_128.bin,65536,43f901a0c37a7982bbffe9dffc2f6f9cdfcca41cb3794e605d7c4b28687a5614,False
E4,experiments/data/E4_optical_config/golden/annular_defocus_10nm/tmpImgp_pad128.bin,4356,18fd34fc4c874985f946ed906beb161558b7ce76954d92ef55075348b2d29cbf,False
E4,experiments/data/E4_optical_config/golden/annular_na_0_6/aerial_image_socs_kernel.bin,4194304,8ea4aaed1a9276b8eb8f14a4cdce70cacd8240f22c870220b2a5e01c787343db,False
E4,experiments/data/E4_optical_config/golden/annular_na_0_6/aerial_image_socs_kernel.png,453270,c7b21b081383ddc37dfc48bee5ac4c8b4dba72103b79529544fab4962c53afd0,False
E4,experiments/data/E4_optical_config/golden/annular_na_0_6/aerial_image_socs_threshold.png,44890,a95b01187434dfab54ad94a4468e38795ec8f2c8f5495509cdd36488080ab8d2,False
E4,experiments/data/E4_optical_config/golden/annular_na_0_6/aerial_image_tcc_direct.bin,4194304,196c42b6ab63c5d70d0c3ce413d23b9d69098f69479309841364aa27a36f4d7f,False
E4,experiments/data/E4_optical_config/golden/annular_na_0_6/aerial_image_tcc_direct.png,455468,ee7891f135d6c0957ff1ef69cdb827208cbf41280679f8bc74b6c2c6b5c7d895,False
E4,experiments/data/E4_optical_config/golden/annular_na_0_6/fft_meta.txt,154,7dc14e0081eac2474fd40803babdb23bbe3c4f9a7cc6fe081543455d88002bf6,True
E4,experiments/data/E4_optical_config/golden/annular_na_0_6/kernels/kernel_info.txt,345,fcb705a301d5aba4bfe6aa88f7023c2bf6d1f2296ac7f5324375fb758817b529,True
E4,experiments/data/E4_optical_config/golden/annular_na_0_6/kernels/krn_0_i.bin,676,030a94feb634f63a267c412c670ca719d34c9c453b4803595c04be9beae89b82,False
E4,experiments/data/E4_optical_config/golden/annular_na_0_6/kernels/krn_0_r.bin,676,6e58b9113039efdb701a64896871def548677448843da63ac22180c37d657fb7,False
E4,experiments/data/E4_optical_config/golden/annular_na_0_6/kernels/krn_1_i.bin,676,4a08a5a8963c29b6425e5508d88a7c573d714eee8497cf14c9923cd940e51700,False
E4,experiments/data/E4_optical_config/golden/annular_na_0_6/kernels/krn_1_r.bin,676,66a6950524f8da55513c285fabe6ac9085c025d9b3982f16de7e610d967da3fe,False
E4,experiments/data/E4_optical_config/golden/annular_na_0_6/kernels/krn_2_i.bin,676,8bcff47cd4600e8a3bd0d0045122b267f46b4a2aed6bfb00a0493c6c2227bfcd,False
E4,experiments/data/E4_optical_config/golden/annular_na_0_6/kernels/krn_2_r.bin,676,c5ada7a5c261f8683daef9dceacbe624a5003e65f0d28a665ea43369717791a2,False
E4,experiments/data/E4_optical_config/golden/annular_na_0_6/kernels/krn_3_i.bin,676,0b095611f19ca6c938cfc316060f92199e8ff89667d9c00293b4a11f9ff2793d,False
E4,experiments/data/E4_optical_config/golden/annular_na_0_6/kernels/krn_3_r.bin,676,31538b5245ac9fb12a5251bc6d5dca246c93cbf2a50f42c5c9eca8018624e127,False
E4,experiments/data/E4_optical_config/golden/annular_na_0_6/kernels/krn_4_i.bin,676,e1c4b0cde0803282959f03762afeb4a456a17a9988f36f745401a34ca0de9835,False
E4,experiments/data/E4_optical_config/golden/annular_na_0_6/kernels/krn_4_r.bin,676,3bb849ed713e44208793a4e36c0edb10cac519bf3055b88b6f832d64944574a1,False
E4,experiments/data/E4_optical_config/golden/annular_na_0_6/kernels/krn_5_i.bin,676,ff710e7a4724485d6c82cb620fa3ca48643b61b94a0340dcc5bee9e15395040a,False
E4,experiments/data/E4_optical_config/golden/annular_na_0_6/kernels/krn_5_r.bin,676,bb01460b100058ec10df1f91b18443e3a2d6af42a39ebd8e9c5a772def92172f,False
E4,experiments/data/E4_optical_config/golden/annular_na_0_6/kernels/krn_6_i.bin,676,d1e9b3fd625658a93dda76703c53c2b2b135957cb5b0ef0698ab3b4d0c17def1,False
E4,experiments/data/E4_optical_config/golden/annular_na_0_6/kernels/krn_6_r.bin,676,ec113e8dfd1229aae5ba0931e37156f43368a7c6ea19c1fff25733f1b94a9ed0,False
E4,experiments/data/E4_optical_config/golden/annular_na_0_6/kernels/krn_7_i.bin,676,a8459275a2d85da49a55b1e92c2a24e355cbb839743faf221cab8f25510dca80,False
E4,experiments/data/E4_optical_config/golden/annular_na_0_6/kernels/krn_7_r.bin,676,f61ea8214caa58b3d234799ed375ef1099398973de1b1db2d62be6761055a2e2,False
E4,experiments/data/E4_optical_config/golden/annular_na_0_6/kernels/krn_8_i.bin,676,d80d548324ad5b24b46ef1a34f0ad1f9b09d9b9a5da478aed9d13e1c2fae9981,False
E4,experiments/data/E4_optical_config/golden/annular_na_0_6/kernels/krn_8_r.bin,676,1291be7f337a738956f023c3bed39a0c0dee45a08b40bb0f9d92cdbaeca578f0,False
E4,experiments/data/E4_optical_config/golden/annular_na_0_6/kernels/krn_9_i.bin,676,ee9cc0f4d5780ed688673fff7d8a6aad84a8c6c4e61a14c3ed6978839d905785,False
E4,experiments/data/E4_optical_config/golden/annular_na_0_6/kernels/krn_9_r.bin,676,4892cf9f45550e15f46a071b2555f5c03106e21c4c58a76dd987abf19338bde1,False
E4,experiments/data/E4_optical_config/golden/annular_na_0_6/mask.png,10930,43cd4ae381555b626284005b7b0f431eb5c5a590e0acebd21efc556d69ee015b,False
E4,experiments/data/E4_optical_config/golden/annular_na_0_6/mskf_i.bin,4194304,bf29ca20f931fb8b2ffcaf5ff697223d418a90e45242abcc4ff029f07b4eb4ce,False
E4,experiments/data/E4_optical_config/golden/annular_na_0_6/mskf_r.bin,4194304,0ae365ac8e2778b1804dc2e1005092a93a4468935e5ef644181e51b2c2122f0f,False
E4,experiments/data/E4_optical_config/golden/annular_na_0_6/scales.bin,40,b107cd7cad26f83fc8260ca76e39b253a52326e9b437e5bcadd20fb989c9202e,False
E4,experiments/data/E4_optical_config/golden/annular_na_0_6/source.png,712,49d44eb67e700218b9c9171b8f762577b343b224b590de9ac1b9ed9210c24fd6,False
E4,experiments/data/E4_optical_config/golden/annular_na_0_6/tcc_i.bin,114244,40b0323abe520dc21a74268fc5300742be1e060bfcc59da34669bfc2a2cc37ce,False
E4,experiments/data/E4_optical_config/golden/annular_na_0_6/tcc_r.bin,114244,9f7b2ae760e4d96fd3a448b2330fbff49835e5e8a6cb837a02ba1f8fc71918a1,False
E4,experiments/data/E4_optical_config/golden/annular_na_0_6/tmpImgp_full_128.bin,65536,923a30e8f5d76dba7a2d939423b56fd05d737ec3a5e970737cc32d070d11c554,False
E4,experiments/data/E4_optical_config/golden/annular_na_0_6/tmpImgp_pad128.bin,2500,65736a09bbb6289351bacbaade6cc8c69cb2f3f768fe0f5894585727e97650d9,False
E4,experiments/data/E4_optical_config/golden/cross_quadrupole/aerial_image_socs_kernel.bin,4194304,32ea6919fb74f84f1fce0509c877cca3a8411ac3c82b45e600a7db9a02210a7f,False
E4,experiments/data/E4_optical_config/golden/cross_quadrupole/aerial_image_socs_kernel.png,429266,2a2915aacad856a10b342eea467b86dae5d6ec06a1e485dda6a5b72c90fcfbcd,False
E4,experiments/data/E4_optical_config/golden/cross_quadrupole/aerial_image_socs_threshold.png,49018,39a3c512d4e94f1a82da93bf3ad01b74a8367f4d030c05515064a4d6ed66e001,False
E4,experiments/data/E4_optical_config/golden/cross_quadrupole/aerial_image_tcc_direct.bin,4194304,e77de4b12b4383ac017b6ca74ede5b2556f0de4a90eed83bc2e0507c264581e0,False
E4,experiments/data/E4_optical_config/golden/cross_quadrupole/aerial_image_tcc_direct.png,430395,0f74d10b00036268af1c1cce1a13ef5a398bdef62e8a8138f7a694868464b525,False
E4,experiments/data/E4_optical_config/golden/cross_quadrupole/fft_meta.txt,154,59dd43a6e713933b245d70e24696f8a5e3db0195171ccd14efaba8f0b4a3c65a,True
E4,experiments/data/E4_optical_config/golden/cross_quadrupole/kernels/kernel_info.txt,346,5e2ae5a88c1f7861921f5ddb2115b2fbc2304b1e0ec4171c820486000df52780,True
E4,experiments/data/E4_optical_config/golden/cross_quadrupole/kernels/krn_0_i.bin,900,7687c42b17e3e40c48c9129515c204fef5c870924407acc31385deb6b79b60a4,False
E4,experiments/data/E4_optical_config/golden/cross_quadrupole/kernels/krn_0_r.bin,900,69d2b5d21d3fab5ebf4ac8ba8e90edc1719d87e3be3b6f57af4f4a15e74862f4,False
E4,experiments/data/E4_optical_config/golden/cross_quadrupole/kernels/krn_1_i.bin,900,9a8889596dabf7007912db9d28dfd16dccff847eef34a936b47207062590382b,False
E4,experiments/data/E4_optical_config/golden/cross_quadrupole/kernels/krn_1_r.bin,900,4e59b2601b36386ab7dae48b7284a981df71b6a955228c256355c197062bd409,False
E4,experiments/data/E4_optical_config/golden/cross_quadrupole/kernels/krn_2_i.bin,900,c0bf1db425c9f2605a917d71ed7105fbc5009858e338ba02181e93fe66fd0dfd,False
E4,experiments/data/E4_optical_config/golden/cross_quadrupole/kernels/krn_2_r.bin,900,2ea073681f3bb2d4c98a66558dc93d0fbf0544ea69f554482cf1fdec96cc7c5f,False
E4,experiments/data/E4_optical_config/golden/cross_quadrupole/kernels/krn_3_i.bin,900,7f192cac0550aedd7e3eb836120b7d95bb4791ae4811426ef751a6d2e2ca6ba0,False
E4,experiments/data/E4_optical_config/golden/cross_quadrupole/kernels/krn_3_r.bin,900,66b753b8230a68b6fe43d49548a7f76762969c643243f38d8bc47b407cb7e8e0,False
E4,experiments/data/E4_optical_config/golden/cross_quadrupole/kernels/krn_4_i.bin,900,24fd9634a1cb70ec8de89315bad7d91b7ec8f0a7ae7b7d8af00c24f5f171b77b,False
E4,experiments/data/E4_optical_config/golden/cross_quadrupole/kernels/krn_4_r.bin,900,90a7664e39057ba0bad8792895770227af209039dca78ab0636a714214f8f37d,False
E4,experiments/data/E4_optical_config/golden/cross_quadrupole/kernels/krn_5_i.bin,900,589d19ecb12b8078f4e01068f6cb752b84ae803fa9966bfb44b7dc6926652834,False
E4,experiments/data/E4_optical_config/golden/cross_quadrupole/kernels/krn_5_r.bin,900,23847be1e776bfed758792e0051a24bdc5b482bae99119517536de28606c143e,False
E4,experiments/data/E4_optical_config/golden/cross_quadrupole/kernels/krn_6_i.bin,900,83ff5c097bf0a211c8a32484b0416a128f5e4b87c8d61c9c7c9eda0a75d5ea41,False
E4,experiments/data/E4_optical_config/golden/cross_quadrupole/kernels/krn_6_r.bin,900,9ba759e6a5430361ad1f3513e2754b0b9c8403556359f740f477f65a7d423bf1,False
E4,experiments/data/E4_optical_config/golden/cross_quadrupole/kernels/krn_7_i.bin,900,e954f5699dd42691eba4d748d3669b790ccd8bddf10309d72a912e423d5b8a62,False
E4,experiments/data/E4_optical_config/golden/cross_quadrupole/kernels/krn_7_r.bin,900,1a53ca1382801332489650c7cbd584572e06e658243068cf8a49a5485fb7d621,False
E4,experiments/data/E4_optical_config/golden/cross_quadrupole/kernels/krn_8_i.bin,900,12ebc37fc880e2a7e4295cc7193bcd2ca74afcb7602e42ebdfeb9b82104cd024,False
E4,experiments/data/E4_optical_config/golden/cross_quadrupole/kernels/krn_8_r.bin,900,3d9241ebad279ee2bd86c46b73ea37ca85301d90aae0ee60f0bf3e9dcaa900fc,False
E4,experiments/data/E4_optical_config/golden/cross_quadrupole/kernels/krn_9_i.bin,900,79cef48deadef661a31330e5e36427fcf17587e4642f9c3ebec71b5a863e52a0,False
E4,experiments/data/E4_optical_config/golden/cross_quadrupole/kernels/krn_9_r.bin,900,346440cf3f104b3432d876d247fbd52f2d42847d3dafc8db8c8f44b3ebd3d43f,False
E4,experiments/data/E4_optical_config/golden/cross_quadrupole/mask.png,10930,43cd4ae381555b626284005b7b0f431eb5c5a590e0acebd21efc556d69ee015b,False
E4,experiments/data/E4_optical_config/golden/cross_quadrupole/mskf_i.bin,4194304,bf29ca20f931fb8b2ffcaf5ff697223d418a90e45242abcc4ff029f07b4eb4ce,False
E4,experiments/data/E4_optical_config/golden/cross_quadrupole/mskf_r.bin,4194304,0ae365ac8e2778b1804dc2e1005092a93a4468935e5ef644181e51b2c2122f0f,False
E4,experiments/data/E4_optical_config/golden/cross_quadrupole/scales.bin,40,d144a83d3d1b55076ef83f42396e8ce062175a3e8486b98580fcd6e2c5a35f51,False
E4,experiments/data/E4_optical_config/golden/cross_quadrupole/source.png,321,c2fd7b9105ed7f807829ee09cdde95a713a0b8195c0537767fe5db2a6e4532b0,False
E4,experiments/data/E4_optical_config/golden/cross_quadrupole/tcc_i.bin,202500,4a1f64280102007ccb574791e044a8284c48e17fb0be9b321169ed304915b0a5,False
E4,experiments/data/E4_optical_config/golden/cross_quadrupole/tcc_r.bin,202500,7b25644b237571de9b074297776383596a02b2e394b60b12eaaeea71207b7b5a,False
E4,experiments/data/E4_optical_config/golden/cross_quadrupole/tmpImgp_full_128.bin,65536,903d0c2636e62b31a08cf084a84c06643ee24ca3efc89c195cac7efdfa2cbeea,False
E4,experiments/data/E4_optical_config/golden/cross_quadrupole/tmpImgp_pad128.bin,3364,e872abe222d7dc773152364e35900e84ef30d6d1fe78703b10f8507dec5fc5a0,False
E4,experiments/data/E4_optical_config/golden/dipole_x/aerial_image_socs_kernel.bin,4194304,b221c006be4ba1fb210fb3c14e24754a5414a3cc9c16e7ff4f6f2a8e0466f42d,False
E4,experiments/data/E4_optical_config/golden/dipole_x/aerial_image_socs_kernel.png,450270,aa8761fed5f3e71a36e12a430617a447839780ecd340610e2355a6a543fd5529,False
E4,experiments/data/E4_optical_config/golden/dipole_x/aerial_image_socs_threshold.png,48140,77e7b9fbf59511ecc60176b87b69474920943f7a73609a32412730d2a29be69c,False
E4,experiments/data/E4_optical_config/golden/dipole_x/aerial_image_tcc_direct.bin,4194304,be1bdb0a055496d7b49984e204e9b31d11ae31ebc2eced27e69ef8ff708df52e,False
E4,experiments/data/E4_optical_config/golden/dipole_x/aerial_image_tcc_direct.png,451361,34308c532e8933c22800284dd9e1c6e25a6d7f956995c2912276d33dec8d5f60,False
E4,experiments/data/E4_optical_config/golden/dipole_x/fft_meta.txt,154,59dd43a6e713933b245d70e24696f8a5e3db0195171ccd14efaba8f0b4a3c65a,True
E4,experiments/data/E4_optical_config/golden/dipole_x/kernels/kernel_info.txt,345,5f94b53c024bc8f2f723da19b95e61148f996d3529b9546d2acaf469396c35e9,True
E4,experiments/data/E4_optical_config/golden/dipole_x/kernels/krn_0_i.bin,900,b4dc5b952785f0827c83fc131700c698448e4377e83d22a29f8feb334126316d,False
E4,experiments/data/E4_optical_config/golden/dipole_x/kernels/krn_0_r.bin,900,285418f6ff075a5361269ff790dc94d280e59e1f6205e06b6096c0a56e165797,False
E4,experiments/data/E4_optical_config/golden/dipole_x/kernels/krn_1_i.bin,900,89716a334c2dd1e4894c6d163455e58a5c07dba8bc5109c651bc5e2a7d7f743f,False
E4,experiments/data/E4_optical_config/golden/dipole_x/kernels/krn_1_r.bin,900,312ee8161f2407eb8c5253417938b6e067dad558e3249f283c9a30e6fe698929,False
E4,experiments/data/E4_optical_config/golden/dipole_x/kernels/krn_2_i.bin,900,d65ee5d0abc9fb3df4650ad2ffc79bf64128534956313cdbf5d038df893def25,False
E4,experiments/data/E4_optical_config/golden/dipole_x/kernels/krn_2_r.bin,900,3e9663d9857c17e30c79bec5cd67e2006a6f45d57bdd8af547b1896fb5989002,False
E4,experiments/data/E4_optical_config/golden/dipole_x/kernels/krn_3_i.bin,900,924c6427e0d26024a34eb4180895b838851b9e106b5d5f2e6f79cf8bfc735436,False
E4,experiments/data/E4_optical_config/golden/dipole_x/kernels/krn_3_r.bin,900,a9bfa9bf2468c4346b2fc362aa6996b1638a111687ce1c3553ce2306e7399d36,False
E4,experiments/data/E4_optical_config/golden/dipole_x/kernels/krn_4_i.bin,900,1223033123dd0914d747f776a088fcb2e2932df17540b393f159962bcdbe6766,False
E4,experiments/data/E4_optical_config/golden/dipole_x/kernels/krn_4_r.bin,900,4defb97891198411bb91277cde77b9d14743d5e5254e97087fbf549f9b5673a7,False
E4,experiments/data/E4_optical_config/golden/dipole_x/kernels/krn_5_i.bin,900,128032abdb45290d79c8efb7441ebc922351f03232e5efad2851ec4546473ba1,False
E4,experiments/data/E4_optical_config/golden/dipole_x/kernels/krn_5_r.bin,900,5bba6ecf43ff3e4d8d75f4dc7688dddfd0a228bcbbb0e03c36af9362be48e00a,False
E4,experiments/data/E4_optical_config/golden/dipole_x/kernels/krn_6_i.bin,900,70f99e25d2ba5cf285dd369383f982990826ac5eac1d821c1fa278724f8241fe,False
E4,experiments/data/E4_optical_config/golden/dipole_x/kernels/krn_6_r.bin,900,13136a3bf7bd34f1712c68fcfc54501cd45256e756279af7cd5f3b00f5110d8d,False
E4,experiments/data/E4_optical_config/golden/dipole_x/kernels/krn_7_i.bin,900,c12045cd952c1f8ce519d9e46b2766f54233e85095123d2c9b494afaeef2de09,False
E4,experiments/data/E4_optical_config/golden/dipole_x/kernels/krn_7_r.bin,900,64e2264b8652c4a2d44d697b2c031eb43639012deaeb6ff5682b6c7c4122533e,False
E4,experiments/data/E4_optical_config/golden/dipole_x/kernels/krn_8_i.bin,900,d7c3bcc2c8e0b446cdbbc8983411fbe5ad590bf6a6f3cb87b4ef79093ae5e67d,False
E4,experiments/data/E4_optical_config/golden/dipole_x/kernels/krn_8_r.bin,900,2882edcc24de25baab366f3a4d2d3c8d575b4a376d7186bc08003d8af8720c3a,False
E4,experiments/data/E4_optical_config/golden/dipole_x/kernels/krn_9_i.bin,900,273017a5ce5e505d655048de3b19e991575832c0bb8ebbfe0d66db9638ab4fd6,False
E4,experiments/data/E4_optical_config/golden/dipole_x/kernels/krn_9_r.bin,900,49e26c286938883f793bb01069d629240bfef8e8887c594b06ddaf06b1951b95,False
E4,experiments/data/E4_optical_config/golden/dipole_x/mask.png,10930,43cd4ae381555b626284005b7b0f431eb5c5a590e0acebd21efc556d69ee015b,False
E4,experiments/data/E4_optical_config/golden/dipole_x/mskf_i.bin,4194304,bf29ca20f931fb8b2ffcaf5ff697223d418a90e45242abcc4ff029f07b4eb4ce,False
E4,experiments/data/E4_optical_config/golden/dipole_x/mskf_r.bin,4194304,0ae365ac8e2778b1804dc2e1005092a93a4468935e5ef644181e51b2c2122f0f,False
E4,experiments/data/E4_optical_config/golden/dipole_x/scales.bin,40,205f27569207fdd579bec6af6416c3a3226dedf226ec40544f9767b83b0cce3e,False
E4,experiments/data/E4_optical_config/golden/dipole_x/source.png,257,3fa9be2f3a11d4b6b289a3e443bf22507b760e691a685c91376d65e383bc7c42,False
E4,experiments/data/E4_optical_config/golden/dipole_x/tcc_i.bin,202500,c8699f5cc1b12d583c1aaa3cb71db842d7b4a526b4a67ddc236dcdbd3f0726a2,False
E4,experiments/data/E4_optical_config/golden/dipole_x/tcc_r.bin,202500,9d6a6300143b54f8376ed02cb3bc8dfb500f0541e35d7f4bb6170c44ea4ebedc,False
E4,experiments/data/E4_optical_config/golden/dipole_x/tmpImgp_full_128.bin,65536,6031c9d5561ab8c427614c7e8920b266157d7929f0f6e6161ddad6c658297b39,False
E4,experiments/data/E4_optical_config/golden/dipole_x/tmpImgp_pad128.bin,3364,c5fd3277f642fed26ecdfb07f62dda6edabd7f8f9a2c196abceb33b5d3e51070,False
E4,experiments/data/E4_optical_config/optical_configuration_accuracy.csv,1112,ff2a376b546db5883aad8bf4bccd50d3807a92f09e4a2d56bf33b88224737327,True
E4,experiments/data/E4_optical_config/optical_configuration_summary.json,553,0889b236e89e7352d4b21f0673f17099378df340bd19e86e2db7094425dc1dec,True
E5,experiments/data/E5_resolution/golden/1024x1024_nk10/aerial_image_socs_kernel.bin,4194304,e1a005a08078581170629f48edb924bbd9205d269c48b0562874e5775fd705d3,False
E5,experiments/data/E5_resolution/golden/1024x1024_nk10/aerial_image_socs_kernel.png,450836,127bcbca2e359b836654801e4edbab449cfa12b735a6ea8cb071c5ce0048f681,False
E5,experiments/data/E5_resolution/golden/1024x1024_nk10/aerial_image_socs_threshold.png,51364,72b6e5e6c12eb0c98688c682fb8e4b5d6bd05bd3babfad685af2fe6505a60aee,False
E5,experiments/data/E5_resolution/golden/1024x1024_nk10/aerial_image_tcc_direct.bin,4194304,72bde290cd1668b6b8b313ef500e0b0a61374f6f9ffb3039f545f94fbded8f5b,False
E5,experiments/data/E5_resolution/golden/1024x1024_nk10/aerial_image_tcc_direct.png,458311,ab8b39de04d86fcfcb6013953f957256902fca26c8b12c35392cb70030dba903,False
E5,experiments/data/E5_resolution/golden/1024x1024_nk10/fft_meta.txt,154,6e8fc814764f1bc0b868ca014afa33c61cbc8b24eebe7a015153b40f70fca619,True
E5,experiments/data/E5_resolution/golden/1024x1024_nk10/kernels/kernel_info.txt,344,6a0c9f9105afb1acdc0ef550da3808dbeac278867ff5a2462444daffd16fe105,True
E5,experiments/data/E5_resolution/golden/1024x1024_nk10/kernels/krn_0_i.bin,1156,58d9f10a7e050b8ec125c751157b61d6ea8d2a7bb02389cf4878de40191ab5b4,False
E5,experiments/data/E5_resolution/golden/1024x1024_nk10/kernels/krn_0_r.bin,1156,5993cc5697e73057a35af58adb5f0e517f0b470efb5394aaf6d84ff009579359,False
E5,experiments/data/E5_resolution/golden/1024x1024_nk10/kernels/krn_1_i.bin,1156,660ef6a549518148b065e4c3b907ba0738900f3393218e604c01534072f7300c,False
E5,experiments/data/E5_resolution/golden/1024x1024_nk10/kernels/krn_1_r.bin,1156,f679072cbb60ff4550b413a07ba67d1b4ce79adc3b2860f0ea9d3ccbfc40cf8c,False
E5,experiments/data/E5_resolution/golden/1024x1024_nk10/kernels/krn_2_i.bin,1156,5bba1127a75fdc94ca86414addb0d698995e4d16377da792e378eb2f8b2e77bf,False
E5,experiments/data/E5_resolution/golden/1024x1024_nk10/kernels/krn_2_r.bin,1156,141c553d4258ccf4c0988fb203497860a3907c8f5abdbdefe692eabaa5d7d4fd,False
E5,experiments/data/E5_resolution/golden/1024x1024_nk10/kernels/krn_3_i.bin,1156,e4681aa79759be3ca966fa27e028b903fd745dbff920178f52ab04b3087f9760,False
E5,experiments/data/E5_resolution/golden/1024x1024_nk10/kernels/krn_3_r.bin,1156,62141ec10c4be75152f20e8cdca0073223780a5e544da807d318ab934b9c9411,False
E5,experiments/data/E5_resolution/golden/1024x1024_nk10/kernels/krn_4_i.bin,1156,3a86196652fa54bd9617a3b487eed868b3b06ae36f1b4d2eac0ba1dad034a103,False
E5,experiments/data/E5_resolution/golden/1024x1024_nk10/kernels/krn_4_r.bin,1156,f0603a5992b6fa7e2690c71c8ea5694e2f6a5ecfb4748524452504e427caae34,False
E5,experiments/data/E5_resolution/golden/1024x1024_nk10/kernels/krn_5_i.bin,1156,fddc78a90e72a6ae1a7dedaa9240f33a5dfb5629b0d05d18a2645c7204047cb1,False
E5,experiments/data/E5_resolution/golden/1024x1024_nk10/kernels/krn_5_r.bin,1156,c2aaa8142f77bc84fad9a0d7c74e3b624401d71b952fbf5da5ae021585025500,False
E5,experiments/data/E5_resolution/golden/1024x1024_nk10/kernels/krn_6_i.bin,1156,845894e0782a848e293d23b55b43f20a32e9d16f55df39088516c034a57b7164,False
E5,experiments/data/E5_resolution/golden/1024x1024_nk10/kernels/krn_6_r.bin,1156,1b03844e70ee08ed0e90bd16747f0561c4b7b2e3ce71f5ecb4dd490ee28ef252,False
E5,experiments/data/E5_resolution/golden/1024x1024_nk10/kernels/krn_7_i.bin,1156,b5d3768c03b8b0dc73f9d7a8aa4ce2c9827b3a34818fc981a58360f5bc6caa98,False
E5,experiments/data/E5_resolution/golden/1024x1024_nk10/kernels/krn_7_r.bin,1156,a32a873588756e7e8d35d33b9d0e76501a6242db829660b888631d7bfdc9948d,False
E5,experiments/data/E5_resolution/golden/1024x1024_nk10/kernels/krn_8_i.bin,1156,e8686611006cf27bb9afe9cd835222d016b0fe651a7e27f9fda8af32550b8fc9,False
E5,experiments/data/E5_resolution/golden/1024x1024_nk10/kernels/krn_8_r.bin,1156,5445614af94fa38be4cf5fc559a4435ebe842b7bf59c221af1c4f5b70361f645,False
E5,experiments/data/E5_resolution/golden/1024x1024_nk10/kernels/krn_9_i.bin,1156,10b09b9ddf73c6d516a60dea554a82289cec0d25589985d587eae0cb282e8e0f,False
E5,experiments/data/E5_resolution/golden/1024x1024_nk10/kernels/krn_9_r.bin,1156,8d8e75f069611a722896a172eb476d76ae7b1f1e3eb06ac9ab8634b4e6a24b4d,False
E5,experiments/data/E5_resolution/golden/1024x1024_nk10/mask.png,10930,43cd4ae381555b626284005b7b0f431eb5c5a590e0acebd21efc556d69ee015b,False
E5,experiments/data/E5_resolution/golden/1024x1024_nk10/mskf_i.bin,4194304,bf29ca20f931fb8b2ffcaf5ff697223d418a90e45242abcc4ff029f07b4eb4ce,False
E5,experiments/data/E5_resolution/golden/1024x1024_nk10/mskf_r.bin,4194304,0ae365ac8e2778b1804dc2e1005092a93a4468935e5ef644181e51b2c2122f0f,False
E5,experiments/data/E5_resolution/golden/1024x1024_nk10/scales.bin,40,a306ceb5a6871e33089f3dca8d9bfd46460be74aec4c9b91804733bc5b6a7031,False
E5,experiments/data/E5_resolution/golden/1024x1024_nk10/source.png,712,49d44eb67e700218b9c9171b8f762577b343b224b590de9ac1b9ed9210c24fd6,False
E5,experiments/data/E5_resolution/golden/1024x1024_nk10/tcc_i.bin,334084,bf9811f440a264e99bde20f2d379f9f30ade2f2a656a86c077e436d9b070af0b,False
E5,experiments/data/E5_resolution/golden/1024x1024_nk10/tcc_r.bin,334084,974d24809b3601eaa6322fa980522ead664a8c8c7ffabf0ddfd3c2fffaad8f43,False
E5,experiments/data/E5_resolution/golden/1024x1024_nk10/tmpImgp_full_128.bin,65536,dcf873916e4e3ccce58e3cebb65ff1f6c2d9601c7321c092f0c0ddd5c3f24130,False
E5,experiments/data/E5_resolution/golden/1024x1024_nk10/tmpImgp_pad128.bin,4356,9b4c00edd6e04d2ff558e83e11f2387f0e65bd8e9e34e4dc4dfd0968a33ebdc0,False
E5,experiments/data/E5_resolution/golden/256x256_nk10/aerial_image_socs_kernel.bin,262144,adea5dc5cf1a82263335552a1d70e2551e2b0920ee4a698057f58065536ae07b,False
E5,experiments/data/E5_resolution/golden/256x256_nk10/aerial_image_socs_kernel.png,43282,fe5f53b21a9b8de34afa505d393b1649009bc0bbc296103ba168a94fbb8218f1,False
E5,experiments/data/E5_resolution/golden/256x256_nk10/aerial_image_socs_threshold.png,3382,82ed743311ab0ee1b3a739ed7c30421f35c25dad9e00458250cce32637de0d77,False
E5,experiments/data/E5_resolution/golden/256x256_nk10/aerial_image_tcc_direct.bin,262144,c57c47645210e3933b28ff62a3a5c8af495325d6e6939e114b78b519f89414cd,False
E5,experiments/data/E5_resolution/golden/256x256_nk10/aerial_image_tcc_direct.png,43237,d9dcdb845b7b539613c9db11d0bfa252d51ecd2aa00880665316aa2db62d6dd3,False
E5,experiments/data/E5_resolution/golden/256x256_nk10/fft_meta.txt,148,948af87767acbfa7eb3a80bcfc48be85287c1321289ae25f879339350eb1ee38,True
E5,experiments/data/E5_resolution/golden/256x256_nk10/kernels/kernel_info.txt,355,88b5f37fac1f94b691ca9b1a4ab0d35268290a06d53f8da3b97821342df29430,True
E5,experiments/data/E5_resolution/golden/256x256_nk10/kernels/krn_0_i.bin,100,e463c7d48d2f519fc883d922157d79bcc46a0b8b830093aa408b8572f4e0e1e4,False
E5,experiments/data/E5_resolution/golden/256x256_nk10/kernels/krn_0_r.bin,100,b2c9f1179945d3c216778cbbbc4834d8b92db34cdd8222fb4ca43815d63f6ce5,False
E5,experiments/data/E5_resolution/golden/256x256_nk10/kernels/krn_1_i.bin,100,d77668d2f5d0431a47f695055224bdf5b59d082496e3c4dc3cbb871197fdefb6,False
E5,experiments/data/E5_resolution/golden/256x256_nk10/kernels/krn_1_r.bin,100,f61320daa9a30a72000081dd5cd8a3e21a2aebc530396d55dac21cad34e7644f,False
E5,experiments/data/E5_resolution/golden/256x256_nk10/kernels/krn_2_i.bin,100,77c63bff366ec8510bbf6f50afe9ed6e6d559d482f43f699ac37df795799e5c1,False
E5,experiments/data/E5_resolution/golden/256x256_nk10/kernels/krn_2_r.bin,100,d8ba2eba07b1b77bd613c4415345d8d8794bed4e2ea34adfbe9191c985462e60,False
E5,experiments/data/E5_resolution/golden/256x256_nk10/kernels/krn_3_i.bin,100,40751644709155205d75a8f0674b5229a572a93c95648304bf7dee890bb5ad68,False
E5,experiments/data/E5_resolution/golden/256x256_nk10/kernels/krn_3_r.bin,100,a5dee5321bd5954b23cfb75481d9472e2a9597ad833b7d60ec1c2f3ac724d83d,False
E5,experiments/data/E5_resolution/golden/256x256_nk10/kernels/krn_4_i.bin,100,4bca5d2be95650c36c3ea50238800e5c3cdfb1fe867500a2f924972a15830841,False
E5,experiments/data/E5_resolution/golden/256x256_nk10/kernels/krn_4_r.bin,100,69bf6454217c086cfb9f8fa4ae82042c8a881e306817b2fcd6de6bfb03b32c07,False
E5,experiments/data/E5_resolution/golden/256x256_nk10/kernels/krn_5_i.bin,100,b990c72f7688ece9c2d3cadb30016ba2713134daf3c691d637c3baca58891409,False
E5,experiments/data/E5_resolution/golden/256x256_nk10/kernels/krn_5_r.bin,100,7815835c8f2522e22d33d65826c726259881063951127ce5aaf0d7258d2c040f,False
E5,experiments/data/E5_resolution/golden/256x256_nk10/kernels/krn_6_i.bin,100,134ff44c4fe2f9886f75a6052dd63c010829ecfbbb7aed5f2621ee0ec0318410,False
E5,experiments/data/E5_resolution/golden/256x256_nk10/kernels/krn_6_r.bin,100,5255e8dab9cdfbecfb3d24fbc691aa048960b56f2776ccebfb191760581f856e,False
E5,experiments/data/E5_resolution/golden/256x256_nk10/kernels/krn_7_i.bin,100,b076fdb9f6557938c7251edaf6bec723bd2d3a3aa3629b0f7015fb810599144b,False
E5,experiments/data/E5_resolution/golden/256x256_nk10/kernels/krn_7_r.bin,100,bdb7b9892eb72e5b6f0ec87b66014202ce8005da672e3168aef7a2561ba3bb64,False
E5,experiments/data/E5_resolution/golden/256x256_nk10/kernels/krn_8_i.bin,100,8a79224aff3a595a9033a777da1806b50647837632f6e26118053ee77577bf13,False
E5,experiments/data/E5_resolution/golden/256x256_nk10/kernels/krn_8_r.bin,100,64f80ef446955c46e0a4dbcce41e669d686f8dbc501b275d499467dddad1ca4a,False
E5,experiments/data/E5_resolution/golden/256x256_nk10/kernels/krn_9_i.bin,100,ff79d7ad3cea25bd6aae40314f132ba39a023021445dfc4cfe702cc8a986a4e7,False
E5,experiments/data/E5_resolution/golden/256x256_nk10/kernels/krn_9_r.bin,100,7f6bc36d4a8b9bfbcab88aec753334d86e0e5b8d368fc0b8d733681ae97873cc,False
E5,experiments/data/E5_resolution/golden/256x256_nk10/mask.png,1803,6a22fe95ead5ed94f09b7874a6aa5d9830b549c32f1c003e046bd664e822312e,False
E5,experiments/data/E5_resolution/golden/256x256_nk10/mskf_i.bin,262144,1a50feee9f7656da7fcb39a49354ae742c675569da2711dbe93b53fe4150673c,False
E5,experiments/data/E5_resolution/golden/256x256_nk10/mskf_r.bin,262144,0dcc058e3ea983d308c2ab17f23ff855c9b5a1fa6886bee5ddc290183d24a92e,False
E5,experiments/data/E5_resolution/golden/256x256_nk10/scales.bin,40,b69cd06b78530c85281ae8752de611cdfea273b3c96eb567478571d913978094,False
E5,experiments/data/E5_resolution/golden/256x256_nk10/source.png,712,49d44eb67e700218b9c9171b8f762577b343b224b590de9ac1b9ed9210c24fd6,False
E5,experiments/data/E5_resolution/golden/256x256_nk10/tcc_i.bin,2500,32ceb886f7ba6a786a7c9ed19838b6b9a6f1b5d24b69afdf585d9e44d16021d7,False
E5,experiments/data/E5_resolution/golden/256x256_nk10/tcc_r.bin,2500,2c68f40ebc4bf7e17688f1bf36343a5d8565ff48ca9fbf87e746a16be36daa6d,False
E5,experiments/data/E5_resolution/golden/256x256_nk10/tmpImgp_full_128.bin,65536,961b581f730a5e2c860309cb481183e482984dc40a07a1b3f37c0083f19e76d5,False
E5,experiments/data/E5_resolution/golden/256x256_nk10/tmpImgp_pad128.bin,324,15478eff3f12a82aacb74141525c11cd9d6c7d16efa1e12d7934bd0a103893c8,False
E5,experiments/data/E5_resolution/golden/512x512_nk10/aerial_image_socs_kernel.bin,1048576,5298c856e030ad71ea0dc0e02920a0a1a9bba0600689e425ffe1514fb7a99392,False
E5,experiments/data/E5_resolution/golden/512x512_nk10/aerial_image_socs_kernel.png,143422,e34428e633c6694ed197f9914debe865899ba7a00f2d36385ed35b44129ed55b,False
E5,experiments/data/E5_resolution/golden/512x512_nk10/aerial_image_socs_threshold.png,11626,b338a761b80ee2270e7316ba35afed4b931b9d45dcb3199289ea34ba5873dfb7,False
E5,experiments/data/E5_resolution/golden/512x512_nk10/aerial_image_tcc_direct.bin,1048576,4820ddaf3a9ea57e00f361a2bf776059bbcc9c2c8d7e1dead81c592217a0aeff,False
E5,experiments/data/E5_resolution/golden/512x512_nk10/aerial_image_tcc_direct.png,144150,5dc6ba7e0a1685616846593566ec525b30ff2d06407ef775364e207b39183221,False
E5,experiments/data/E5_resolution/golden/512x512_nk10/fft_meta.txt,150,5db789b54b1e969256ba4060c1b67c0bb6c37c73399bc0d40a944dbe9bca559b,True
E5,experiments/data/E5_resolution/golden/512x512_nk10/kernels/kernel_info.txt,346,7480a5fb0657c2bba9b0e828785bd4cdd63880ca6c4679b675ecef3578901c3f,True
E5,experiments/data/E5_resolution/golden/512x512_nk10/kernels/krn_0_i.bin,324,68316f39485462a13aa68efc98e0e4a34cab241151af2a5ae3309c6a7abd5259,False
E5,experiments/data/E5_resolution/golden/512x512_nk10/kernels/krn_0_r.bin,324,13b9ea23ff059d1770e8ca846041203baa8a9e7a1074cef9caaee209daf3b06a,False
E5,experiments/data/E5_resolution/golden/512x512_nk10/kernels/krn_1_i.bin,324,b75869b8826e26a23af447805913216ae088934703b27ee586bf51bc1089a898,False
E5,experiments/data/E5_resolution/golden/512x512_nk10/kernels/krn_1_r.bin,324,708c30c19688170dfc4a02d97dcdcf9e0d8cec112c2a3e46c9b9bd39ab69d26e,False
E5,experiments/data/E5_resolution/golden/512x512_nk10/kernels/krn_2_i.bin,324,b03dc03f3ee404fdbd5afd58a74c722ddc0c5d6a72d73e4a65cbe92388b6a37c,False
E5,experiments/data/E5_resolution/golden/512x512_nk10/kernels/krn_2_r.bin,324,d7d5ce07b1a634fb6c9c52662bb941b788a6168ce14f2daa3f52287d0389dbbc,False
E5,experiments/data/E5_resolution/golden/512x512_nk10/kernels/krn_3_i.bin,324,66f5246ef7d22a64c10579efbe20c74a5c5a07ed2aa0c0c8883db1794f4214b7,False
E5,experiments/data/E5_resolution/golden/512x512_nk10/kernels/krn_3_r.bin,324,7a99116ca991f10f4bdbbe659874438244f87be5da1278e343ef902c3758a1b1,False
E5,experiments/data/E5_resolution/golden/512x512_nk10/kernels/krn_4_i.bin,324,e417d091c788d6ba65a48b24c459b15be90a63b2dafc087b42b4598c4bd09e4e,False
E5,experiments/data/E5_resolution/golden/512x512_nk10/kernels/krn_4_r.bin,324,5fb1065d38d0cdcfe7e2e2dba4d148387e6f6aaa76e1a81a23c9fb3a6453324d,False
E5,experiments/data/E5_resolution/golden/512x512_nk10/kernels/krn_5_i.bin,324,8f24785861f1b73121b29a2a918d5442f193cd2b29dbd5cf6a13ab31345f29f0,False
E5,experiments/data/E5_resolution/golden/512x512_nk10/kernels/krn_5_r.bin,324,5a4f9f7d23fc2852822b0e5eda3f2f82428574600253f829980a1f116ae73823,False
E5,experiments/data/E5_resolution/golden/512x512_nk10/kernels/krn_6_i.bin,324,0cb50df1bdabbc8f2d6d10ff3f64c517e021edaf00390bc88cf2457c3c755c2c,False
E5,experiments/data/E5_resolution/golden/512x512_nk10/kernels/krn_6_r.bin,324,b577294607c6806e5e79d9e1dc4e17583131881a9521f3376145526ae8b04ceb,False
E5,experiments/data/E5_resolution/golden/512x512_nk10/kernels/krn_7_i.bin,324,bc0dab81d55bc36ff59bd3cd0003c7cf461ea3e21e731d15e6ba7e7eafb26e10,False
E5,experiments/data/E5_resolution/golden/512x512_nk10/kernels/krn_7_r.bin,324,befa3d1a8d2d32dd4d56ac9cd6cf83e24e5de0aca87138e2db2dcf4a26422f3c,False
E5,experiments/data/E5_resolution/golden/512x512_nk10/kernels/krn_8_i.bin,324,0c102f6f414f1a9b498e3006d26abd012c1c7ce7ecf2aca5555354ca6106ea44,False
E5,experiments/data/E5_resolution/golden/512x512_nk10/kernels/krn_8_r.bin,324,daf643292ad38669410ab958e709a474fdf2f9b614c0b70ec7ed70e393a4814b,False
E5,experiments/data/E5_resolution/golden/512x512_nk10/kernels/krn_9_i.bin,324,20a6b88ff05cdc8ff50e0bbc0efff8560f5c29d8f1e75e5d95faebfb35bf08e4,False
E5,experiments/data/E5_resolution/golden/512x512_nk10/kernels/krn_9_r.bin,324,515b95f12e7910713bb6fbd9039470ac0783f0c6e98a6999ab3ea52bc5215c78,False
E5,experiments/data/E5_resolution/golden/512x512_nk10/mask.png,4080,461e8f40e5d2c8dceeb72bfca4ae5c7f88f6322e3a8e4a606427ddaf726296b6,False
E5,experiments/data/E5_resolution/golden/512x512_nk10/mskf_i.bin,1048576,37c4815ccfed336ea6967eae7ae8f5fad849b6f8cbffef0a8760252eaa0a596c,False
E5,experiments/data/E5_resolution/golden/512x512_nk10/mskf_r.bin,1048576,d5b78a1f39be16f9eb8dc1b9772cbf7257ab834186d30b48964241c9e1c74270,False
E5,experiments/data/E5_resolution/golden/512x512_nk10/scales.bin,40,8b6564af3d1f4f0fe937df198be5bc4c4040f46186f298df8337686d516cfcd9,False
E5,experiments/data/E5_resolution/golden/512x512_nk10/source.png,712,49d44eb67e700218b9c9171b8f762577b343b224b590de9ac1b9ed9210c24fd6,False
E5,experiments/data/E5_resolution/golden/512x512_nk10/tcc_i.bin,26244,69f3b7695e0448af5960798ead8da70476b1e2461ca9ee538d89296d20f8021d,False
E5,experiments/data/E5_resolution/golden/512x512_nk10/tcc_r.bin,26244,be104a8a2c97a6a3186dcc0119a5190f094fe68ccde6c15ca7a261f4519a9459,False
E5,experiments/data/E5_resolution/golden/512x512_nk10/tmpImgp_full_128.bin,65536,1e59e1dce0e2e45c5124eb6475807e375879b0f98f3ee8a5fbfa57a58052b87a,False
E5,experiments/data/E5_resolution/golden/512x512_nk10/tmpImgp_pad128.bin,1156,f3e1e9de6088ae605b0b03872d93a37e456f43f05ed188589145a99fe1ddc68f,False
E5,experiments/data/E5_resolution/input_hashes.sha256,700,41717857f0fd10468d3ff5fdc3e1f95cc0690db62af7dee7e64f6d409dff482e,True
E5,experiments/data/E5_resolution/resolution_scaling.csv,750,699f062c60aeb6c8cccf0f177c0f6a1d0024c4855b4ff2e952a9708954d057c7,True
E5,experiments/data/E5_resolution/resolution_stage_breakdown.csv,950,ce774bf8e7cc4d919a7a6dcb38abe31d5395dc8564848e2c14833ffd74e078cb,True
E5,experiments/data/E5_resolution/resolution_summary.json,2167,ff56c67ccadac45476ba854cef07b2e77338081268dc84e5fa767b52a72a97da,True
E6,experiments/data/E6_ablation/ABLATION_BASELINE_BLOCKER.json,865,b259d1ec8d87d1301a7bd2fa1a38563442c57d2575019940d86062053addc945,True
E7,experiments/data/E7_implementation/FINAL_XCKU5P_REPORTS_BLOCKER.json,390,5f26a16983beebe166f9877b69b243b1a78b14a6508a60f4905276d94e141b88,True
E7,experiments/data/E7_implementation/implementation_manifest.json,1088,27e28e4a75883969a4f7e1789266061016992bd58515c90685f4eec27a0d3719,True
F1,experiments/data/F1_paper_evidence/paper_evidence_manifest.csv,2999,b7e90b022651c2c0e642cfe0a3ad991c0e71296245279a1d12059793622b1e1c,True
F2,experiments/data/F2_golden_manifest/golden_manifest.csv,8740,488dd9dd5b6c8f3d7c096617a53eee1856a0265df48a3fd40ec92be1b4241fac,True
F3,experiments/data/F3_archive/ARCHIVE_READINESS_BLOCKER.json,1118,1fecd3511b89c51016931d702511f03f060612b693be4613f19c1fb367415237,True
F3,experiments/data/F3_archive/archive_manifest.json,1160,2ccfb98b05a70c01d72075dc497fdc94b69dab1f274dce3663ce07b85294455b,True
