variant,iteration,latency_ns,latency_ms,precision,threads,kernels
double_single_thread,0,1100280,1.10028,double,1,10
double_single_thread,1,1101821,1.101821,double,1,10
double_single_thread,2,1097533,1.097533,double,1,10
double_single_thread,3,1096267,1.096267,double,1,10
double_single_thread,4,1100206,1.100206,double,1,10
double_single_thread,5,1105569,1.105569,double,1,10
double_single_thread,6,1104802,1.104802,double,1,10
double_single_thread,7,1095771,1.095771,double,1,10
double_single_thread,8,1124613,1.124613,double,1,10
double_single_thread,9,1126857,1.126857,double,1,10
double_single_thread,10,1125004,1.125004,double,1,10
double_single_thread,11,1096425,1.096425,double,1,10
double_single_thread,12,1097054,1.097054,double,1,10
double_single_thread,13,1099877,1.099877,double,1,10
double_single_thread,14,1131751,1.131751,double,1,10
double_single_thread,15,1164881,1.164881,double,1,10
double_single_thread,16,1178599,1.178599,double,1,10
double_single_thread,17,1117089,1.117089,double,1,10
double_single_thread,18,1107520,1.10752,double,1,10
double_single_thread,19,1101097,1.101097,double,1,10
double_single_thread,20,1103211,1.103211,double,1,10
double_single_thread,21,1095330,1.09533,double,1,10
double_single_thread,22,1111709,1.111709,double,1,10
double_single_thread,23,1100042,1.100042,double,1,10
double_single_thread,24,1100827,1.100827,double,1,10
double_single_thread,25,1096847,1.096847,double,1,10
double_single_thread,26,1096542,1.096542,double,1,10
double_single_thread,27,1098753,1.098753,double,1,10
double_single_thread,28,1103196,1.103196,double,1,10
double_single_thread,29,1101553,1.101553,double,1,10
double_single_thread,30,1095475,1.095475,double,1,10
double_single_thread,31,1096752,1.096752,double,1,10
double_single_thread,32,1099390,1.09939,double,1,10
double_single_thread,33,1102121,1.102121,double,1,10
double_single_thread,34,1096082,1.096082,double,1,10
double_single_thread,35,1095732,1.095732,double,1,10
double_single_thread,36,1117642,1.117642,double,1,10
double_single_thread,37,1104444,1.104444,double,1,10
double_single_thread,38,1097210,1.09721,double,1,10
double_single_thread,39,1100229,1.100229,double,1,10
double_single_thread,40,1103473,1.103473,double,1,10
double_single_thread,41,1109409,1.109409,double,1,10
double_single_thread,42,1104350,1.10435,double,1,10
double_single_thread,43,1102945,1.102945,double,1,10
double_single_thread,44,1096723,1.096723,double,1,10
double_single_thread,45,1099960,1.09996,double,1,10
double_single_thread,46,1105610,1.10561,double,1,10
double_single_thread,47,1101005,1.101005,double,1,10
double_single_thread,48,1096840,1.09684,double,1,10
double_single_thread,49,1096544,1.096544,double,1,10
double_single_thread,50,1098739,1.098739,double,1,10
double_single_thread,51,1096457,1.096457,double,1,10
double_single_thread,52,1099577,1.099577,double,1,10
double_single_thread,53,1098596,1.098596,double,1,10
double_single_thread,54,1100061,1.100061,double,1,10
double_single_thread,55,1103270,1.10327,double,1,10
double_single_thread,56,1100800,1.1008,double,1,10
double_single_thread,57,1096754,1.096754,double,1,10
double_single_thread,58,1104432,1.104432,double,1,10
double_single_thread,59,1104559,1.104559,double,1,10
double_single_thread,60,1101071,1.101071,double,1,10
double_single_thread,61,1096496,1.096496,double,1,10
double_single_thread,62,1096573,1.096573,double,1,10
double_single_thread,63,1124864,1.124864,double,1,10
double_single_thread,64,1100916,1.100916,double,1,10
double_single_thread,65,1095791,1.095791,double,1,10
double_single_thread,66,1097715,1.097715,double,1,10
double_single_thread,67,1100058,1.100058,double,1,10
double_single_thread,68,1096277,1.096277,double,1,10
double_single_thread,69,1096062,1.096062,double,1,10
double_single_thread,70,1099273,1.099273,double,1,10
double_single_thread,71,1096336,1.096336,double,1,10
double_single_thread,72,1110707,1.110707,double,1,10
double_single_thread,73,1109401,1.109401,double,1,10
double_single_thread,74,1128544,1.128544,double,1,10
double_single_thread,75,1130564,1.130564,double,1,10
double_single_thread,76,1105044,1.105044,double,1,10
double_single_thread,77,1096365,1.096365,double,1,10
double_single_thread,78,1099973,1.099973,double,1,10
double_single_thread,79,1146033,1.146033,double,1,10
double_single_thread,80,1102726,1.102726,double,1,10
double_single_thread,81,1098850,1.09885,double,1,10
double_single_thread,82,1098831,1.098831,double,1,10
double_single_thread,83,1096500,1.0965,double,1,10
double_single_thread,84,1095961,1.095961,double,1,10
double_single_thread,85,1098380,1.09838,double,1,10
double_single_thread,86,1096616,1.096616,double,1,10
double_single_thread,87,1098622,1.098622,double,1,10
double_single_thread,88,1105759,1.105759,double,1,10
double_single_thread,89,1101454,1.101454,double,1,10
double_single_thread,90,1095891,1.095891,double,1,10
double_single_thread,91,1101800,1.1018,double,1,10
double_single_thread,92,1096129,1.096129,double,1,10
double_single_thread,93,1098799,1.098799,double,1,10
double_single_thread,94,1101969,1.101969,double,1,10
double_single_thread,95,1103649,1.103649,double,1,10
double_single_thread,96,1101374,1.101374,double,1,10
double_single_thread,97,1095969,1.095969,double,1,10
double_single_thread,98,1096205,1.096205,double,1,10
double_single_thread,99,1100425,1.100425,double,1,10
double_single_thread,100,1099769,1.099769,double,1,10
double_single_thread,101,1103820,1.10382,double,1,10
double_single_thread,102,1097384,1.097384,double,1,10
double_single_thread,103,1097705,1.097705,double,1,10
double_single_thread,104,1100962,1.100962,double,1,10
double_single_thread,105,1097700,1.0977,double,1,10
double_single_thread,106,1110988,1.110988,double,1,10
double_single_thread,107,1097260,1.09726,double,1,10
double_single_thread,108,1098040,1.09804,double,1,10
double_single_thread,109,1110132,1.110132,double,1,10
double_single_thread,110,1115145,1.115145,double,1,10
double_single_thread,111,1153897,1.153897,double,1,10
double_single_thread,112,1108815,1.108815,double,1,10
double_single_thread,113,1109008,1.109008,double,1,10
double_single_thread,114,1095884,1.095884,double,1,10
double_single_thread,115,1095442,1.095442,double,1,10
double_single_thread,116,1101219,1.101219,double,1,10
double_single_thread,117,1097029,1.097029,double,1,10
double_single_thread,118,1099579,1.099579,double,1,10
double_single_thread,119,1111303,1.111303,double,1,10
double_single_thread,120,1096126,1.096126,double,1,10
double_single_thread,121,1096037,1.096037,double,1,10
double_single_thread,122,1099257,1.099257,double,1,10
double_single_thread,123,1096675,1.096675,double,1,10
double_single_thread,124,1096231,1.096231,double,1,10
double_single_thread,125,1099135,1.099135,double,1,10
double_single_thread,126,1096243,1.096243,double,1,10
double_single_thread,127,1095554,1.095554,double,1,10
double_single_thread,128,1099059,1.099059,double,1,10
double_single_thread,129,1095986,1.095986,double,1,10
double_single_thread,130,1101199,1.101199,double,1,10
double_single_thread,131,1272498,1.272498,double,1,10
double_single_thread,132,1101771,1.101771,double,1,10
double_single_thread,133,1106355,1.106355,double,1,10
double_single_thread,134,1103873,1.103873,double,1,10
double_single_thread,135,1096596,1.096596,double,1,10
double_single_thread,136,1095854,1.095854,double,1,10
double_single_thread,137,1098978,1.098978,double,1,10
double_single_thread,138,1099041,1.099041,double,1,10
double_single_thread,139,1099918,1.099918,double,1,10
double_single_thread,140,1096183,1.096183,double,1,10
double_single_thread,141,1099102,1.099102,double,1,10
double_single_thread,142,1096213,1.096213,double,1,10
double_single_thread,143,1098635,1.098635,double,1,10
double_single_thread,144,1095487,1.095487,double,1,10
double_single_thread,145,1102942,1.102942,double,1,10
double_single_thread,146,1100313,1.100313,double,1,10
double_single_thread,147,1096832,1.096832,double,1,10
double_single_thread,148,1126956,1.126956,double,1,10
double_single_thread,149,1104736,1.104736,double,1,10
double_single_thread,150,1096655,1.096655,double,1,10
double_single_thread,151,1101112,1.101112,double,1,10
double_single_thread,152,1096503,1.096503,double,1,10
double_single_thread,153,1096427,1.096427,double,1,10
double_single_thread,154,1096682,1.096682,double,1,10
double_single_thread,155,1098129,1.098129,double,1,10
double_single_thread,156,1095908,1.095908,double,1,10
double_single_thread,157,1102147,1.102147,double,1,10
double_single_thread,158,1096627,1.096627,double,1,10
double_single_thread,159,1099815,1.099815,double,1,10
double_single_thread,160,1096102,1.096102,double,1,10
double_single_thread,161,1096598,1.096598,double,1,10
double_single_thread,162,1099876,1.099876,double,1,10
double_single_thread,163,1104495,1.104495,double,1,10
double_single_thread,164,1110595,1.110595,double,1,10
double_single_thread,165,1096324,1.096324,double,1,10
double_single_thread,166,1096000,1.096,double,1,10
double_single_thread,167,1110407,1.110407,double,1,10
double_single_thread,168,1096347,1.096347,double,1,10
double_single_thread,169,1100765,1.100765,double,1,10
double_single_thread,170,1102858,1.102858,double,1,10
double_single_thread,171,1101180,1.10118,double,1,10
double_single_thread,172,1096157,1.096157,double,1,10
double_single_thread,173,1096057,1.096057,double,1,10
double_single_thread,174,1099065,1.099065,double,1,10
double_single_thread,175,1095352,1.095352,double,1,10
double_single_thread,176,1099051,1.099051,double,1,10
double_single_thread,177,1102366,1.102366,double,1,10
double_single_thread,178,1096335,1.096335,double,1,10
double_single_thread,179,1106214,1.106214,double,1,10
double_single_thread,180,1095710,1.09571,double,1,10
double_single_thread,181,1096257,1.096257,double,1,10
double_single_thread,182,1099309,1.099309,double,1,10
double_single_thread,183,1095556,1.095556,double,1,10
double_single_thread,184,1096539,1.096539,double,1,10
double_single_thread,185,1104925,1.104925,double,1,10
double_single_thread,186,1103743,1.103743,double,1,10
double_single_thread,187,1102500,1.1025,double,1,10
double_single_thread,188,1096298,1.096298,double,1,10
double_single_thread,189,1100967,1.100967,double,1,10
double_single_thread,190,1095866,1.095866,double,1,10
double_single_thread,191,1096737,1.096737,double,1,10
double_single_thread,192,1095990,1.09599,double,1,10
double_single_thread,193,1099062,1.099062,double,1,10
double_single_thread,194,1096926,1.096926,double,1,10
double_single_thread,195,1095182,1.095182,double,1,10
double_single_thread,196,1107239,1.107239,double,1,10
double_single_thread,197,1102084,1.102084,double,1,10
double_single_thread,198,1096112,1.096112,double,1,10
double_single_thread,199,1104021,1.104021,double,1,10
double_single_thread,200,1096846,1.096846,double,1,10
double_single_thread,201,1102817,1.102817,double,1,10
double_single_thread,202,1112789,1.112789,double,1,10
double_single_thread,203,1104927,1.104927,double,1,10
double_single_thread,204,1102689,1.102689,double,1,10
double_single_thread,205,1098016,1.098016,double,1,10
double_single_thread,206,1096110,1.09611,double,1,10
double_single_thread,207,1102368,1.102368,double,1,10
double_single_thread,208,1095895,1.095895,double,1,10
double_single_thread,209,1100068,1.100068,double,1,10
double_single_thread,210,1104852,1.104852,double,1,10
double_single_thread,211,1100189,1.100189,double,1,10
double_single_thread,212,1095989,1.095989,double,1,10
double_single_thread,213,1099192,1.099192,double,1,10
double_single_thread,214,1096373,1.096373,double,1,10
double_single_thread,215,1096627,1.096627,double,1,10
double_single_thread,216,1100105,1.100105,double,1,10
double_single_thread,217,1102326,1.102326,double,1,10
double_single_thread,218,1096921,1.096921,double,1,10
double_single_thread,219,1096490,1.09649,double,1,10
double_single_thread,220,1099311,1.099311,double,1,10
double_single_thread,221,1097054,1.097054,double,1,10
double_single_thread,222,1106318,1.106318,double,1,10
double_single_thread,223,1096412,1.096412,double,1,10
double_single_thread,224,1107811,1.107811,double,1,10
double_single_thread,225,1096106,1.096106,double,1,10
double_single_thread,226,1096864,1.096864,double,1,10
double_single_thread,227,1101722,1.101722,double,1,10
double_single_thread,228,1096446,1.096446,double,1,10
double_single_thread,229,1099046,1.099046,double,1,10
double_single_thread,230,1096646,1.096646,double,1,10
double_single_thread,231,1095537,1.095537,double,1,10
double_single_thread,232,1099466,1.099466,double,1,10
double_single_thread,233,1096474,1.096474,double,1,10
double_single_thread,234,1095954,1.095954,double,1,10
double_single_thread,235,1099727,1.099727,double,1,10
double_single_thread,236,1104307,1.104307,double,1,10
double_single_thread,237,1104457,1.104457,double,1,10
double_single_thread,238,1109124,1.109124,double,1,10
double_single_thread,239,1113102,1.113102,double,1,10
double_single_thread,240,1106550,1.10655,double,1,10
double_single_thread,241,1119295,1.119295,double,1,10
double_single_thread,242,1105040,1.10504,double,1,10
double_single_thread,243,1088019,1.088019,double,1,10
double_single_thread,244,1094710,1.09471,double,1,10
double_single_thread,245,1099116,1.099116,double,1,10
double_single_thread,246,1102878,1.102878,double,1,10
double_single_thread,247,1095317,1.095317,double,1,10
double_single_thread,248,1096830,1.09683,double,1,10
double_single_thread,249,1100384,1.100384,double,1,10
double_single_thread,250,1096929,1.096929,double,1,10
double_single_thread,251,1099502,1.099502,double,1,10
double_single_thread,252,1096369,1.096369,double,1,10
double_single_thread,253,1097153,1.097153,double,1,10
double_single_thread,254,1110331,1.110331,double,1,10
double_single_thread,255,1106114,1.106114,double,1,10
double_single_thread,256,1103072,1.103072,double,1,10
double_single_thread,257,1105548,1.105548,double,1,10
double_single_thread,258,1104808,1.104808,double,1,10
double_single_thread,259,1096462,1.096462,double,1,10
double_single_thread,260,1134574,1.134574,double,1,10
double_single_thread,261,1110125,1.110125,double,1,10
double_single_thread,262,1096601,1.096601,double,1,10
double_single_thread,263,1096093,1.096093,double,1,10
double_single_thread,264,1099431,1.099431,double,1,10
double_single_thread,265,1100648,1.100648,double,1,10
double_single_thread,266,1096577,1.096577,double,1,10
double_single_thread,267,1100230,1.10023,double,1,10
double_single_thread,268,1095805,1.095805,double,1,10
double_single_thread,269,1107779,1.107779,double,1,10
double_single_thread,270,1103399,1.103399,double,1,10
double_single_thread,271,1097085,1.097085,double,1,10
double_single_thread,272,1099209,1.099209,double,1,10
double_single_thread,273,1096226,1.096226,double,1,10
double_single_thread,274,1096077,1.096077,double,1,10
double_single_thread,275,1101553,1.101553,double,1,10
double_single_thread,276,1109782,1.109782,double,1,10
double_single_thread,277,1101551,1.101551,double,1,10
double_single_thread,278,1096215,1.096215,double,1,10
double_single_thread,279,1099833,1.099833,double,1,10
double_single_thread,280,1096442,1.096442,double,1,10
double_single_thread,281,1096154,1.096154,double,1,10
double_single_thread,282,1098970,1.09897,double,1,10
double_single_thread,283,1096270,1.09627,double,1,10
double_single_thread,284,1095780,1.09578,double,1,10
double_single_thread,285,1100888,1.100888,double,1,10
double_single_thread,286,1099361,1.099361,double,1,10
double_single_thread,287,1104538,1.104538,double,1,10
double_single_thread,288,1101290,1.10129,double,1,10
double_single_thread,289,1095433,1.095433,double,1,10
double_single_thread,290,1101878,1.101878,double,1,10
double_single_thread,291,1100860,1.10086,double,1,10
double_single_thread,292,1096100,1.0961,double,1,10
double_single_thread,293,1096686,1.096686,double,1,10
double_single_thread,294,1104546,1.104546,double,1,10
double_single_thread,295,1099623,1.099623,double,1,10
double_single_thread,296,1100267,1.100267,double,1,10
double_single_thread,297,1096048,1.096048,double,1,10
double_single_thread,298,1099307,1.099307,double,1,10
double_single_thread,299,1096139,1.096139,double,1,10
double_single_thread,300,1104917,1.104917,double,1,10
double_single_thread,301,1096727,1.096727,double,1,10
double_single_thread,302,1097149,1.097149,double,1,10
double_single_thread,303,1099980,1.09998,double,1,10
double_single_thread,304,1098756,1.098756,double,1,10
double_single_thread,305,1101203,1.101203,double,1,10
double_single_thread,306,1096027,1.096027,double,1,10
double_single_thread,307,1098501,1.098501,double,1,10
double_single_thread,308,1096169,1.096169,double,1,10
double_single_thread,309,1096113,1.096113,double,1,10
double_single_thread,310,1098674,1.098674,double,1,10
double_single_thread,311,1097215,1.097215,double,1,10
double_single_thread,312,1100033,1.100033,double,1,10
double_single_thread,313,1101887,1.101887,double,1,10
double_single_thread,314,1105584,1.105584,double,1,10
double_single_thread,315,1099147,1.099147,double,1,10
double_single_thread,316,1099684,1.099684,double,1,10
double_single_thread,317,1095836,1.095836,double,1,10
double_single_thread,318,1098657,1.098657,double,1,10
double_single_thread,319,1096562,1.096562,double,1,10
double_single_thread,320,1098080,1.09808,double,1,10
double_single_thread,321,1096473,1.096473,double,1,10
double_single_thread,322,1097436,1.097436,double,1,10
double_single_thread,323,1098431,1.098431,double,1,10
double_single_thread,324,1096432,1.096432,double,1,10
double_single_thread,325,1101072,1.101072,double,1,10
double_single_thread,326,1096708,1.096708,double,1,10
double_single_thread,327,1108010,1.10801,double,1,10
double_single_thread,328,1095882,1.095882,double,1,10
double_single_thread,329,1103345,1.103345,double,1,10
double_single_thread,330,1100549,1.100549,double,1,10
double_single_thread,331,1101915,1.101915,double,1,10
double_single_thread,332,1095819,1.095819,double,1,10
double_single_thread,333,1100048,1.100048,double,1,10
double_single_thread,334,1096380,1.09638,double,1,10
double_single_thread,335,1101448,1.101448,double,1,10
double_single_thread,336,1096257,1.096257,double,1,10
double_single_thread,337,1128776,1.128776,double,1,10
double_single_thread,338,1104635,1.104635,double,1,10
double_single_thread,339,1096643,1.096643,double,1,10
double_single_thread,340,1101734,1.101734,double,1,10
double_single_thread,341,1096248,1.096248,double,1,10
double_single_thread,342,1098855,1.098855,double,1,10
double_single_thread,343,1095947,1.095947,double,1,10
double_single_thread,344,1102485,1.102485,double,1,10
double_single_thread,345,1108522,1.108522,double,1,10
double_single_thread,346,1100767,1.100767,double,1,10
double_single_thread,347,1096222,1.096222,double,1,10
double_single_thread,348,1100124,1.100124,double,1,10
double_single_thread,349,1104118,1.104118,double,1,10
double_single_thread,350,1100252,1.100252,double,1,10
double_single_thread,351,1096918,1.096918,double,1,10
double_single_thread,352,1107789,1.107789,double,1,10
double_single_thread,353,1095790,1.09579,double,1,10
double_single_thread,354,1101252,1.101252,double,1,10
double_single_thread,355,1095802,1.095802,double,1,10
double_single_thread,356,1102792,1.102792,double,1,10
double_single_thread,357,1096694,1.096694,double,1,10
double_single_thread,358,1097234,1.097234,double,1,10
double_single_thread,359,1099596,1.099596,double,1,10
double_single_thread,360,1096032,1.096032,double,1,10
double_single_thread,361,1109631,1.109631,double,1,10
double_single_thread,362,1095818,1.095818,double,1,10
double_single_thread,363,1095551,1.095551,double,1,10
double_single_thread,364,1102238,1.102238,double,1,10
double_single_thread,365,1124789,1.124789,double,1,10
double_single_thread,366,1125134,1.125134,double,1,10
double_single_thread,367,1102787,1.102787,double,1,10
double_single_thread,368,1107049,1.107049,double,1,10
double_single_thread,369,1096492,1.096492,double,1,10
double_single_thread,370,1096690,1.09669,double,1,10
double_single_thread,371,1098983,1.098983,double,1,10
double_single_thread,372,1096795,1.096795,double,1,10
double_single_thread,373,1098967,1.098967,double,1,10
double_single_thread,374,1098645,1.098645,double,1,10
double_single_thread,375,1099626,1.099626,double,1,10
double_single_thread,376,1097139,1.097139,double,1,10
double_single_thread,377,1099495,1.099495,double,1,10
double_single_thread,378,1106177,1.106177,double,1,10
double_single_thread,379,1101249,1.101249,double,1,10
double_single_thread,380,1096582,1.096582,double,1,10
double_single_thread,381,1102037,1.102037,double,1,10
double_single_thread,382,1100096,1.100096,double,1,10
double_single_thread,383,1101464,1.101464,double,1,10
double_single_thread,384,1103249,1.103249,double,1,10
double_single_thread,385,1096523,1.096523,double,1,10
double_single_thread,386,1103414,1.103414,double,1,10
double_single_thread,387,1100014,1.100014,double,1,10
double_single_thread,388,1096358,1.096358,double,1,10
double_single_thread,389,1096739,1.096739,double,1,10
double_single_thread,390,1098779,1.098779,double,1,10
double_single_thread,391,1104399,1.104399,double,1,10
double_single_thread,392,1101020,1.10102,double,1,10
double_single_thread,393,1097390,1.09739,double,1,10
double_single_thread,394,1099201,1.099201,double,1,10
double_single_thread,395,1096891,1.096891,double,1,10
double_single_thread,396,1099925,1.099925,double,1,10
double_single_thread,397,1096553,1.096553,double,1,10
double_single_thread,398,1095944,1.095944,double,1,10
double_single_thread,399,1100057,1.100057,double,1,10
double_single_thread,400,1096520,1.09652,double,1,10
double_single_thread,401,1099536,1.099536,double,1,10
double_single_thread,402,1096515,1.096515,double,1,10
double_single_thread,403,1099084,1.099084,double,1,10
double_single_thread,404,1108649,1.108649,double,1,10
double_single_thread,405,1102217,1.102217,double,1,10
double_single_thread,406,1096403,1.096403,double,1,10
double_single_thread,407,1098881,1.098881,double,1,10
double_single_thread,408,1096517,1.096517,double,1,10
double_single_thread,409,1095779,1.095779,double,1,10
double_single_thread,410,1099135,1.099135,double,1,10
double_single_thread,411,1110610,1.11061,double,1,10
double_single_thread,412,1101996,1.101996,double,1,10
double_single_thread,413,1098897,1.098897,double,1,10
double_single_thread,414,1099197,1.099197,double,1,10
double_single_thread,415,1095860,1.09586,double,1,10
double_single_thread,416,1097698,1.097698,double,1,10
double_single_thread,417,1099631,1.099631,double,1,10
double_single_thread,418,1104697,1.104697,double,1,10
double_single_thread,419,1101396,1.101396,double,1,10
double_single_thread,420,1102466,1.102466,double,1,10
double_single_thread,421,1097197,1.097197,double,1,10
double_single_thread,422,1105015,1.105015,double,1,10
double_single_thread,423,1101955,1.101955,double,1,10
double_single_thread,424,1096045,1.096045,double,1,10
double_single_thread,425,1096143,1.096143,double,1,10
double_single_thread,426,1099223,1.099223,double,1,10
double_single_thread,427,1115008,1.115008,double,1,10
double_single_thread,428,1101007,1.101007,double,1,10
double_single_thread,429,1096437,1.096437,double,1,10
double_single_thread,430,1099776,1.099776,double,1,10
double_single_thread,431,1095784,1.095784,double,1,10
double_single_thread,432,1099519,1.099519,double,1,10
double_single_thread,433,1101397,1.101397,double,1,10
double_single_thread,434,1096087,1.096087,double,1,10
double_single_thread,435,1101897,1.101897,double,1,10
double_single_thread,436,1110235,1.110235,double,1,10
double_single_thread,437,1096712,1.096712,double,1,10
double_single_thread,438,1096069,1.096069,double,1,10
double_single_thread,439,1099288,1.099288,double,1,10
double_single_thread,440,1102716,1.102716,double,1,10
double_single_thread,441,1101004,1.101004,double,1,10
double_single_thread,442,1135707,1.135707,double,1,10
double_single_thread,443,1105017,1.105017,double,1,10
double_single_thread,444,1096684,1.096684,double,1,10
double_single_thread,445,1098901,1.098901,double,1,10
double_single_thread,446,1096542,1.096542,double,1,10
double_single_thread,447,1096389,1.096389,double,1,10
double_single_thread,448,1100301,1.100301,double,1,10
double_single_thread,449,1113441,1.113441,double,1,10
double_single_thread,450,1101964,1.101964,double,1,10
double_single_thread,451,1095590,1.09559,double,1,10
double_single_thread,452,1108966,1.108966,double,1,10
double_single_thread,453,1095485,1.095485,double,1,10
double_single_thread,454,1096287,1.096287,double,1,10
double_single_thread,455,1099034,1.099034,double,1,10
double_single_thread,456,1096893,1.096893,double,1,10
double_single_thread,457,1100674,1.100674,double,1,10
double_single_thread,458,1104370,1.10437,double,1,10
double_single_thread,459,1101021,1.101021,double,1,10
double_single_thread,460,1096369,1.096369,double,1,10
double_single_thread,461,1097121,1.097121,double,1,10
double_single_thread,462,1101171,1.101171,double,1,10
double_single_thread,463,1098364,1.098364,double,1,10
double_single_thread,464,1096629,1.096629,double,1,10
double_single_thread,465,1097054,1.097054,double,1,10
double_single_thread,466,1099604,1.099604,double,1,10
double_single_thread,467,1096280,1.09628,double,1,10
double_single_thread,468,1096608,1.096608,double,1,10
double_single_thread,469,1108538,1.108538,double,1,10
double_single_thread,470,1096669,1.096669,double,1,10
double_single_thread,471,1096328,1.096328,double,1,10
double_single_thread,472,1108028,1.108028,double,1,10
double_single_thread,473,1100598,1.100598,double,1,10
double_single_thread,474,1096012,1.096012,double,1,10
double_single_thread,475,1100845,1.100845,double,1,10
double_single_thread,476,1103689,1.103689,double,1,10
double_single_thread,477,1101803,1.101803,double,1,10
double_single_thread,478,1100730,1.10073,double,1,10
double_single_thread,479,1096977,1.096977,double,1,10
double_single_thread,480,1101571,1.101571,double,1,10
double_single_thread,481,1097013,1.097013,double,1,10
double_single_thread,482,1111363,1.111363,double,1,10
double_single_thread,483,1096724,1.096724,double,1,10
double_single_thread,484,1096505,1.096505,double,1,10
double_single_thread,485,1098986,1.098986,double,1,10
double_single_thread,486,1096502,1.096502,double,1,10
double_single_thread,487,1095817,1.095817,double,1,10
double_single_thread,488,1100402,1.100402,double,1,10
double_single_thread,489,1096770,1.09677,double,1,10
double_single_thread,490,1100462,1.100462,double,1,10
double_single_thread,491,1101489,1.101489,double,1,10
double_single_thread,492,1102846,1.102846,double,1,10
double_single_thread,493,1096024,1.096024,double,1,10
double_single_thread,494,1099274,1.099274,double,1,10
double_single_thread,495,1102183,1.102183,double,1,10
double_single_thread,496,1107365,1.107365,double,1,10
double_single_thread,497,1098428,1.098428,double,1,10
double_single_thread,498,1100708,1.100708,double,1,10
double_single_thread,499,1096867,1.096867,double,1,10
double_single_thread,500,1100061,1.100061,double,1,10
double_single_thread,501,1097031,1.097031,double,1,10
double_single_thread,502,1101407,1.101407,double,1,10
double_single_thread,503,1096326,1.096326,double,1,10
double_single_thread,504,1097095,1.097095,double,1,10
double_single_thread,505,1099182,1.099182,double,1,10
double_single_thread,506,1096231,1.096231,double,1,10
double_single_thread,507,1099523,1.099523,double,1,10
double_single_thread,508,1096611,1.096611,double,1,10
double_single_thread,509,1107645,1.107645,double,1,10
double_single_thread,510,1097445,1.097445,double,1,10
double_single_thread,511,1107524,1.107524,double,1,10
double_single_thread,512,1098991,1.098991,double,1,10
double_single_thread,513,1106651,1.106651,double,1,10
double_single_thread,514,1096767,1.096767,double,1,10
double_single_thread,515,1096472,1.096472,double,1,10
double_single_thread,516,1099196,1.099196,double,1,10
double_single_thread,517,1096702,1.096702,double,1,10
double_single_thread,518,1099827,1.099827,double,1,10
double_single_thread,519,1096909,1.096909,double,1,10
double_single_thread,520,1099297,1.099297,double,1,10
double_single_thread,521,1097325,1.097325,double,1,10
double_single_thread,522,1102316,1.102316,double,1,10
double_single_thread,523,1096271,1.096271,double,1,10
double_single_thread,524,1100173,1.100173,double,1,10
double_single_thread,525,1096436,1.096436,double,1,10
double_single_thread,526,1105672,1.105672,double,1,10
double_single_thread,527,1108464,1.108464,double,1,10
double_single_thread,528,1101810,1.10181,double,1,10
double_single_thread,529,1096977,1.096977,double,1,10
double_single_thread,530,1097430,1.09743,double,1,10
double_single_thread,531,1109501,1.109501,double,1,10
double_single_thread,532,1101939,1.101939,double,1,10
double_single_thread,533,1102106,1.102106,double,1,10
double_single_thread,534,1100964,1.100964,double,1,10
double_single_thread,535,1096896,1.096896,double,1,10
double_single_thread,536,1096447,1.096447,double,1,10
double_single_thread,537,1098954,1.098954,double,1,10
double_single_thread,538,1097219,1.097219,double,1,10
double_single_thread,539,1096398,1.096398,double,1,10
double_single_thread,540,1100706,1.100706,double,1,10
double_single_thread,541,1098010,1.09801,double,1,10
double_single_thread,542,1105292,1.105292,double,1,10
double_single_thread,543,1096581,1.096581,double,1,10
double_single_thread,544,1096499,1.096499,double,1,10
double_single_thread,545,1101021,1.101021,double,1,10
double_single_thread,546,1096261,1.096261,double,1,10
double_single_thread,547,1099256,1.099256,double,1,10
double_single_thread,548,1096732,1.096732,double,1,10
double_single_thread,549,1105049,1.105049,double,1,10
double_single_thread,550,1101052,1.101052,double,1,10
double_single_thread,551,1097760,1.09776,double,1,10
double_single_thread,552,1099628,1.099628,double,1,10
double_single_thread,553,1116395,1.116395,double,1,10
double_single_thread,554,1100161,1.100161,double,1,10
double_single_thread,555,1096373,1.096373,double,1,10
double_single_thread,556,1096277,1.096277,double,1,10
double_single_thread,557,1100056,1.100056,double,1,10
double_single_thread,558,1095984,1.095984,double,1,10
double_single_thread,559,1099159,1.099159,double,1,10
double_single_thread,560,1102274,1.102274,double,1,10
double_single_thread,561,1103627,1.103627,double,1,10
double_single_thread,562,1096762,1.096762,double,1,10
double_single_thread,563,1106286,1.106286,double,1,10
double_single_thread,564,1164401,1.164401,double,1,10
double_single_thread,565,1539921,1.539921,double,1,10
double_single_thread,566,1457228,1.457228,double,1,10
double_single_thread,567,1486620,1.48662,double,1,10
double_single_thread,568,1426506,1.426506,double,1,10
double_single_thread,569,1275870,1.27587,double,1,10
double_single_thread,570,1325252,1.325252,double,1,10
double_single_thread,571,1088239,1.088239,double,1,10
double_single_thread,572,1108813,1.108813,double,1,10
double_single_thread,573,1099436,1.099436,double,1,10
double_single_thread,574,1102541,1.102541,double,1,10
double_single_thread,575,1108500,1.1085,double,1,10
double_single_thread,576,1104923,1.104923,double,1,10
double_single_thread,577,1135408,1.135408,double,1,10
double_single_thread,578,1129497,1.129497,double,1,10
double_single_thread,579,1086739,1.086739,double,1,10
double_single_thread,580,1099303,1.099303,double,1,10
double_single_thread,581,1097307,1.097307,double,1,10
double_single_thread,582,1095938,1.095938,double,1,10
double_single_thread,583,1101001,1.101001,double,1,10
double_single_thread,584,1106958,1.106958,double,1,10
double_single_thread,585,1108758,1.108758,double,1,10
double_single_thread,586,1096882,1.096882,double,1,10
double_single_thread,587,1097288,1.097288,double,1,10
double_single_thread,588,1101794,1.101794,double,1,10
double_single_thread,589,1098461,1.098461,double,1,10
double_single_thread,590,1099795,1.099795,double,1,10
double_single_thread,591,1096302,1.096302,double,1,10
double_single_thread,592,1100197,1.100197,double,1,10
double_single_thread,593,1097588,1.097588,double,1,10
double_single_thread,594,1096375,1.096375,double,1,10
double_single_thread,595,1099486,1.099486,double,1,10
double_single_thread,596,1118559,1.118559,double,1,10
double_single_thread,597,1104334,1.104334,double,1,10
double_single_thread,598,1103529,1.103529,double,1,10
double_single_thread,599,1103336,1.103336,double,1,10
double_single_thread,600,1103559,1.103559,double,1,10
double_single_thread,601,1100252,1.100252,double,1,10
double_single_thread,602,1104705,1.104705,double,1,10
double_single_thread,603,1096146,1.096146,double,1,10
double_single_thread,604,1100840,1.10084,double,1,10
double_single_thread,605,1096931,1.096931,double,1,10
double_single_thread,606,1097538,1.097538,double,1,10
double_single_thread,607,1100299,1.100299,double,1,10
double_single_thread,608,1097243,1.097243,double,1,10
double_single_thread,609,1101101,1.101101,double,1,10
double_single_thread,610,1096946,1.096946,double,1,10
double_single_thread,611,1099080,1.09908,double,1,10
double_single_thread,612,1096665,1.096665,double,1,10
double_single_thread,613,1109356,1.109356,double,1,10
double_single_thread,614,1096887,1.096887,double,1,10
double_single_thread,615,1201020,1.20102,double,1,10
double_single_thread,616,1119029,1.119029,double,1,10
double_single_thread,617,1097807,1.097807,double,1,10
double_single_thread,618,1104163,1.104163,double,1,10
double_single_thread,619,1106593,1.106593,double,1,10
double_single_thread,620,1107597,1.107597,double,1,10
double_single_thread,621,1097024,1.097024,double,1,10
double_single_thread,622,1146156,1.146156,double,1,10
double_single_thread,623,1103385,1.103385,double,1,10
double_single_thread,624,1096801,1.096801,double,1,10
double_single_thread,625,1101448,1.101448,double,1,10
double_single_thread,626,1097419,1.097419,double,1,10
double_single_thread,627,1101220,1.10122,double,1,10
double_single_thread,628,1098036,1.098036,double,1,10
double_single_thread,629,1099226,1.099226,double,1,10
double_single_thread,630,1096962,1.096962,double,1,10
double_single_thread,631,1107326,1.107326,double,1,10
double_single_thread,632,1097837,1.097837,double,1,10
double_single_thread,633,1099680,1.09968,double,1,10
double_single_thread,634,1096118,1.096118,double,1,10
double_single_thread,635,1097396,1.097396,double,1,10
double_single_thread,636,1100517,1.100517,double,1,10
double_single_thread,637,1101930,1.10193,double,1,10
double_single_thread,638,1108176,1.108176,double,1,10
double_single_thread,639,1101322,1.101322,double,1,10
double_single_thread,640,1095773,1.095773,double,1,10
double_single_thread,641,1096407,1.096407,double,1,10
double_single_thread,642,1099263,1.099263,double,1,10
double_single_thread,643,1096923,1.096923,double,1,10
double_single_thread,644,1098436,1.098436,double,1,10
double_single_thread,645,1097896,1.097896,double,1,10
double_single_thread,646,1096504,1.096504,double,1,10
double_single_thread,647,1101880,1.10188,double,1,10
double_single_thread,648,1099131,1.099131,double,1,10
double_single_thread,649,1103882,1.103882,double,1,10
double_single_thread,650,1099584,1.099584,double,1,10
double_single_thread,651,1095698,1.095698,double,1,10
double_single_thread,652,1106530,1.10653,double,1,10
double_single_thread,653,1119116,1.119116,double,1,10
double_single_thread,654,1102457,1.102457,double,1,10
double_single_thread,655,1105162,1.105162,double,1,10
double_single_thread,656,1107648,1.107648,double,1,10
double_single_thread,657,1105620,1.10562,double,1,10
double_single_thread,658,1096447,1.096447,double,1,10
double_single_thread,659,1096905,1.096905,double,1,10
double_single_thread,660,1099404,1.099404,double,1,10
double_single_thread,661,1105615,1.105615,double,1,10
double_single_thread,662,1101330,1.10133,double,1,10
double_single_thread,663,1096841,1.096841,double,1,10
double_single_thread,664,1097996,1.097996,double,1,10
double_single_thread,665,1100436,1.100436,double,1,10
double_single_thread,666,1101931,1.101931,double,1,10
double_single_thread,667,1096640,1.09664,double,1,10
double_single_thread,668,1095664,1.095664,double,1,10
double_single_thread,669,1099402,1.099402,double,1,10
double_single_thread,670,1097900,1.0979,double,1,10
double_single_thread,671,1099616,1.099616,double,1,10
double_single_thread,672,1096899,1.096899,double,1,10
double_single_thread,673,1099557,1.099557,double,1,10
double_single_thread,674,1096973,1.096973,double,1,10
double_single_thread,675,1102599,1.102599,double,1,10
double_single_thread,676,1112801,1.112801,double,1,10
double_single_thread,677,1110038,1.110038,double,1,10
double_single_thread,678,1102412,1.102412,double,1,10
double_single_thread,679,1096456,1.096456,double,1,10
double_single_thread,680,1096743,1.096743,double,1,10
double_single_thread,681,1098771,1.098771,double,1,10
double_single_thread,682,1096411,1.096411,double,1,10
double_single_thread,683,1096538,1.096538,double,1,10
double_single_thread,684,1100386,1.100386,double,1,10
double_single_thread,685,1097032,1.097032,double,1,10
double_single_thread,686,1102239,1.102239,double,1,10
double_single_thread,687,1095952,1.095952,double,1,10
double_single_thread,688,1099691,1.099691,double,1,10
double_single_thread,689,1105398,1.105398,double,1,10
double_single_thread,690,1095796,1.095796,double,1,10
double_single_thread,691,1108402,1.108402,double,1,10
double_single_thread,692,1096226,1.096226,double,1,10
double_single_thread,693,1101774,1.101774,double,1,10
double_single_thread,694,1101040,1.10104,double,1,10
double_single_thread,695,1097104,1.097104,double,1,10
double_single_thread,696,1101204,1.101204,double,1,10
double_single_thread,697,1096136,1.096136,double,1,10
double_single_thread,698,1100031,1.100031,double,1,10
double_single_thread,699,1097201,1.097201,double,1,10
double_single_thread,700,1100108,1.100108,double,1,10
double_single_thread,701,1095482,1.095482,double,1,10
double_single_thread,702,1100609,1.100609,double,1,10
double_single_thread,703,1095662,1.095662,double,1,10
double_single_thread,704,1095937,1.095937,double,1,10
double_single_thread,705,1098913,1.098913,double,1,10
double_single_thread,706,1099055,1.099055,double,1,10
double_single_thread,707,1114273,1.114273,double,1,10
double_single_thread,708,1096310,1.09631,double,1,10
double_single_thread,709,1096594,1.096594,double,1,10
double_single_thread,710,1098909,1.098909,double,1,10
double_single_thread,711,1103881,1.103881,double,1,10
double_single_thread,712,1137319,1.137319,double,1,10
double_single_thread,713,1104796,1.104796,double,1,10
double_single_thread,714,1107805,1.107805,double,1,10
double_single_thread,715,1098202,1.098202,double,1,10
double_single_thread,716,1099770,1.09977,double,1,10
double_single_thread,717,1095063,1.095063,double,1,10
double_single_thread,718,1096160,1.09616,double,1,10
double_single_thread,719,1100799,1.100799,double,1,10
double_single_thread,720,1129247,1.129247,double,1,10
double_single_thread,721,1102029,1.102029,double,1,10
double_single_thread,722,1106755,1.106755,double,1,10
double_single_thread,723,1101458,1.101458,double,1,10
double_single_thread,724,1098126,1.098126,double,1,10
double_single_thread,725,1111321,1.111321,double,1,10
double_single_thread,726,1097997,1.097997,double,1,10
double_single_thread,727,1096801,1.096801,double,1,10
double_single_thread,728,1100293,1.100293,double,1,10
double_single_thread,729,1118559,1.118559,double,1,10
double_single_thread,730,1101344,1.101344,double,1,10
double_single_thread,731,1096497,1.096497,double,1,10
double_single_thread,732,1097184,1.097184,double,1,10
double_single_thread,733,1116552,1.116552,double,1,10
double_single_thread,734,1100162,1.100162,double,1,10
double_single_thread,735,1101252,1.101252,double,1,10
double_single_thread,736,1096258,1.096258,double,1,10
double_single_thread,737,1096874,1.096874,double,1,10
double_single_thread,738,1099592,1.099592,double,1,10
double_single_thread,739,1104459,1.104459,double,1,10
double_single_thread,740,1101497,1.101497,double,1,10
double_single_thread,741,1095948,1.095948,double,1,10
double_single_thread,742,1104724,1.104724,double,1,10
double_single_thread,743,1100803,1.100803,double,1,10
double_single_thread,744,1098349,1.098349,double,1,10
double_single_thread,745,1099283,1.099283,double,1,10
double_single_thread,746,1107838,1.107838,double,1,10
double_single_thread,747,1101219,1.101219,double,1,10
double_single_thread,748,1102812,1.102812,double,1,10
double_single_thread,749,1095995,1.095995,double,1,10
double_single_thread,750,1100733,1.100733,double,1,10
double_single_thread,751,1096849,1.096849,double,1,10
double_single_thread,752,1111027,1.111027,double,1,10
double_single_thread,753,1097144,1.097144,double,1,10
double_single_thread,754,1102466,1.102466,double,1,10
double_single_thread,755,1097595,1.097595,double,1,10
double_single_thread,756,1100367,1.100367,double,1,10
double_single_thread,757,1096873,1.096873,double,1,10
double_single_thread,758,1101461,1.101461,double,1,10
double_single_thread,759,1098233,1.098233,double,1,10
double_single_thread,760,1097942,1.097942,double,1,10
double_single_thread,761,1100158,1.100158,double,1,10
double_single_thread,762,1096653,1.096653,double,1,10
double_single_thread,763,1096273,1.096273,double,1,10
double_single_thread,764,1101212,1.101212,double,1,10
double_single_thread,765,1097140,1.09714,double,1,10
double_single_thread,766,1110360,1.11036,double,1,10
double_single_thread,767,1103568,1.103568,double,1,10
double_single_thread,768,1096455,1.096455,double,1,10
double_single_thread,769,1100925,1.100925,double,1,10
double_single_thread,770,1097028,1.097028,double,1,10
double_single_thread,771,1099534,1.099534,double,1,10
double_single_thread,772,1096981,1.096981,double,1,10
double_single_thread,773,1101159,1.101159,double,1,10
double_single_thread,774,1097118,1.097118,double,1,10
double_single_thread,775,1168463,1.168463,double,1,10
double_single_thread,776,1101949,1.101949,double,1,10
double_single_thread,777,1112215,1.112215,double,1,10
double_single_thread,778,1098609,1.098609,double,1,10
double_single_thread,779,1098008,1.098008,double,1,10
double_single_thread,780,1106216,1.106216,double,1,10
double_single_thread,781,1106413,1.106413,double,1,10
double_single_thread,782,1103720,1.10372,double,1,10
double_single_thread,783,1100278,1.100278,double,1,10
double_single_thread,784,1109118,1.109118,double,1,10
double_single_thread,785,1096861,1.096861,double,1,10
double_single_thread,786,1097549,1.097549,double,1,10
double_single_thread,787,1110702,1.110702,double,1,10
double_single_thread,788,1100752,1.100752,double,1,10
double_single_thread,789,1140871,1.140871,double,1,10
double_single_thread,790,1098317,1.098317,double,1,10
double_single_thread,791,1095752,1.095752,double,1,10
double_single_thread,792,1103397,1.103397,double,1,10
double_single_thread,793,1096029,1.096029,double,1,10
double_single_thread,794,1099403,1.099403,double,1,10
double_single_thread,795,1095971,1.095971,double,1,10
double_single_thread,796,1099098,1.099098,double,1,10
double_single_thread,797,1104156,1.104156,double,1,10
double_single_thread,798,1107891,1.107891,double,1,10
double_single_thread,799,1095482,1.095482,double,1,10
double_single_thread,800,1097152,1.097152,double,1,10
double_single_thread,801,1098725,1.098725,double,1,10
double_single_thread,802,1110174,1.110174,double,1,10
double_single_thread,803,1131197,1.131197,double,1,10
double_single_thread,804,1107307,1.107307,double,1,10
double_single_thread,805,1095755,1.095755,double,1,10
double_single_thread,806,1096497,1.096497,double,1,10
double_single_thread,807,1100366,1.100366,double,1,10
double_single_thread,808,1096924,1.096924,double,1,10
double_single_thread,809,1100139,1.100139,double,1,10
double_single_thread,810,1097809,1.097809,double,1,10
double_single_thread,811,1098664,1.098664,double,1,10
double_single_thread,812,1099563,1.099563,double,1,10
double_single_thread,813,1104241,1.104241,double,1,10
double_single_thread,814,1095602,1.095602,double,1,10
double_single_thread,815,1100425,1.100425,double,1,10
double_single_thread,816,1098023,1.098023,double,1,10
double_single_thread,817,1099420,1.09942,double,1,10
double_single_thread,818,1096540,1.09654,double,1,10
double_single_thread,819,1099681,1.099681,double,1,10
double_single_thread,820,1107665,1.107665,double,1,10
double_single_thread,821,1104975,1.104975,double,1,10
double_single_thread,822,1095673,1.095673,double,1,10
double_single_thread,823,1100933,1.100933,double,1,10
double_single_thread,824,1096500,1.0965,double,1,10
double_single_thread,825,1096346,1.096346,double,1,10
double_single_thread,826,1098854,1.098854,double,1,10
double_single_thread,827,1096436,1.096436,double,1,10
double_single_thread,828,1099603,1.099603,double,1,10
double_single_thread,829,1096341,1.096341,double,1,10
double_single_thread,830,1106774,1.106774,double,1,10
double_single_thread,831,1099105,1.099105,double,1,10
double_single_thread,832,1099950,1.09995,double,1,10
double_single_thread,833,1102382,1.102382,double,1,10
double_single_thread,834,1096380,1.09638,double,1,10
double_single_thread,835,1098881,1.098881,double,1,10
double_single_thread,836,1096463,1.096463,double,1,10
double_single_thread,837,1112990,1.11299,double,1,10
double_single_thread,838,1102692,1.102692,double,1,10
double_single_thread,839,1097025,1.097025,double,1,10
double_single_thread,840,1100930,1.10093,double,1,10
double_single_thread,841,1098454,1.098454,double,1,10
double_single_thread,842,1107486,1.107486,double,1,10
double_single_thread,843,1096608,1.096608,double,1,10
double_single_thread,844,1095886,1.095886,double,1,10
double_single_thread,845,1098939,1.098939,double,1,10
double_single_thread,846,1096818,1.096818,double,1,10
double_single_thread,847,1099061,1.099061,double,1,10
double_single_thread,848,1096914,1.096914,double,1,10
double_single_thread,849,1096067,1.096067,double,1,10
double_single_thread,850,1100329,1.100329,double,1,10
double_single_thread,851,1108039,1.108039,double,1,10
double_single_thread,852,1104023,1.104023,double,1,10
double_single_thread,853,1101336,1.101336,double,1,10
double_single_thread,854,1096213,1.096213,double,1,10
double_single_thread,855,1105575,1.105575,double,1,10
double_single_thread,856,1100766,1.100766,double,1,10
double_single_thread,857,1113694,1.113694,double,1,10
double_single_thread,858,1097152,1.097152,double,1,10
double_single_thread,859,1102576,1.102576,double,1,10
double_single_thread,860,1106433,1.106433,double,1,10
double_single_thread,861,1096934,1.096934,double,1,10
double_single_thread,862,1099703,1.099703,double,1,10
double_single_thread,863,1096973,1.096973,double,1,10
double_single_thread,864,1098810,1.09881,double,1,10
double_single_thread,865,1096119,1.096119,double,1,10
double_single_thread,866,1096273,1.096273,double,1,10
double_single_thread,867,1099656,1.099656,double,1,10
double_single_thread,868,1104923,1.104923,double,1,10
double_single_thread,869,1101150,1.10115,double,1,10
double_single_thread,870,1098707,1.098707,double,1,10
double_single_thread,871,1099381,1.099381,double,1,10
double_single_thread,872,1103787,1.103787,double,1,10
double_single_thread,873,1102068,1.102068,double,1,10
double_single_thread,874,1097706,1.097706,double,1,10
double_single_thread,875,1101813,1.101813,double,1,10
double_single_thread,876,1101293,1.101293,double,1,10
double_single_thread,877,1096940,1.09694,double,1,10
double_single_thread,878,1097313,1.097313,double,1,10
double_single_thread,879,1099036,1.099036,double,1,10
double_single_thread,880,1100697,1.100697,double,1,10
double_single_thread,881,1095254,1.095254,double,1,10
double_single_thread,882,1095888,1.095888,double,1,10
double_single_thread,883,1099252,1.099252,double,1,10
double_single_thread,884,1096502,1.096502,double,1,10
double_single_thread,885,1099457,1.099457,double,1,10
double_single_thread,886,1096151,1.096151,double,1,10
double_single_thread,887,1096471,1.096471,double,1,10
double_single_thread,888,1105898,1.105898,double,1,10
double_single_thread,889,1101617,1.101617,double,1,10
double_single_thread,890,1102712,1.102712,double,1,10
double_single_thread,891,1096732,1.096732,double,1,10
double_single_thread,892,1114153,1.114153,double,1,10
double_single_thread,893,1101965,1.101965,double,1,10
double_single_thread,894,1099862,1.099862,double,1,10
double_single_thread,895,1100509,1.100509,double,1,10
double_single_thread,896,1096698,1.096698,double,1,10
double_single_thread,897,1100960,1.10096,double,1,10
double_single_thread,898,1096385,1.096385,double,1,10
double_single_thread,899,1100006,1.100006,double,1,10
double_single_thread,900,1100009,1.100009,double,1,10
double_single_thread,901,1100476,1.100476,double,1,10
double_single_thread,902,1096231,1.096231,double,1,10
double_single_thread,903,1100232,1.100232,double,1,10
double_single_thread,904,1108254,1.108254,double,1,10
double_single_thread,905,1096318,1.096318,double,1,10
double_single_thread,906,1096770,1.09677,double,1,10
double_single_thread,907,1100043,1.100043,double,1,10
double_single_thread,908,1096987,1.096987,double,1,10
double_single_thread,909,1096616,1.096616,double,1,10
double_single_thread,910,1101402,1.101402,double,1,10
double_single_thread,911,1112844,1.112844,double,1,10
double_single_thread,912,1096295,1.096295,double,1,10
double_single_thread,913,1096396,1.096396,double,1,10
double_single_thread,914,1099506,1.099506,double,1,10
double_single_thread,915,1096092,1.096092,double,1,10
double_single_thread,916,1098711,1.098711,double,1,10
double_single_thread,917,1096522,1.096522,double,1,10
double_single_thread,918,1097265,1.097265,double,1,10
double_single_thread,919,1100045,1.100045,double,1,10
double_single_thread,920,1098258,1.098258,double,1,10
double_single_thread,921,1109733,1.109733,double,1,10
double_single_thread,922,1096072,1.096072,double,1,10
double_single_thread,923,1095928,1.095928,double,1,10
double_single_thread,924,1107394,1.107394,double,1,10
double_single_thread,925,1097431,1.097431,double,1,10
double_single_thread,926,1096063,1.096063,double,1,10
double_single_thread,927,1106174,1.106174,double,1,10
double_single_thread,928,1105132,1.105132,double,1,10
double_single_thread,929,1102227,1.102227,double,1,10
double_single_thread,930,1111656,1.111656,double,1,10
double_single_thread,931,1101438,1.101438,double,1,10
double_single_thread,932,1097245,1.097245,double,1,10
double_single_thread,933,1105216,1.105216,double,1,10
double_single_thread,934,1104538,1.104538,double,1,10
double_single_thread,935,1122964,1.122964,double,1,10
double_single_thread,936,1097722,1.097722,double,1,10
double_single_thread,937,1096124,1.096124,double,1,10
double_single_thread,938,1100424,1.100424,double,1,10
double_single_thread,939,1102624,1.102624,double,1,10
double_single_thread,940,1096159,1.096159,double,1,10
double_single_thread,941,1095864,1.095864,double,1,10
double_single_thread,942,1099114,1.099114,double,1,10
double_single_thread,943,1102794,1.102794,double,1,10
double_single_thread,944,1100600,1.1006,double,1,10
double_single_thread,945,1096986,1.096986,double,1,10
double_single_thread,946,1096104,1.096104,double,1,10
double_single_thread,947,1100058,1.100058,double,1,10
double_single_thread,948,1108126,1.108126,double,1,10
double_single_thread,949,1102502,1.102502,double,1,10
double_single_thread,950,1095835,1.095835,double,1,10
double_single_thread,951,1099425,1.099425,double,1,10
double_single_thread,952,1096755,1.096755,double,1,10
double_single_thread,953,1098974,1.098974,double,1,10
double_single_thread,954,1096527,1.096527,double,1,10
double_single_thread,955,1097312,1.097312,double,1,10
double_single_thread,956,1099343,1.099343,double,1,10
double_single_thread,957,1096507,1.096507,double,1,10
double_single_thread,958,1096023,1.096023,double,1,10
double_single_thread,959,1109358,1.109358,double,1,10
double_single_thread,960,1100862,1.100862,double,1,10
double_single_thread,961,1097224,1.097224,double,1,10
double_single_thread,962,1095871,1.095871,double,1,10
double_single_thread,963,1106030,1.10603,double,1,10
double_single_thread,964,1101227,1.101227,double,1,10
double_single_thread,965,1100577,1.100577,double,1,10
double_single_thread,966,1104775,1.104775,double,1,10
double_single_thread,967,1096256,1.096256,double,1,10
double_single_thread,968,1127265,1.127265,double,1,10
double_single_thread,969,1104465,1.104465,double,1,10
double_single_thread,970,1096181,1.096181,double,1,10
double_single_thread,971,1096494,1.096494,double,1,10
double_single_thread,972,1099584,1.099584,double,1,10
double_single_thread,973,1096888,1.096888,double,1,10
double_single_thread,974,1099977,1.099977,double,1,10
double_single_thread,975,1096593,1.096593,double,1,10
double_single_thread,976,1099649,1.099649,double,1,10
double_single_thread,977,1096118,1.096118,double,1,10
double_single_thread,978,1098054,1.098054,double,1,10
double_single_thread,979,1115835,1.115835,double,1,10
double_single_thread,980,1096873,1.096873,double,1,10
double_single_thread,981,1096182,1.096182,double,1,10
double_single_thread,982,1098576,1.098576,double,1,10
double_single_thread,983,1096269,1.096269,double,1,10
double_single_thread,984,1112412,1.112412,double,1,10
double_single_thread,985,1134795,1.134795,double,1,10
double_single_thread,986,1103505,1.103505,double,1,10
double_single_thread,987,1096549,1.096549,double,1,10
double_single_thread,988,1102613,1.102613,double,1,10
double_single_thread,989,1095700,1.0957,double,1,10
double_single_thread,990,1099473,1.099473,double,1,10
double_single_thread,991,1097907,1.097907,double,1,10
double_single_thread,992,1108071,1.108071,double,1,10
double_single_thread,993,1096245,1.096245,double,1,10
double_single_thread,994,1103927,1.103927,double,1,10
double_single_thread,995,1100957,1.100957,double,1,10
double_single_thread,996,1097339,1.097339,double,1,10
double_single_thread,997,1097447,1.097447,double,1,10
double_single_thread,998,1101927,1.101927,double,1,10
double_single_thread,999,1096714,1.096714,double,1,10
single_single_thread,0,623527,0.623527,single,1,10
single_single_thread,1,635555,0.635555,single,1,10
single_single_thread,2,626437,0.626437,single,1,10
single_single_thread,3,630559,0.630559,single,1,10
single_single_thread,4,626586,0.626586,single,1,10
single_single_thread,5,630182,0.630182,single,1,10
single_single_thread,6,622764,0.622764,single,1,10
single_single_thread,7,631083,0.631083,single,1,10
single_single_thread,8,630614,0.630614,single,1,10
single_single_thread,9,636034,0.636034,single,1,10
single_single_thread,10,625648,0.625648,single,1,10
single_single_thread,11,622788,0.622788,single,1,10
single_single_thread,12,625055,0.625055,single,1,10
single_single_thread,13,629866,0.629866,single,1,10
single_single_thread,14,623281,0.623281,single,1,10
single_single_thread,15,624814,0.624814,single,1,10
single_single_thread,16,624488,0.624488,single,1,10
single_single_thread,17,622150,0.62215,single,1,10
single_single_thread,18,628647,0.628647,single,1,10
single_single_thread,19,622439,0.622439,single,1,10
single_single_thread,20,626059,0.626059,single,1,10
single_single_thread,21,637614,0.637614,single,1,10
single_single_thread,22,622208,0.622208,single,1,10
single_single_thread,23,625821,0.625821,single,1,10
single_single_thread,24,624956,0.624956,single,1,10
single_single_thread,25,623029,0.623029,single,1,10
single_single_thread,26,635416,0.635416,single,1,10
single_single_thread,27,623361,0.623361,single,1,10
single_single_thread,28,625103,0.625103,single,1,10
single_single_thread,29,639440,0.63944,single,1,10
single_single_thread,30,622918,0.622918,single,1,10
single_single_thread,31,625565,0.625565,single,1,10
single_single_thread,32,635891,0.635891,single,1,10
single_single_thread,33,626634,0.626634,single,1,10
single_single_thread,34,627383,0.627383,single,1,10
single_single_thread,35,622242,0.622242,single,1,10
single_single_thread,36,625260,0.62526,single,1,10
single_single_thread,37,629480,0.62948,single,1,10
single_single_thread,38,622221,0.622221,single,1,10
single_single_thread,39,625127,0.625127,single,1,10
single_single_thread,40,627140,0.62714,single,1,10
single_single_thread,41,621910,0.62191,single,1,10
single_single_thread,42,636563,0.636563,single,1,10
single_single_thread,43,627072,0.627072,single,1,10
single_single_thread,44,622782,0.622782,single,1,10
single_single_thread,45,628091,0.628091,single,1,10
single_single_thread,46,622154,0.622154,single,1,10
single_single_thread,47,624659,0.624659,single,1,10
single_single_thread,48,624992,0.624992,single,1,10
single_single_thread,49,623152,0.623152,single,1,10
single_single_thread,50,628098,0.628098,single,1,10
single_single_thread,51,624628,0.624628,single,1,10
single_single_thread,52,622121,0.622121,single,1,10
single_single_thread,53,624045,0.624045,single,1,10
single_single_thread,54,622515,0.622515,single,1,10
single_single_thread,55,628399,0.628399,single,1,10
single_single_thread,56,623894,0.623894,single,1,10
single_single_thread,57,622297,0.622297,single,1,10
single_single_thread,58,628322,0.628322,single,1,10
single_single_thread,59,625147,0.625147,single,1,10
single_single_thread,60,622155,0.622155,single,1,10
single_single_thread,61,624900,0.6249,single,1,10
single_single_thread,62,623213,0.623213,single,1,10
single_single_thread,63,627383,0.627383,single,1,10
single_single_thread,64,625521,0.625521,single,1,10
single_single_thread,65,621553,0.621553,single,1,10
single_single_thread,66,627916,0.627916,single,1,10
single_single_thread,67,624732,0.624732,single,1,10
single_single_thread,68,622951,0.622951,single,1,10
single_single_thread,69,635736,0.635736,single,1,10
single_single_thread,70,623063,0.623063,single,1,10
single_single_thread,71,624182,0.624182,single,1,10
single_single_thread,72,625849,0.625849,single,1,10
single_single_thread,73,623046,0.623046,single,1,10
single_single_thread,74,627533,0.627533,single,1,10
single_single_thread,75,625453,0.625453,single,1,10
single_single_thread,76,621181,0.621181,single,1,10
single_single_thread,77,624555,0.624555,single,1,10
single_single_thread,78,622025,0.622025,single,1,10
single_single_thread,79,648274,0.648274,single,1,10
single_single_thread,80,625342,0.625342,single,1,10
single_single_thread,81,622983,0.622983,single,1,10
single_single_thread,82,625159,0.625159,single,1,10
single_single_thread,83,630070,0.63007,single,1,10
single_single_thread,84,622642,0.622642,single,1,10
single_single_thread,85,625439,0.625439,single,1,10
single_single_thread,86,622158,0.622158,single,1,10
single_single_thread,87,640889,0.640889,single,1,10
single_single_thread,88,625210,0.62521,single,1,10
single_single_thread,89,622219,0.622219,single,1,10
single_single_thread,90,628773,0.628773,single,1,10
single_single_thread,91,625308,0.625308,single,1,10
single_single_thread,92,622458,0.622458,single,1,10
single_single_thread,93,630746,0.630746,single,1,10
single_single_thread,94,622054,0.622054,single,1,10
single_single_thread,95,629019,0.629019,single,1,10
single_single_thread,96,624995,0.624995,single,1,10
single_single_thread,97,622487,0.622487,single,1,10
single_single_thread,98,623900,0.6239,single,1,10
single_single_thread,99,649093,0.649093,single,1,10
single_single_thread,100,648243,0.648243,single,1,10
single_single_thread,101,627441,0.627441,single,1,10
single_single_thread,102,624664,0.624664,single,1,10
single_single_thread,103,619605,0.619605,single,1,10
single_single_thread,104,628361,0.628361,single,1,10
single_single_thread,105,621970,0.62197,single,1,10
single_single_thread,106,625124,0.625124,single,1,10
single_single_thread,107,624105,0.624105,single,1,10
single_single_thread,108,622148,0.622148,single,1,10
single_single_thread,109,626966,0.626966,single,1,10
single_single_thread,110,624189,0.624189,single,1,10
single_single_thread,111,623224,0.623224,single,1,10
single_single_thread,112,628531,0.628531,single,1,10
single_single_thread,113,622689,0.622689,single,1,10
single_single_thread,114,623540,0.62354,single,1,10
single_single_thread,115,624260,0.62426,single,1,10
single_single_thread,116,630259,0.630259,single,1,10
single_single_thread,117,646968,0.646968,single,1,10
single_single_thread,118,631517,0.631517,single,1,10
single_single_thread,119,622458,0.622458,single,1,10
single_single_thread,120,624482,0.624482,single,1,10
single_single_thread,121,622254,0.622254,single,1,10
single_single_thread,122,625750,0.62575,single,1,10
single_single_thread,123,634630,0.63463,single,1,10
single_single_thread,124,621826,0.621826,single,1,10
single_single_thread,125,625478,0.625478,single,1,10
single_single_thread,126,629196,0.629196,single,1,10
single_single_thread,127,622768,0.622768,single,1,10
single_single_thread,128,625771,0.625771,single,1,10
single_single_thread,129,621721,0.621721,single,1,10
single_single_thread,130,624570,0.62457,single,1,10
single_single_thread,131,629070,0.62907,single,1,10
single_single_thread,132,627799,0.627799,single,1,10
single_single_thread,133,631637,0.631637,single,1,10
single_single_thread,134,662963,0.662963,single,1,10
single_single_thread,135,623277,0.623277,single,1,10
single_single_thread,136,625268,0.625268,single,1,10
single_single_thread,137,624964,0.624964,single,1,10
single_single_thread,138,621823,0.621823,single,1,10
single_single_thread,139,628542,0.628542,single,1,10
single_single_thread,140,622631,0.622631,single,1,10
single_single_thread,141,625186,0.625186,single,1,10
single_single_thread,142,631169,0.631169,single,1,10
single_single_thread,143,622348,0.622348,single,1,10
single_single_thread,144,625317,0.625317,single,1,10
single_single_thread,145,625293,0.625293,single,1,10
single_single_thread,146,621919,0.621919,single,1,10
single_single_thread,147,627978,0.627978,single,1,10
single_single_thread,148,621840,0.62184,single,1,10
single_single_thread,149,625660,0.62566,single,1,10
single_single_thread,150,632708,0.632708,single,1,10
single_single_thread,151,622135,0.622135,single,1,10
single_single_thread,152,628827,0.628827,single,1,10
single_single_thread,153,624587,0.624587,single,1,10
single_single_thread,154,621675,0.621675,single,1,10
single_single_thread,155,628368,0.628368,single,1,10
single_single_thread,156,622737,0.622737,single,1,10
single_single_thread,157,624940,0.62494,single,1,10
single_single_thread,158,625271,0.625271,single,1,10
single_single_thread,159,621883,0.621883,single,1,10
single_single_thread,160,628359,0.628359,single,1,10
single_single_thread,161,623748,0.623748,single,1,10
single_single_thread,162,628374,0.628374,single,1,10
single_single_thread,163,629623,0.629623,single,1,10
single_single_thread,164,622277,0.622277,single,1,10
single_single_thread,165,624851,0.624851,single,1,10
single_single_thread,166,624817,0.624817,single,1,10
single_single_thread,167,623452,0.623452,single,1,10
single_single_thread,168,634960,0.63496,single,1,10
single_single_thread,169,624912,0.624912,single,1,10
single_single_thread,170,622244,0.622244,single,1,10
single_single_thread,171,625489,0.625489,single,1,10
single_single_thread,172,622735,0.622735,single,1,10
single_single_thread,173,628125,0.628125,single,1,10
single_single_thread,174,623571,0.623571,single,1,10
single_single_thread,175,621582,0.621582,single,1,10
single_single_thread,176,623884,0.623884,single,1,10
single_single_thread,177,627524,0.627524,single,1,10
single_single_thread,178,621269,0.621269,single,1,10
single_single_thread,179,625164,0.625164,single,1,10
single_single_thread,180,627849,0.627849,single,1,10
single_single_thread,181,628754,0.628754,single,1,10
single_single_thread,182,625337,0.625337,single,1,10
single_single_thread,183,623302,0.623302,single,1,10
single_single_thread,184,623903,0.623903,single,1,10
single_single_thread,185,627669,0.627669,single,1,10
single_single_thread,186,627287,0.627287,single,1,10
single_single_thread,187,625821,0.625821,single,1,10
single_single_thread,188,622176,0.622176,single,1,10
single_single_thread,189,625066,0.625066,single,1,10
single_single_thread,190,629057,0.629057,single,1,10
single_single_thread,191,620983,0.620983,single,1,10
single_single_thread,192,630888,0.630888,single,1,10
single_single_thread,193,634839,0.634839,single,1,10
single_single_thread,194,622939,0.622939,single,1,10
single_single_thread,195,625811,0.625811,single,1,10
single_single_thread,196,622274,0.622274,single,1,10
single_single_thread,197,628659,0.628659,single,1,10
single_single_thread,198,630524,0.630524,single,1,10
single_single_thread,199,622198,0.622198,single,1,10
single_single_thread,200,624478,0.624478,single,1,10
single_single_thread,201,626117,0.626117,single,1,10
single_single_thread,202,628529,0.628529,single,1,10
single_single_thread,203,628778,0.628778,single,1,10
single_single_thread,204,623730,0.62373,single,1,10
single_single_thread,205,623095,0.623095,single,1,10
single_single_thread,206,625035,0.625035,single,1,10
single_single_thread,207,621736,0.621736,single,1,10
single_single_thread,208,626828,0.626828,single,1,10
single_single_thread,209,624132,0.624132,single,1,10
single_single_thread,210,621458,0.621458,single,1,10
single_single_thread,211,624046,0.624046,single,1,10
single_single_thread,212,629249,0.629249,single,1,10
single_single_thread,213,622600,0.6226,single,1,10
single_single_thread,214,624378,0.624378,single,1,10
single_single_thread,215,623097,0.623097,single,1,10
single_single_thread,216,627770,0.62777,single,1,10
single_single_thread,217,624883,0.624883,single,1,10
single_single_thread,218,622369,0.622369,single,1,10
single_single_thread,219,624405,0.624405,single,1,10
single_single_thread,220,628425,0.628425,single,1,10
single_single_thread,221,622766,0.622766,single,1,10
single_single_thread,222,624454,0.624454,single,1,10
single_single_thread,223,623021,0.623021,single,1,10
single_single_thread,224,623990,0.62399,single,1,10
single_single_thread,225,627784,0.627784,single,1,10
single_single_thread,226,622547,0.622547,single,1,10
single_single_thread,227,624712,0.624712,single,1,10
single_single_thread,228,636524,0.636524,single,1,10
single_single_thread,229,625987,0.625987,single,1,10
single_single_thread,230,626124,0.626124,single,1,10
single_single_thread,231,621925,0.621925,single,1,10
single_single_thread,232,625806,0.625806,single,1,10
single_single_thread,233,629471,0.629471,single,1,10
single_single_thread,234,622507,0.622507,single,1,10
single_single_thread,235,625791,0.625791,single,1,10
single_single_thread,236,628080,0.62808,single,1,10
single_single_thread,237,620729,0.620729,single,1,10
single_single_thread,238,625285,0.625285,single,1,10
single_single_thread,239,622518,0.622518,single,1,10
single_single_thread,240,623894,0.623894,single,1,10
single_single_thread,241,628743,0.628743,single,1,10
single_single_thread,242,622760,0.62276,single,1,10
single_single_thread,243,627352,0.627352,single,1,10
single_single_thread,244,629427,0.629427,single,1,10
single_single_thread,245,623172,0.623172,single,1,10
single_single_thread,246,625824,0.625824,single,1,10
single_single_thread,247,627423,0.627423,single,1,10
single_single_thread,248,629555,0.629555,single,1,10
single_single_thread,249,625465,0.625465,single,1,10
single_single_thread,250,622335,0.622335,single,1,10
single_single_thread,251,624850,0.62485,single,1,10
single_single_thread,252,624429,0.624429,single,1,10
single_single_thread,253,628289,0.628289,single,1,10
single_single_thread,254,629192,0.629192,single,1,10
single_single_thread,255,621873,0.621873,single,1,10
single_single_thread,256,623746,0.623746,single,1,10
single_single_thread,257,624691,0.624691,single,1,10
single_single_thread,258,621913,0.621913,single,1,10
single_single_thread,259,629491,0.629491,single,1,10
single_single_thread,260,625042,0.625042,single,1,10
single_single_thread,261,627195,0.627195,single,1,10
single_single_thread,262,629894,0.629894,single,1,10
single_single_thread,263,623927,0.623927,single,1,10
single_single_thread,264,621898,0.621898,single,1,10
single_single_thread,265,624876,0.624876,single,1,10
single_single_thread,266,622658,0.622658,single,1,10
single_single_thread,267,658203,0.658203,single,1,10
single_single_thread,268,626654,0.626654,single,1,10
single_single_thread,269,622194,0.622194,single,1,10
single_single_thread,270,625857,0.625857,single,1,10
single_single_thread,271,630318,0.630318,single,1,10
single_single_thread,272,622892,0.622892,single,1,10
single_single_thread,273,626136,0.626136,single,1,10
single_single_thread,274,623344,0.623344,single,1,10
single_single_thread,275,625491,0.625491,single,1,10
single_single_thread,276,628644,0.628644,single,1,10
single_single_thread,277,622931,0.622931,single,1,10
single_single_thread,278,625024,0.625024,single,1,10
single_single_thread,279,627844,0.627844,single,1,10
single_single_thread,280,622778,0.622778,single,1,10
single_single_thread,281,625449,0.625449,single,1,10
single_single_thread,282,622749,0.622749,single,1,10
single_single_thread,283,634898,0.634898,single,1,10
single_single_thread,284,625356,0.625356,single,1,10
single_single_thread,285,621715,0.621715,single,1,10
single_single_thread,286,628036,0.628036,single,1,10
single_single_thread,287,624821,0.624821,single,1,10
single_single_thread,288,623254,0.623254,single,1,10
single_single_thread,289,625635,0.625635,single,1,10
single_single_thread,290,622486,0.622486,single,1,10
single_single_thread,291,627569,0.627569,single,1,10
single_single_thread,292,635052,0.635052,single,1,10
single_single_thread,293,627043,0.627043,single,1,10
single_single_thread,294,629524,0.629524,single,1,10
single_single_thread,295,625239,0.625239,single,1,10
single_single_thread,296,622658,0.622658,single,1,10
single_single_thread,297,625578,0.625578,single,1,10
single_single_thread,298,622448,0.622448,single,1,10
single_single_thread,299,627730,0.62773,single,1,10
single_single_thread,300,625178,0.625178,single,1,10
single_single_thread,301,622706,0.622706,single,1,10
single_single_thread,302,629313,0.629313,single,1,10
single_single_thread,303,623526,0.623526,single,1,10
single_single_thread,304,622511,0.622511,single,1,10
single_single_thread,305,625349,0.625349,single,1,10
single_single_thread,306,622727,0.622727,single,1,10
single_single_thread,307,626809,0.626809,single,1,10
single_single_thread,308,625298,0.625298,single,1,10
single_single_thread,309,621633,0.621633,single,1,10
single_single_thread,310,635250,0.63525,single,1,10
single_single_thread,311,624824,0.624824,single,1,10
single_single_thread,312,621638,0.621638,single,1,10
single_single_thread,313,625401,0.625401,single,1,10
single_single_thread,314,622920,0.62292,single,1,10
single_single_thread,315,621846,0.621846,single,1,10
single_single_thread,316,624013,0.624013,single,1,10
single_single_thread,317,621559,0.621559,single,1,10
single_single_thread,318,625840,0.62584,single,1,10
single_single_thread,319,628680,0.62868,single,1,10
single_single_thread,320,622519,0.622519,single,1,10
single_single_thread,321,625732,0.625732,single,1,10
single_single_thread,322,633508,0.633508,single,1,10
single_single_thread,323,622482,0.622482,single,1,10
single_single_thread,324,625615,0.625615,single,1,10
single_single_thread,325,624813,0.624813,single,1,10
single_single_thread,326,627814,0.627814,single,1,10
single_single_thread,327,625429,0.625429,single,1,10
single_single_thread,328,622760,0.62276,single,1,10
single_single_thread,329,624863,0.624863,single,1,10
single_single_thread,330,627021,0.627021,single,1,10
single_single_thread,331,622703,0.622703,single,1,10
single_single_thread,332,623327,0.623327,single,1,10
single_single_thread,333,623224,0.623224,single,1,10
single_single_thread,334,627855,0.627855,single,1,10
single_single_thread,335,624382,0.624382,single,1,10
single_single_thread,336,622866,0.622866,single,1,10
single_single_thread,337,627020,0.62702,single,1,10
single_single_thread,338,625880,0.62588,single,1,10
single_single_thread,339,622435,0.622435,single,1,10
single_single_thread,340,632323,0.632323,single,1,10
single_single_thread,341,622189,0.622189,single,1,10
single_single_thread,342,626379,0.626379,single,1,10
single_single_thread,343,632343,0.632343,single,1,10
single_single_thread,344,621995,0.621995,single,1,10
single_single_thread,345,626340,0.62634,single,1,10
single_single_thread,346,632107,0.632107,single,1,10
single_single_thread,347,622601,0.622601,single,1,10
single_single_thread,348,637894,0.637894,single,1,10
single_single_thread,349,622909,0.622909,single,1,10
single_single_thread,350,625199,0.625199,single,1,10
single_single_thread,351,635253,0.635253,single,1,10
single_single_thread,352,627073,0.627073,single,1,10
single_single_thread,353,627004,0.627004,single,1,10
single_single_thread,354,628618,0.628618,single,1,10
single_single_thread,355,621743,0.621743,single,1,10
single_single_thread,356,624230,0.62423,single,1,10
single_single_thread,357,627253,0.627253,single,1,10
single_single_thread,358,628491,0.628491,single,1,10
single_single_thread,359,625537,0.625537,single,1,10
single_single_thread,360,622728,0.622728,single,1,10
single_single_thread,361,625004,0.625004,single,1,10
single_single_thread,362,634145,0.634145,single,1,10
single_single_thread,363,621760,0.62176,single,1,10
single_single_thread,364,626160,0.62616,single,1,10
single_single_thread,365,622958,0.622958,single,1,10
single_single_thread,366,625812,0.625812,single,1,10
single_single_thread,367,636535,0.636535,single,1,10
single_single_thread,368,622276,0.622276,single,1,10
single_single_thread,369,625180,0.62518,single,1,10
single_single_thread,370,624638,0.624638,single,1,10
single_single_thread,371,622987,0.622987,single,1,10
single_single_thread,372,629445,0.629445,single,1,10
single_single_thread,373,623579,0.623579,single,1,10
single_single_thread,374,621862,0.621862,single,1,10
single_single_thread,375,624433,0.624433,single,1,10
single_single_thread,376,621130,0.62113,single,1,10
single_single_thread,377,627914,0.627914,single,1,10
single_single_thread,378,624571,0.624571,single,1,10
single_single_thread,379,623180,0.62318,single,1,10
single_single_thread,380,624684,0.624684,single,1,10
single_single_thread,381,626841,0.626841,single,1,10
single_single_thread,382,622815,0.622815,single,1,10
single_single_thread,383,625067,0.625067,single,1,10
single_single_thread,384,621294,0.621294,single,1,10
single_single_thread,385,627176,0.627176,single,1,10
single_single_thread,386,625056,0.625056,single,1,10
single_single_thread,387,623217,0.623217,single,1,10
single_single_thread,388,632673,0.632673,single,1,10
single_single_thread,389,628490,0.62849,single,1,10
single_single_thread,390,622560,0.62256,single,1,10
single_single_thread,391,624236,0.624236,single,1,10
single_single_thread,392,622151,0.622151,single,1,10
single_single_thread,393,628364,0.628364,single,1,10
single_single_thread,394,625007,0.625007,single,1,10
single_single_thread,395,623021,0.623021,single,1,10
single_single_thread,396,624970,0.62497,single,1,10
single_single_thread,397,627846,0.627846,single,1,10
single_single_thread,398,622434,0.622434,single,1,10
single_single_thread,399,624561,0.624561,single,1,10
single_single_thread,400,622445,0.622445,single,1,10
single_single_thread,401,623812,0.623812,single,1,10
single_single_thread,402,627593,0.627593,single,1,10
single_single_thread,403,622572,0.622572,single,1,10
single_single_thread,404,625229,0.625229,single,1,10
single_single_thread,405,624781,0.624781,single,1,10
single_single_thread,406,628351,0.628351,single,1,10
single_single_thread,407,630417,0.630417,single,1,10
single_single_thread,408,622791,0.622791,single,1,10
single_single_thread,409,625309,0.625309,single,1,10
single_single_thread,410,626225,0.626225,single,1,10
single_single_thread,411,622167,0.622167,single,1,10
single_single_thread,412,635108,0.635108,single,1,10
single_single_thread,413,626023,0.626023,single,1,10
single_single_thread,414,622582,0.622582,single,1,10
single_single_thread,415,629499,0.629499,single,1,10
single_single_thread,416,623101,0.623101,single,1,10
single_single_thread,417,623748,0.623748,single,1,10
single_single_thread,418,627432,0.627432,single,1,10
single_single_thread,419,621748,0.621748,single,1,10
single_single_thread,420,624955,0.624955,single,1,10
single_single_thread,421,633249,0.633249,single,1,10
single_single_thread,422,623528,0.623528,single,1,10
single_single_thread,423,624159,0.624159,single,1,10
single_single_thread,424,622688,0.622688,single,1,10
single_single_thread,425,623907,0.623907,single,1,10
single_single_thread,426,627416,0.627416,single,1,10
single_single_thread,427,622772,0.622772,single,1,10
single_single_thread,428,623717,0.623717,single,1,10
single_single_thread,429,625313,0.625313,single,1,10
single_single_thread,430,622201,0.622201,single,1,10
single_single_thread,431,627320,0.62732,single,1,10
single_single_thread,432,622203,0.622203,single,1,10
single_single_thread,433,623717,0.623717,single,1,10
single_single_thread,434,624658,0.624658,single,1,10
single_single_thread,435,621105,0.621105,single,1,10
single_single_thread,436,627221,0.627221,single,1,10
single_single_thread,437,625168,0.625168,single,1,10
single_single_thread,438,621303,0.621303,single,1,10
single_single_thread,439,625419,0.625419,single,1,10
single_single_thread,440,621719,0.621719,single,1,10
single_single_thread,441,628064,0.628064,single,1,10
single_single_thread,442,624081,0.624081,single,1,10
single_single_thread,443,626514,0.626514,single,1,10
single_single_thread,444,630864,0.630864,single,1,10
single_single_thread,445,625329,0.625329,single,1,10
single_single_thread,446,622248,0.622248,single,1,10
single_single_thread,447,624547,0.624547,single,1,10
single_single_thread,448,621974,0.621974,single,1,10
single_single_thread,449,628232,0.628232,single,1,10
single_single_thread,450,625083,0.625083,single,1,10
single_single_thread,451,621441,0.621441,single,1,10
single_single_thread,452,640482,0.640482,single,1,10
single_single_thread,453,649808,0.649808,single,1,10
single_single_thread,454,622732,0.622732,single,1,10
single_single_thread,455,630994,0.630994,single,1,10
single_single_thread,456,626743,0.626743,single,1,10
single_single_thread,457,622649,0.622649,single,1,10
single_single_thread,458,625638,0.625638,single,1,10
single_single_thread,459,622499,0.622499,single,1,10
single_single_thread,460,627192,0.627192,single,1,10
single_single_thread,461,624648,0.624648,single,1,10
single_single_thread,462,622739,0.622739,single,1,10
single_single_thread,463,627533,0.627533,single,1,10
single_single_thread,464,625059,0.625059,single,1,10
single_single_thread,465,623146,0.623146,single,1,10
single_single_thread,466,627317,0.627317,single,1,10
single_single_thread,467,621518,0.621518,single,1,10
single_single_thread,468,625184,0.625184,single,1,10
single_single_thread,469,632878,0.632878,single,1,10
single_single_thread,470,622683,0.622683,single,1,10
single_single_thread,471,625301,0.625301,single,1,10
single_single_thread,472,624890,0.62489,single,1,10
single_single_thread,473,623552,0.623552,single,1,10
single_single_thread,474,629363,0.629363,single,1,10
single_single_thread,475,622621,0.622621,single,1,10
single_single_thread,476,625286,0.625286,single,1,10
single_single_thread,477,624682,0.624682,single,1,10
single_single_thread,478,622014,0.622014,single,1,10
single_single_thread,479,629044,0.629044,single,1,10
single_single_thread,480,624070,0.62407,single,1,10
single_single_thread,481,622740,0.62274,single,1,10
single_single_thread,482,634792,0.634792,single,1,10
single_single_thread,483,621970,0.62197,single,1,10
single_single_thread,484,626196,0.626196,single,1,10
single_single_thread,485,628737,0.628737,single,1,10
single_single_thread,486,622365,0.622365,single,1,10
single_single_thread,487,635128,0.635128,single,1,10
single_single_thread,488,625704,0.625704,single,1,10
single_single_thread,489,621543,0.621543,single,1,10
single_single_thread,490,623857,0.623857,single,1,10
single_single_thread,491,622222,0.622222,single,1,10
single_single_thread,492,623536,0.623536,single,1,10
single_single_thread,493,628923,0.628923,single,1,10
single_single_thread,494,623407,0.623407,single,1,10
single_single_thread,495,623738,0.623738,single,1,10
single_single_thread,496,626842,0.626842,single,1,10
single_single_thread,497,621984,0.621984,single,1,10
single_single_thread,498,624616,0.624616,single,1,10
single_single_thread,499,622019,0.622019,single,1,10
single_single_thread,500,630959,0.630959,single,1,10
single_single_thread,501,630414,0.630414,single,1,10
single_single_thread,502,621979,0.621979,single,1,10
single_single_thread,503,624279,0.624279,single,1,10
single_single_thread,504,624548,0.624548,single,1,10
single_single_thread,505,627120,0.62712,single,1,10
single_single_thread,506,631357,0.631357,single,1,10
single_single_thread,507,628066,0.628066,single,1,10
single_single_thread,508,635075,0.635075,single,1,10
single_single_thread,509,634883,0.634883,single,1,10
single_single_thread,510,622179,0.622179,single,1,10
single_single_thread,511,632236,0.632236,single,1,10
single_single_thread,512,630799,0.630799,single,1,10
single_single_thread,513,622371,0.622371,single,1,10
single_single_thread,514,625039,0.625039,single,1,10
single_single_thread,515,628882,0.628882,single,1,10
single_single_thread,516,634204,0.634204,single,1,10
single_single_thread,517,626855,0.626855,single,1,10
single_single_thread,518,622149,0.622149,single,1,10
single_single_thread,519,629962,0.629962,single,1,10
single_single_thread,520,624590,0.62459,single,1,10
single_single_thread,521,627195,0.627195,single,1,10
single_single_thread,522,630123,0.630123,single,1,10
single_single_thread,523,624893,0.624893,single,1,10
single_single_thread,524,622184,0.622184,single,1,10
single_single_thread,525,623403,0.623403,single,1,10
single_single_thread,526,622505,0.622505,single,1,10
single_single_thread,527,627518,0.627518,single,1,10
single_single_thread,528,625385,0.625385,single,1,10
single_single_thread,529,622220,0.62222,single,1,10
single_single_thread,530,626869,0.626869,single,1,10
single_single_thread,531,624752,0.624752,single,1,10
single_single_thread,532,622655,0.622655,single,1,10
single_single_thread,533,624486,0.624486,single,1,10
single_single_thread,534,622017,0.622017,single,1,10
single_single_thread,535,627369,0.627369,single,1,10
single_single_thread,536,625722,0.625722,single,1,10
single_single_thread,537,621755,0.621755,single,1,10
single_single_thread,538,626595,0.626595,single,1,10
single_single_thread,539,623994,0.623994,single,1,10
single_single_thread,540,621482,0.621482,single,1,10
single_single_thread,541,625367,0.625367,single,1,10
single_single_thread,542,622191,0.622191,single,1,10
single_single_thread,543,627332,0.627332,single,1,10
single_single_thread,544,625277,0.625277,single,1,10
single_single_thread,545,623805,0.623805,single,1,10
single_single_thread,546,626846,0.626846,single,1,10
single_single_thread,547,625426,0.625426,single,1,10
single_single_thread,548,630281,0.630281,single,1,10
single_single_thread,549,628348,0.628348,single,1,10
single_single_thread,550,621866,0.621866,single,1,10
single_single_thread,551,624168,0.624168,single,1,10
single_single_thread,552,625167,0.625167,single,1,10
single_single_thread,553,621654,0.621654,single,1,10
single_single_thread,554,628396,0.628396,single,1,10
single_single_thread,555,625397,0.625397,single,1,10
single_single_thread,556,621880,0.62188,single,1,10
single_single_thread,557,627460,0.62746,single,1,10
single_single_thread,558,621269,0.621269,single,1,10
single_single_thread,559,624133,0.624133,single,1,10
single_single_thread,560,625650,0.62565,single,1,10
single_single_thread,561,621026,0.621026,single,1,10
single_single_thread,562,628573,0.628573,single,1,10
single_single_thread,563,624820,0.62482,single,1,10
single_single_thread,564,622626,0.622626,single,1,10
single_single_thread,565,627550,0.62755,single,1,10
single_single_thread,566,627148,0.627148,single,1,10
single_single_thread,567,625765,0.625765,single,1,10
single_single_thread,568,630327,0.630327,single,1,10
single_single_thread,569,622779,0.622779,single,1,10
single_single_thread,570,624963,0.624963,single,1,10
single_single_thread,571,623975,0.623975,single,1,10
single_single_thread,572,627023,0.627023,single,1,10
single_single_thread,573,629062,0.629062,single,1,10
single_single_thread,574,625236,0.625236,single,1,10
single_single_thread,575,622840,0.62284,single,1,10
single_single_thread,576,626304,0.626304,single,1,10
single_single_thread,577,622441,0.622441,single,1,10
single_single_thread,578,628073,0.628073,single,1,10
single_single_thread,579,624789,0.624789,single,1,10
single_single_thread,580,622512,0.622512,single,1,10
single_single_thread,581,633821,0.633821,single,1,10
single_single_thread,582,624506,0.624506,single,1,10
single_single_thread,583,621305,0.621305,single,1,10
single_single_thread,584,624369,0.624369,single,1,10
single_single_thread,585,622692,0.622692,single,1,10
single_single_thread,586,626964,0.626964,single,1,10
single_single_thread,587,624852,0.624852,single,1,10
single_single_thread,588,623065,0.623065,single,1,10
single_single_thread,589,626966,0.626966,single,1,10
single_single_thread,590,623610,0.62361,single,1,10
single_single_thread,591,622869,0.622869,single,1,10
single_single_thread,592,627552,0.627552,single,1,10
single_single_thread,593,622855,0.622855,single,1,10
single_single_thread,594,624118,0.624118,single,1,10
single_single_thread,595,625578,0.625578,single,1,10
single_single_thread,596,623486,0.623486,single,1,10
single_single_thread,597,627272,0.627272,single,1,10
single_single_thread,598,625051,0.625051,single,1,10
single_single_thread,599,622736,0.622736,single,1,10
single_single_thread,600,628229,0.628229,single,1,10
single_single_thread,601,621736,0.621736,single,1,10
single_single_thread,602,630315,0.630315,single,1,10
single_single_thread,603,629825,0.629825,single,1,10
single_single_thread,604,622935,0.622935,single,1,10
single_single_thread,605,624488,0.624488,single,1,10
single_single_thread,606,625828,0.625828,single,1,10
single_single_thread,607,622468,0.622468,single,1,10
single_single_thread,608,627630,0.62763,single,1,10
single_single_thread,609,622557,0.622557,single,1,10
single_single_thread,610,625708,0.625708,single,1,10
single_single_thread,611,634319,0.634319,single,1,10
single_single_thread,612,623785,0.623785,single,1,10
single_single_thread,613,629521,0.629521,single,1,10
single_single_thread,614,629374,0.629374,single,1,10
single_single_thread,615,621999,0.621999,single,1,10
single_single_thread,616,624903,0.624903,single,1,10
single_single_thread,617,621801,0.621801,single,1,10
single_single_thread,618,624362,0.624362,single,1,10
single_single_thread,619,628155,0.628155,single,1,10
single_single_thread,620,622621,0.622621,single,1,10
single_single_thread,621,623328,0.623328,single,1,10
single_single_thread,622,627097,0.627097,single,1,10
single_single_thread,623,621837,0.621837,single,1,10
single_single_thread,624,625473,0.625473,single,1,10
single_single_thread,625,628239,0.628239,single,1,10
single_single_thread,626,628400,0.6284,single,1,10
single_single_thread,627,624620,0.62462,single,1,10
single_single_thread,628,622974,0.622974,single,1,10
single_single_thread,629,629665,0.629665,single,1,10
single_single_thread,630,630966,0.630966,single,1,10
single_single_thread,631,622168,0.622168,single,1,10
single_single_thread,632,624544,0.624544,single,1,10
single_single_thread,633,622444,0.622444,single,1,10
single_single_thread,634,624874,0.624874,single,1,10
single_single_thread,635,627482,0.627482,single,1,10
single_single_thread,636,622578,0.622578,single,1,10
single_single_thread,637,624665,0.624665,single,1,10
single_single_thread,638,627402,0.627402,single,1,10
single_single_thread,639,622068,0.622068,single,1,10
single_single_thread,640,624840,0.62484,single,1,10
single_single_thread,641,628065,0.628065,single,1,10
single_single_thread,642,628770,0.62877,single,1,10
single_single_thread,643,625028,0.625028,single,1,10
single_single_thread,644,622518,0.622518,single,1,10
single_single_thread,645,636523,0.636523,single,1,10
single_single_thread,646,625607,0.625607,single,1,10
single_single_thread,647,622011,0.622011,single,1,10
single_single_thread,648,624333,0.624333,single,1,10
single_single_thread,649,627780,0.62778,single,1,10
single_single_thread,650,622249,0.622249,single,1,10
single_single_thread,651,626505,0.626505,single,1,10
single_single_thread,652,622896,0.622896,single,1,10
single_single_thread,653,624637,0.624637,single,1,10
single_single_thread,654,627759,0.627759,single,1,10
single_single_thread,655,622516,0.622516,single,1,10
single_single_thread,656,625147,0.625147,single,1,10
single_single_thread,657,625404,0.625404,single,1,10
single_single_thread,658,622643,0.622643,single,1,10
single_single_thread,659,634015,0.634015,single,1,10
single_single_thread,660,623578,0.623578,single,1,10
single_single_thread,661,625059,0.625059,single,1,10
single_single_thread,662,624602,0.624602,single,1,10
single_single_thread,663,623067,0.623067,single,1,10
single_single_thread,664,628912,0.628912,single,1,10
single_single_thread,665,631044,0.631044,single,1,10
single_single_thread,666,696513,0.696513,single,1,10
single_single_thread,667,822714,0.822714,single,1,10
single_single_thread,668,800641,0.800641,single,1,10
single_single_thread,669,753901,0.753901,single,1,10
single_single_thread,670,774862,0.774862,single,1,10
single_single_thread,671,736532,0.736532,single,1,10
single_single_thread,672,655936,0.655936,single,1,10
single_single_thread,673,784227,0.784227,single,1,10
single_single_thread,674,711767,0.711767,single,1,10
single_single_thread,675,681745,0.681745,single,1,10
single_single_thread,676,715711,0.715711,single,1,10
single_single_thread,677,623409,0.623409,single,1,10
single_single_thread,678,639959,0.639959,single,1,10
single_single_thread,679,627124,0.627124,single,1,10
single_single_thread,680,622020,0.62202,single,1,10
single_single_thread,681,626123,0.626123,single,1,10
single_single_thread,682,634831,0.634831,single,1,10
single_single_thread,683,622241,0.622241,single,1,10
single_single_thread,684,629173,0.629173,single,1,10
single_single_thread,685,623811,0.623811,single,1,10
single_single_thread,686,634650,0.63465,single,1,10
single_single_thread,687,627024,0.627024,single,1,10
single_single_thread,688,621681,0.621681,single,1,10
single_single_thread,689,660608,0.660608,single,1,10
single_single_thread,690,659285,0.659285,single,1,10
single_single_thread,691,631401,0.631401,single,1,10
single_single_thread,692,625742,0.625742,single,1,10
single_single_thread,693,623009,0.623009,single,1,10
single_single_thread,694,618084,0.618084,single,1,10
single_single_thread,695,629391,0.629391,single,1,10
single_single_thread,696,622454,0.622454,single,1,10
single_single_thread,697,625242,0.625242,single,1,10
single_single_thread,698,624539,0.624539,single,1,10
single_single_thread,699,622642,0.622642,single,1,10
single_single_thread,700,627370,0.62737,single,1,10
single_single_thread,701,624670,0.62467,single,1,10
single_single_thread,702,622553,0.622553,single,1,10
single_single_thread,703,628670,0.62867,single,1,10
single_single_thread,704,621636,0.621636,single,1,10
single_single_thread,705,631504,0.631504,single,1,10
single_single_thread,706,634751,0.634751,single,1,10
single_single_thread,707,621942,0.621942,single,1,10
single_single_thread,708,625559,0.625559,single,1,10
single_single_thread,709,624436,0.624436,single,1,10
single_single_thread,710,623307,0.623307,single,1,10
single_single_thread,711,628951,0.628951,single,1,10
single_single_thread,712,622118,0.622118,single,1,10
single_single_thread,713,624817,0.624817,single,1,10
single_single_thread,714,625297,0.625297,single,1,10
single_single_thread,715,621956,0.621956,single,1,10
single_single_thread,716,627216,0.627216,single,1,10
single_single_thread,717,625050,0.62505,single,1,10
single_single_thread,718,621731,0.621731,single,1,10
single_single_thread,719,627059,0.627059,single,1,10
single_single_thread,720,621691,0.621691,single,1,10
single_single_thread,721,625772,0.625772,single,1,10
single_single_thread,722,625805,0.625805,single,1,10
single_single_thread,723,622267,0.622267,single,1,10
single_single_thread,724,635851,0.635851,single,1,10
single_single_thread,725,624343,0.624343,single,1,10
single_single_thread,726,623085,0.623085,single,1,10
single_single_thread,727,625327,0.625327,single,1,10
single_single_thread,728,621559,0.621559,single,1,10
single_single_thread,729,624715,0.624715,single,1,10
single_single_thread,730,635481,0.635481,single,1,10
single_single_thread,731,623139,0.623139,single,1,10
single_single_thread,732,623928,0.623928,single,1,10
single_single_thread,733,624047,0.624047,single,1,10
single_single_thread,734,622154,0.622154,single,1,10
single_single_thread,735,628603,0.628603,single,1,10
single_single_thread,736,623478,0.623478,single,1,10
single_single_thread,737,623894,0.623894,single,1,10
single_single_thread,738,630924,0.630924,single,1,10
single_single_thread,739,622149,0.622149,single,1,10
single_single_thread,740,629196,0.629196,single,1,10
single_single_thread,741,624507,0.624507,single,1,10
single_single_thread,742,622094,0.622094,single,1,10
single_single_thread,743,629967,0.629967,single,1,10
single_single_thread,744,622789,0.622789,single,1,10
single_single_thread,745,624735,0.624735,single,1,10
single_single_thread,746,624634,0.624634,single,1,10
single_single_thread,747,622545,0.622545,single,1,10
single_single_thread,748,627343,0.627343,single,1,10
single_single_thread,749,625220,0.62522,single,1,10
single_single_thread,750,622655,0.622655,single,1,10
single_single_thread,751,627927,0.627927,single,1,10
single_single_thread,752,621976,0.621976,single,1,10
single_single_thread,753,624634,0.624634,single,1,10
single_single_thread,754,624146,0.624146,single,1,10
single_single_thread,755,623610,0.62361,single,1,10
single_single_thread,756,627407,0.627407,single,1,10
single_single_thread,757,625161,0.625161,single,1,10
single_single_thread,758,632344,0.632344,single,1,10
single_single_thread,759,633271,0.633271,single,1,10
single_single_thread,760,626962,0.626962,single,1,10
single_single_thread,761,625455,0.625455,single,1,10
single_single_thread,762,624417,0.624417,single,1,10
single_single_thread,763,621858,0.621858,single,1,10
single_single_thread,764,636703,0.636703,single,1,10
single_single_thread,765,625898,0.625898,single,1,10
single_single_thread,766,622112,0.622112,single,1,10
single_single_thread,767,625078,0.625078,single,1,10
single_single_thread,768,627185,0.627185,single,1,10
single_single_thread,769,632827,0.632827,single,1,10
single_single_thread,770,637563,0.637563,single,1,10
single_single_thread,771,621915,0.621915,single,1,10
single_single_thread,772,630490,0.63049,single,1,10
single_single_thread,773,625723,0.625723,single,1,10
single_single_thread,774,621725,0.621725,single,1,10
single_single_thread,775,626016,0.626016,single,1,10
single_single_thread,776,628565,0.628565,single,1,10
single_single_thread,777,622217,0.622217,single,1,10
single_single_thread,778,625499,0.625499,single,1,10
single_single_thread,779,622824,0.622824,single,1,10
single_single_thread,780,624663,0.624663,single,1,10
single_single_thread,781,628005,0.628005,single,1,10
single_single_thread,782,622637,0.622637,single,1,10
single_single_thread,783,624490,0.62449,single,1,10
single_single_thread,784,627683,0.627683,single,1,10
single_single_thread,785,621680,0.62168,single,1,10
single_single_thread,786,630258,0.630258,single,1,10
single_single_thread,787,621993,0.621993,single,1,10
single_single_thread,788,629515,0.629515,single,1,10
single_single_thread,789,625128,0.625128,single,1,10
single_single_thread,790,621452,0.621452,single,1,10
single_single_thread,791,624375,0.624375,single,1,10
single_single_thread,792,628835,0.628835,single,1,10
single_single_thread,793,622247,0.622247,single,1,10
single_single_thread,794,625286,0.625286,single,1,10
single_single_thread,795,622591,0.622591,single,1,10
single_single_thread,796,624889,0.624889,single,1,10
single_single_thread,797,624893,0.624893,single,1,10
single_single_thread,798,622546,0.622546,single,1,10
single_single_thread,799,636974,0.636974,single,1,10
single_single_thread,800,625534,0.625534,single,1,10
single_single_thread,801,622190,0.62219,single,1,10
single_single_thread,802,630237,0.630237,single,1,10
single_single_thread,803,622218,0.622218,single,1,10
single_single_thread,804,628618,0.628618,single,1,10
single_single_thread,805,625249,0.625249,single,1,10
single_single_thread,806,621034,0.621034,single,1,10
single_single_thread,807,624900,0.6249,single,1,10
single_single_thread,808,629002,0.629002,single,1,10
single_single_thread,809,622567,0.622567,single,1,10
single_single_thread,810,625544,0.625544,single,1,10
single_single_thread,811,622917,0.622917,single,1,10
single_single_thread,812,627017,0.627017,single,1,10
single_single_thread,813,624933,0.624933,single,1,10
single_single_thread,814,622518,0.622518,single,1,10
single_single_thread,815,625292,0.625292,single,1,10
single_single_thread,816,629455,0.629455,single,1,10
single_single_thread,817,627531,0.627531,single,1,10
single_single_thread,818,624678,0.624678,single,1,10
single_single_thread,819,628598,0.628598,single,1,10
single_single_thread,820,622219,0.622219,single,1,10
single_single_thread,821,625927,0.625927,single,1,10
single_single_thread,822,628442,0.628442,single,1,10
single_single_thread,823,630381,0.630381,single,1,10
single_single_thread,824,624706,0.624706,single,1,10
single_single_thread,825,622261,0.622261,single,1,10
single_single_thread,826,630394,0.630394,single,1,10
single_single_thread,827,628674,0.628674,single,1,10
single_single_thread,828,622520,0.62252,single,1,10
single_single_thread,829,632077,0.632077,single,1,10
single_single_thread,830,622890,0.62289,single,1,10
single_single_thread,831,625698,0.625698,single,1,10
single_single_thread,832,628773,0.628773,single,1,10
single_single_thread,833,622153,0.622153,single,1,10
single_single_thread,834,631725,0.631725,single,1,10
single_single_thread,835,629800,0.6298,single,1,10
single_single_thread,836,621970,0.62197,single,1,10
single_single_thread,837,625970,0.62597,single,1,10
single_single_thread,838,622856,0.622856,single,1,10
single_single_thread,839,625588,0.625588,single,1,10
single_single_thread,840,627372,0.627372,single,1,10
single_single_thread,841,622606,0.622606,single,1,10
single_single_thread,842,625758,0.625758,single,1,10
single_single_thread,843,629568,0.629568,single,1,10
single_single_thread,844,622508,0.622508,single,1,10
single_single_thread,845,625871,0.625871,single,1,10
single_single_thread,846,621970,0.62197,single,1,10
single_single_thread,847,624897,0.624897,single,1,10
single_single_thread,848,627749,0.627749,single,1,10
single_single_thread,849,621442,0.621442,single,1,10
single_single_thread,850,625118,0.625118,single,1,10
single_single_thread,851,629794,0.629794,single,1,10
single_single_thread,852,622740,0.62274,single,1,10
single_single_thread,853,624807,0.624807,single,1,10
single_single_thread,854,621775,0.621775,single,1,10
single_single_thread,855,627650,0.62765,single,1,10
single_single_thread,856,624717,0.624717,single,1,10
single_single_thread,857,622983,0.622983,single,1,10
single_single_thread,858,628196,0.628196,single,1,10
single_single_thread,859,625081,0.625081,single,1,10
single_single_thread,860,621970,0.62197,single,1,10
single_single_thread,861,623568,0.623568,single,1,10
single_single_thread,862,622134,0.622134,single,1,10
single_single_thread,863,627012,0.627012,single,1,10
single_single_thread,864,624382,0.624382,single,1,10
single_single_thread,865,627578,0.627578,single,1,10
single_single_thread,866,635311,0.635311,single,1,10
single_single_thread,867,625179,0.625179,single,1,10
single_single_thread,868,621702,0.621702,single,1,10
single_single_thread,869,624887,0.624887,single,1,10
single_single_thread,870,622046,0.622046,single,1,10
single_single_thread,871,628150,0.62815,single,1,10
single_single_thread,872,624536,0.624536,single,1,10
single_single_thread,873,622709,0.622709,single,1,10
single_single_thread,874,628547,0.628547,single,1,10
single_single_thread,875,624651,0.624651,single,1,10
single_single_thread,876,621534,0.621534,single,1,10
single_single_thread,877,628695,0.628695,single,1,10
single_single_thread,878,621820,0.62182,single,1,10
single_single_thread,879,625531,0.625531,single,1,10
single_single_thread,880,625570,0.62557,single,1,10
single_single_thread,881,622128,0.622128,single,1,10
single_single_thread,882,627618,0.627618,single,1,10
single_single_thread,883,630491,0.630491,single,1,10
single_single_thread,884,622822,0.622822,single,1,10
single_single_thread,885,629686,0.629686,single,1,10
single_single_thread,886,623867,0.623867,single,1,10
single_single_thread,887,623764,0.623764,single,1,10
single_single_thread,888,624952,0.624952,single,1,10
single_single_thread,889,626347,0.626347,single,1,10
single_single_thread,890,629922,0.629922,single,1,10
single_single_thread,891,625167,0.625167,single,1,10
single_single_thread,892,622387,0.622387,single,1,10
single_single_thread,893,624600,0.6246,single,1,10
single_single_thread,894,627246,0.627246,single,1,10
single_single_thread,895,622750,0.62275,single,1,10
single_single_thread,896,625531,0.625531,single,1,10
single_single_thread,897,621091,0.621091,single,1,10
single_single_thread,898,637867,0.637867,single,1,10
single_single_thread,899,625625,0.625625,single,1,10
single_single_thread,900,622592,0.622592,single,1,10
single_single_thread,901,624873,0.624873,single,1,10
single_single_thread,902,628867,0.628867,single,1,10
single_single_thread,903,623154,0.623154,single,1,10
single_single_thread,904,625323,0.625323,single,1,10
single_single_thread,905,622518,0.622518,single,1,10
single_single_thread,906,627014,0.627014,single,1,10
single_single_thread,907,627661,0.627661,single,1,10
single_single_thread,908,622574,0.622574,single,1,10
single_single_thread,909,624710,0.62471,single,1,10
single_single_thread,910,627828,0.627828,single,1,10
single_single_thread,911,623329,0.623329,single,1,10
single_single_thread,912,624946,0.624946,single,1,10
single_single_thread,913,622671,0.622671,single,1,10
single_single_thread,914,624335,0.624335,single,1,10
single_single_thread,915,629513,0.629513,single,1,10
single_single_thread,916,621551,0.621551,single,1,10
single_single_thread,917,624354,0.624354,single,1,10
single_single_thread,918,624879,0.624879,single,1,10
single_single_thread,919,628354,0.628354,single,1,10
single_single_thread,920,630673,0.630673,single,1,10
single_single_thread,921,621637,0.621637,single,1,10
single_single_thread,922,625774,0.625774,single,1,10
single_single_thread,923,625420,0.62542,single,1,10
single_single_thread,924,621605,0.621605,single,1,10
single_single_thread,925,628801,0.628801,single,1,10
single_single_thread,926,625902,0.625902,single,1,10
single_single_thread,927,622586,0.622586,single,1,10
single_single_thread,928,636044,0.636044,single,1,10
single_single_thread,929,626331,0.626331,single,1,10
single_single_thread,930,630307,0.630307,single,1,10
single_single_thread,931,629400,0.6294,single,1,10
single_single_thread,932,622814,0.622814,single,1,10
single_single_thread,933,623768,0.623768,single,1,10
single_single_thread,934,625345,0.625345,single,1,10
single_single_thread,935,623258,0.623258,single,1,10
single_single_thread,936,628003,0.628003,single,1,10
single_single_thread,937,621680,0.62168,single,1,10
single_single_thread,938,623743,0.623743,single,1,10
single_single_thread,939,628774,0.628774,single,1,10
single_single_thread,940,622678,0.622678,single,1,10
single_single_thread,941,649185,0.649185,single,1,10
single_single_thread,942,631608,0.631608,single,1,10
single_single_thread,943,628197,0.628197,single,1,10
single_single_thread,944,631636,0.631636,single,1,10
single_single_thread,945,625272,0.625272,single,1,10
single_single_thread,946,629352,0.629352,single,1,10
single_single_thread,947,629463,0.629463,single,1,10
single_single_thread,948,621658,0.621658,single,1,10
single_single_thread,949,624888,0.624888,single,1,10
single_single_thread,950,633177,0.633177,single,1,10
single_single_thread,951,623469,0.623469,single,1,10
single_single_thread,952,626175,0.626175,single,1,10
single_single_thread,953,626448,0.626448,single,1,10
single_single_thread,954,623159,0.623159,single,1,10
single_single_thread,955,628584,0.628584,single,1,10
single_single_thread,956,621278,0.621278,single,1,10
single_single_thread,957,629273,0.629273,single,1,10
single_single_thread,958,634211,0.634211,single,1,10
single_single_thread,959,622531,0.622531,single,1,10
single_single_thread,960,625636,0.625636,single,1,10
single_single_thread,961,625715,0.625715,single,1,10
single_single_thread,962,630295,0.630295,single,1,10
single_single_thread,963,629322,0.629322,single,1,10
single_single_thread,964,622621,0.622621,single,1,10
single_single_thread,965,636829,0.636829,single,1,10
single_single_thread,966,629914,0.629914,single,1,10
single_single_thread,967,621775,0.621775,single,1,10
single_single_thread,968,624884,0.624884,single,1,10
single_single_thread,969,625155,0.625155,single,1,10
single_single_thread,970,622919,0.622919,single,1,10
single_single_thread,971,628407,0.628407,single,1,10
single_single_thread,972,622282,0.622282,single,1,10
single_single_thread,973,624390,0.62439,single,1,10
single_single_thread,974,625703,0.625703,single,1,10
single_single_thread,975,622388,0.622388,single,1,10
single_single_thread,976,636779,0.636779,single,1,10
single_single_thread,977,626133,0.626133,single,1,10
single_single_thread,978,622837,0.622837,single,1,10
single_single_thread,979,624512,0.624512,single,1,10
single_single_thread,980,622670,0.62267,single,1,10
single_single_thread,981,628567,0.628567,single,1,10
single_single_thread,982,633492,0.633492,single,1,10
single_single_thread,983,622618,0.622618,single,1,10
single_single_thread,984,629721,0.629721,single,1,10
single_single_thread,985,624857,0.624857,single,1,10
single_single_thread,986,627142,0.627142,single,1,10
single_single_thread,987,628181,0.628181,single,1,10
single_single_thread,988,624245,0.624245,single,1,10
single_single_thread,989,629802,0.629802,single,1,10
single_single_thread,990,624715,0.624715,single,1,10
single_single_thread,991,623213,0.623213,single,1,10
single_single_thread,992,628573,0.628573,single,1,10
single_single_thread,993,625604,0.625604,single,1,10
single_single_thread,994,626737,0.626737,single,1,10
single_single_thread,995,629960,0.62996,single,1,10
single_single_thread,996,624475,0.624475,single,1,10
single_single_thread,997,622614,0.622614,single,1,10
single_single_thread,998,624777,0.624777,single,1,10
single_single_thread,999,622423,0.622423,single,1,10
double_multi_thread,0,922175,0.922175,double,2,10
double_multi_thread,1,872134,0.872134,double,2,10
double_multi_thread,2,869025,0.869025,double,2,10
double_multi_thread,3,869486,0.869486,double,2,10
double_multi_thread,4,873190,0.87319,double,2,10
double_multi_thread,5,880302,0.880302,double,2,10
double_multi_thread,6,865215,0.865215,double,2,10
double_multi_thread,7,871346,0.871346,double,2,10
double_multi_thread,8,868875,0.868875,double,2,10
double_multi_thread,9,868871,0.868871,double,2,10
double_multi_thread,10,873109,0.873109,double,2,10
double_multi_thread,11,870034,0.870034,double,2,10
double_multi_thread,12,879917,0.879917,double,2,10
double_multi_thread,13,870087,0.870087,double,2,10
double_multi_thread,14,872275,0.872275,double,2,10
double_multi_thread,15,869148,0.869148,double,2,10
double_multi_thread,16,878153,0.878153,double,2,10
double_multi_thread,17,874520,0.87452,double,2,10
double_multi_thread,18,871648,0.871648,double,2,10
double_multi_thread,19,866936,0.866936,double,2,10
double_multi_thread,20,863196,0.863196,double,2,10
double_multi_thread,21,867791,0.867791,double,2,10
double_multi_thread,22,869886,0.869886,double,2,10
double_multi_thread,23,872561,0.872561,double,2,10
double_multi_thread,24,866840,0.86684,double,2,10
double_multi_thread,25,867168,0.867168,double,2,10
double_multi_thread,26,868865,0.868865,double,2,10
double_multi_thread,27,864143,0.864143,double,2,10
double_multi_thread,28,866026,0.866026,double,2,10
double_multi_thread,29,864290,0.86429,double,2,10
double_multi_thread,30,861476,0.861476,double,2,10
double_multi_thread,31,865174,0.865174,double,2,10
double_multi_thread,32,866820,0.86682,double,2,10
double_multi_thread,33,865417,0.865417,double,2,10
double_multi_thread,34,872581,0.872581,double,2,10
double_multi_thread,35,872952,0.872952,double,2,10
double_multi_thread,36,874661,0.874661,double,2,10
double_multi_thread,37,866662,0.866662,double,2,10
double_multi_thread,38,868240,0.86824,double,2,10
double_multi_thread,39,1168858,1.168858,double,2,10
double_multi_thread,40,888578,0.888578,double,2,10
double_multi_thread,41,1038953,1.038953,double,2,10
double_multi_thread,42,977640,0.97764,double,2,10
double_multi_thread,43,889755,0.889755,double,2,10
double_multi_thread,44,876592,0.876592,double,2,10
double_multi_thread,45,899329,0.899329,double,2,10
double_multi_thread,46,877078,0.877078,double,2,10
double_multi_thread,47,878279,0.878279,double,2,10
double_multi_thread,48,897092,0.897092,double,2,10
double_multi_thread,49,893919,0.893919,double,2,10
double_multi_thread,50,955898,0.955898,double,2,10
double_multi_thread,51,866354,0.866354,double,2,10
double_multi_thread,52,870137,0.870137,double,2,10
double_multi_thread,53,874204,0.874204,double,2,10
double_multi_thread,54,869684,0.869684,double,2,10
double_multi_thread,55,870762,0.870762,double,2,10
double_multi_thread,56,867772,0.867772,double,2,10
double_multi_thread,57,865490,0.86549,double,2,10
double_multi_thread,58,865014,0.865014,double,2,10
double_multi_thread,59,865828,0.865828,double,2,10
double_multi_thread,60,864984,0.864984,double,2,10
double_multi_thread,61,866952,0.866952,double,2,10
double_multi_thread,62,871041,0.871041,double,2,10
double_multi_thread,63,869408,0.869408,double,2,10
double_multi_thread,64,872660,0.87266,double,2,10
double_multi_thread,65,867637,0.867637,double,2,10
double_multi_thread,66,868666,0.868666,double,2,10
double_multi_thread,67,872826,0.872826,double,2,10
double_multi_thread,68,865787,0.865787,double,2,10
double_multi_thread,69,865799,0.865799,double,2,10
double_multi_thread,70,870111,0.870111,double,2,10
double_multi_thread,71,869142,0.869142,double,2,10
double_multi_thread,72,886767,0.886767,double,2,10
double_multi_thread,73,865778,0.865778,double,2,10
double_multi_thread,74,866834,0.866834,double,2,10
double_multi_thread,75,865090,0.86509,double,2,10
double_multi_thread,76,877738,0.877738,double,2,10
double_multi_thread,77,873313,0.873313,double,2,10
double_multi_thread,78,867070,0.86707,double,2,10
double_multi_thread,79,1017584,1.017584,double,2,10
double_multi_thread,80,955245,0.955245,double,2,10
double_multi_thread,81,872125,0.872125,double,2,10
double_multi_thread,82,867134,0.867134,double,2,10
double_multi_thread,83,873184,0.873184,double,2,10
double_multi_thread,84,863131,0.863131,double,2,10
double_multi_thread,85,871044,0.871044,double,2,10
double_multi_thread,86,869086,0.869086,double,2,10
double_multi_thread,87,869320,0.86932,double,2,10
double_multi_thread,88,869031,0.869031,double,2,10
double_multi_thread,89,870027,0.870027,double,2,10
double_multi_thread,90,871075,0.871075,double,2,10
double_multi_thread,91,865292,0.865292,double,2,10
double_multi_thread,92,861643,0.861643,double,2,10
double_multi_thread,93,866213,0.866213,double,2,10
double_multi_thread,94,868049,0.868049,double,2,10
double_multi_thread,95,868420,0.86842,double,2,10
double_multi_thread,96,865799,0.865799,double,2,10
double_multi_thread,97,872884,0.872884,double,2,10
double_multi_thread,98,872494,0.872494,double,2,10
double_multi_thread,99,868769,0.868769,double,2,10
double_multi_thread,100,869911,0.869911,double,2,10
double_multi_thread,101,889609,0.889609,double,2,10
double_multi_thread,102,866452,0.866452,double,2,10
double_multi_thread,103,867072,0.867072,double,2,10
double_multi_thread,104,892134,0.892134,double,2,10
double_multi_thread,105,867953,0.867953,double,2,10
double_multi_thread,106,868200,0.8682,double,2,10
double_multi_thread,107,869149,0.869149,double,2,10
double_multi_thread,108,864137,0.864137,double,2,10
double_multi_thread,109,879427,0.879427,double,2,10
double_multi_thread,110,874146,0.874146,double,2,10
double_multi_thread,111,876323,0.876323,double,2,10
double_multi_thread,112,872109,0.872109,double,2,10
double_multi_thread,113,869194,0.869194,double,2,10
double_multi_thread,114,864823,0.864823,double,2,10
double_multi_thread,115,861287,0.861287,double,2,10
double_multi_thread,116,891036,0.891036,double,2,10
double_multi_thread,117,874770,0.87477,double,2,10
double_multi_thread,118,867939,0.867939,double,2,10
double_multi_thread,119,866154,0.866154,double,2,10
double_multi_thread,120,865512,0.865512,double,2,10
double_multi_thread,121,868414,0.868414,double,2,10
double_multi_thread,122,867088,0.867088,double,2,10
double_multi_thread,123,861859,0.861859,double,2,10
double_multi_thread,124,871041,0.871041,double,2,10
double_multi_thread,125,862590,0.86259,double,2,10
double_multi_thread,126,870307,0.870307,double,2,10
double_multi_thread,127,865708,0.865708,double,2,10
double_multi_thread,128,874307,0.874307,double,2,10
double_multi_thread,129,867939,0.867939,double,2,10
double_multi_thread,130,869530,0.86953,double,2,10
double_multi_thread,131,891988,0.891988,double,2,10
double_multi_thread,132,878139,0.878139,double,2,10
double_multi_thread,133,868733,0.868733,double,2,10
double_multi_thread,134,867125,0.867125,double,2,10
double_multi_thread,135,907760,0.90776,double,2,10
double_multi_thread,136,867057,0.867057,double,2,10
double_multi_thread,137,866920,0.86692,double,2,10
double_multi_thread,138,865706,0.865706,double,2,10
double_multi_thread,139,863055,0.863055,double,2,10
double_multi_thread,140,866693,0.866693,double,2,10
double_multi_thread,141,867909,0.867909,double,2,10
double_multi_thread,142,863817,0.863817,double,2,10
double_multi_thread,143,866267,0.866267,double,2,10
double_multi_thread,144,868159,0.868159,double,2,10
double_multi_thread,145,867112,0.867112,double,2,10
double_multi_thread,146,865178,0.865178,double,2,10
double_multi_thread,147,866102,0.866102,double,2,10
double_multi_thread,148,873019,0.873019,double,2,10
double_multi_thread,149,867083,0.867083,double,2,10
double_multi_thread,150,882076,0.882076,double,2,10
double_multi_thread,151,862985,0.862985,double,2,10
double_multi_thread,152,867077,0.867077,double,2,10
double_multi_thread,153,938667,0.938667,double,2,10
double_multi_thread,154,871412,0.871412,double,2,10
double_multi_thread,155,873840,0.87384,double,2,10
double_multi_thread,156,879850,0.87985,double,2,10
double_multi_thread,157,878075,0.878075,double,2,10
double_multi_thread,158,894497,0.894497,double,2,10
double_multi_thread,159,871088,0.871088,double,2,10
double_multi_thread,160,866257,0.866257,double,2,10
double_multi_thread,161,866030,0.86603,double,2,10
double_multi_thread,162,870556,0.870556,double,2,10
double_multi_thread,163,861200,0.8612,double,2,10
double_multi_thread,164,867385,0.867385,double,2,10
double_multi_thread,165,870555,0.870555,double,2,10
double_multi_thread,166,878631,0.878631,double,2,10
double_multi_thread,167,867780,0.86778,double,2,10
double_multi_thread,168,870883,0.870883,double,2,10
double_multi_thread,169,870295,0.870295,double,2,10
double_multi_thread,170,865485,0.865485,double,2,10
double_multi_thread,171,864395,0.864395,double,2,10
double_multi_thread,172,868780,0.86878,double,2,10
double_multi_thread,173,864619,0.864619,double,2,10
double_multi_thread,174,864154,0.864154,double,2,10
double_multi_thread,175,866918,0.866918,double,2,10
double_multi_thread,176,864568,0.864568,double,2,10
double_multi_thread,177,865151,0.865151,double,2,10
double_multi_thread,178,883522,0.883522,double,2,10
double_multi_thread,179,1040825,1.040825,double,2,10
double_multi_thread,180,1113135,1.113135,double,2,10
double_multi_thread,181,1152517,1.152517,double,2,10
double_multi_thread,182,1117444,1.117444,double,2,10
double_multi_thread,183,1122862,1.122862,double,2,10
double_multi_thread,184,1112203,1.112203,double,2,10
double_multi_thread,185,1123257,1.123257,double,2,10
double_multi_thread,186,1147929,1.147929,double,2,10
double_multi_thread,187,1190770,1.19077,double,2,10
double_multi_thread,188,1102110,1.10211,double,2,10
double_multi_thread,189,1115364,1.115364,double,2,10
double_multi_thread,190,1151206,1.151206,double,2,10
double_multi_thread,191,1151883,1.151883,double,2,10
double_multi_thread,192,1177152,1.177152,double,2,10
double_multi_thread,193,1145186,1.145186,double,2,10
double_multi_thread,194,1114063,1.114063,double,2,10
double_multi_thread,195,1121672,1.121672,double,2,10
double_multi_thread,196,1184202,1.184202,double,2,10
double_multi_thread,197,1173572,1.173572,double,2,10
double_multi_thread,198,1045840,1.04584,double,2,10
double_multi_thread,199,1044582,1.044582,double,2,10
double_multi_thread,200,878981,0.878981,double,2,10
double_multi_thread,201,861533,0.861533,double,2,10
double_multi_thread,202,872201,0.872201,double,2,10
double_multi_thread,203,868645,0.868645,double,2,10
double_multi_thread,204,871973,0.871973,double,2,10
double_multi_thread,205,864440,0.86444,double,2,10
double_multi_thread,206,866886,0.866886,double,2,10
double_multi_thread,207,867345,0.867345,double,2,10
double_multi_thread,208,868424,0.868424,double,2,10
double_multi_thread,209,867555,0.867555,double,2,10
double_multi_thread,210,866887,0.866887,double,2,10
double_multi_thread,211,871046,0.871046,double,2,10
double_multi_thread,212,867098,0.867098,double,2,10
double_multi_thread,213,866049,0.866049,double,2,10
double_multi_thread,214,869688,0.869688,double,2,10
double_multi_thread,215,869340,0.86934,double,2,10
double_multi_thread,216,869178,0.869178,double,2,10
double_multi_thread,217,871816,0.871816,double,2,10
double_multi_thread,218,876643,0.876643,double,2,10
double_multi_thread,219,874226,0.874226,double,2,10
double_multi_thread,220,870716,0.870716,double,2,10
double_multi_thread,221,880204,0.880204,double,2,10
double_multi_thread,222,880511,0.880511,double,2,10
double_multi_thread,223,892878,0.892878,double,2,10
double_multi_thread,224,893460,0.89346,double,2,10
double_multi_thread,225,887100,0.8871,double,2,10
double_multi_thread,226,871013,0.871013,double,2,10
double_multi_thread,227,868491,0.868491,double,2,10
double_multi_thread,228,869127,0.869127,double,2,10
double_multi_thread,229,863859,0.863859,double,2,10
double_multi_thread,230,872374,0.872374,double,2,10
double_multi_thread,231,870035,0.870035,double,2,10
double_multi_thread,232,873651,0.873651,double,2,10
double_multi_thread,233,867957,0.867957,double,2,10
double_multi_thread,234,869590,0.86959,double,2,10
double_multi_thread,235,928823,0.928823,double,2,10
double_multi_thread,236,906582,0.906582,double,2,10
double_multi_thread,237,923380,0.92338,double,2,10
double_multi_thread,238,928013,0.928013,double,2,10
double_multi_thread,239,916159,0.916159,double,2,10
double_multi_thread,240,907184,0.907184,double,2,10
double_multi_thread,241,895738,0.895738,double,2,10
double_multi_thread,242,891045,0.891045,double,2,10
double_multi_thread,243,897265,0.897265,double,2,10
double_multi_thread,244,896809,0.896809,double,2,10
double_multi_thread,245,894087,0.894087,double,2,10
double_multi_thread,246,887173,0.887173,double,2,10
double_multi_thread,247,866469,0.866469,double,2,10
double_multi_thread,248,867402,0.867402,double,2,10
double_multi_thread,249,864263,0.864263,double,2,10
double_multi_thread,250,871345,0.871345,double,2,10
double_multi_thread,251,867363,0.867363,double,2,10
double_multi_thread,252,867124,0.867124,double,2,10
double_multi_thread,253,868319,0.868319,double,2,10
double_multi_thread,254,868065,0.868065,double,2,10
double_multi_thread,255,866599,0.866599,double,2,10
double_multi_thread,256,874935,0.874935,double,2,10
double_multi_thread,257,869125,0.869125,double,2,10
double_multi_thread,258,899510,0.89951,double,2,10
double_multi_thread,259,910998,0.910998,double,2,10
double_multi_thread,260,896115,0.896115,double,2,10
double_multi_thread,261,868688,0.868688,double,2,10
double_multi_thread,262,865814,0.865814,double,2,10
double_multi_thread,263,864541,0.864541,double,2,10
double_multi_thread,264,873882,0.873882,double,2,10
double_multi_thread,265,867134,0.867134,double,2,10
double_multi_thread,266,876549,0.876549,double,2,10
double_multi_thread,267,880729,0.880729,double,2,10
double_multi_thread,268,895252,0.895252,double,2,10
double_multi_thread,269,891709,0.891709,double,2,10
double_multi_thread,270,885756,0.885756,double,2,10
double_multi_thread,271,869037,0.869037,double,2,10
double_multi_thread,272,867411,0.867411,double,2,10
double_multi_thread,273,867189,0.867189,double,2,10
double_multi_thread,274,865967,0.865967,double,2,10
double_multi_thread,275,873170,0.87317,double,2,10
double_multi_thread,276,865567,0.865567,double,2,10
double_multi_thread,277,871045,0.871045,double,2,10
double_multi_thread,278,867934,0.867934,double,2,10
double_multi_thread,279,868530,0.86853,double,2,10
double_multi_thread,280,866129,0.866129,double,2,10
double_multi_thread,281,864187,0.864187,double,2,10
double_multi_thread,282,872997,0.872997,double,2,10
double_multi_thread,283,868941,0.868941,double,2,10
double_multi_thread,284,866759,0.866759,double,2,10
double_multi_thread,285,864664,0.864664,double,2,10
double_multi_thread,286,880802,0.880802,double,2,10
double_multi_thread,287,867205,0.867205,double,2,10
double_multi_thread,288,864071,0.864071,double,2,10
double_multi_thread,289,871708,0.871708,double,2,10
double_multi_thread,290,868787,0.868787,double,2,10
double_multi_thread,291,879160,0.87916,double,2,10
double_multi_thread,292,889082,0.889082,double,2,10
double_multi_thread,293,891589,0.891589,double,2,10
double_multi_thread,294,884790,0.88479,double,2,10
double_multi_thread,295,869080,0.86908,double,2,10
double_multi_thread,296,868203,0.868203,double,2,10
double_multi_thread,297,862906,0.862906,double,2,10
double_multi_thread,298,864881,0.864881,double,2,10
double_multi_thread,299,871371,0.871371,double,2,10
double_multi_thread,300,868040,0.86804,double,2,10
double_multi_thread,301,865919,0.865919,double,2,10
double_multi_thread,302,866427,0.866427,double,2,10
double_multi_thread,303,878480,0.87848,double,2,10
double_multi_thread,304,887255,0.887255,double,2,10
double_multi_thread,305,867594,0.867594,double,2,10
double_multi_thread,306,870982,0.870982,double,2,10
double_multi_thread,307,869324,0.869324,double,2,10
double_multi_thread,308,869286,0.869286,double,2,10
double_multi_thread,309,867107,0.867107,double,2,10
double_multi_thread,310,870494,0.870494,double,2,10
double_multi_thread,311,867193,0.867193,double,2,10
double_multi_thread,312,872692,0.872692,double,2,10
double_multi_thread,313,868989,0.868989,double,2,10
double_multi_thread,314,870614,0.870614,double,2,10
double_multi_thread,315,868795,0.868795,double,2,10
double_multi_thread,316,866764,0.866764,double,2,10
double_multi_thread,317,869251,0.869251,double,2,10
double_multi_thread,318,868192,0.868192,double,2,10
double_multi_thread,319,868100,0.8681,double,2,10
double_multi_thread,320,865084,0.865084,double,2,10
double_multi_thread,321,869487,0.869487,double,2,10
double_multi_thread,322,866056,0.866056,double,2,10
double_multi_thread,323,873608,0.873608,double,2,10
double_multi_thread,324,870191,0.870191,double,2,10
double_multi_thread,325,866056,0.866056,double,2,10
double_multi_thread,326,870031,0.870031,double,2,10
double_multi_thread,327,865773,0.865773,double,2,10
double_multi_thread,328,865406,0.865406,double,2,10
double_multi_thread,329,866716,0.866716,double,2,10
double_multi_thread,330,869884,0.869884,double,2,10
double_multi_thread,331,869313,0.869313,double,2,10
double_multi_thread,332,877141,0.877141,double,2,10
double_multi_thread,333,869359,0.869359,double,2,10
double_multi_thread,334,866507,0.866507,double,2,10
double_multi_thread,335,867749,0.867749,double,2,10
double_multi_thread,336,866964,0.866964,double,2,10
double_multi_thread,337,885667,0.885667,double,2,10
double_multi_thread,338,895209,0.895209,double,2,10
double_multi_thread,339,891281,0.891281,double,2,10
double_multi_thread,340,879071,0.879071,double,2,10
double_multi_thread,341,873245,0.873245,double,2,10
double_multi_thread,342,867398,0.867398,double,2,10
double_multi_thread,343,868877,0.868877,double,2,10
double_multi_thread,344,868864,0.868864,double,2,10
double_multi_thread,345,893080,0.89308,double,2,10
double_multi_thread,346,875980,0.87598,double,2,10
double_multi_thread,347,902148,0.902148,double,2,10
double_multi_thread,348,896500,0.8965,double,2,10
double_multi_thread,349,899453,0.899453,double,2,10
double_multi_thread,350,909723,0.909723,double,2,10
double_multi_thread,351,899749,0.899749,double,2,10
double_multi_thread,352,868633,0.868633,double,2,10
double_multi_thread,353,868087,0.868087,double,2,10
double_multi_thread,354,907935,0.907935,double,2,10
double_multi_thread,355,911569,0.911569,double,2,10
double_multi_thread,356,893355,0.893355,double,2,10
double_multi_thread,357,874856,0.874856,double,2,10
double_multi_thread,358,880519,0.880519,double,2,10
double_multi_thread,359,893691,0.893691,double,2,10
double_multi_thread,360,890027,0.890027,double,2,10
double_multi_thread,361,882130,0.88213,double,2,10
double_multi_thread,362,866026,0.866026,double,2,10
double_multi_thread,363,865805,0.865805,double,2,10
double_multi_thread,364,865398,0.865398,double,2,10
double_multi_thread,365,865810,0.86581,double,2,10
double_multi_thread,366,869943,0.869943,double,2,10
double_multi_thread,367,867524,0.867524,double,2,10
double_multi_thread,368,867274,0.867274,double,2,10
double_multi_thread,369,868506,0.868506,double,2,10
double_multi_thread,370,887873,0.887873,double,2,10
double_multi_thread,371,905212,0.905212,double,2,10
double_multi_thread,372,900354,0.900354,double,2,10
double_multi_thread,373,886104,0.886104,double,2,10
double_multi_thread,374,870702,0.870702,double,2,10
double_multi_thread,375,870523,0.870523,double,2,10
double_multi_thread,376,868086,0.868086,double,2,10
double_multi_thread,377,867786,0.867786,double,2,10
double_multi_thread,378,868913,0.868913,double,2,10
double_multi_thread,379,895304,0.895304,double,2,10
double_multi_thread,380,877684,0.877684,double,2,10
double_multi_thread,381,875571,0.875571,double,2,10
double_multi_thread,382,868921,0.868921,double,2,10
double_multi_thread,383,866238,0.866238,double,2,10
double_multi_thread,384,870198,0.870198,double,2,10
double_multi_thread,385,870239,0.870239,double,2,10
double_multi_thread,386,929619,0.929619,double,2,10
double_multi_thread,387,870658,0.870658,double,2,10
double_multi_thread,388,868003,0.868003,double,2,10
double_multi_thread,389,874187,0.874187,double,2,10
double_multi_thread,390,868035,0.868035,double,2,10
double_multi_thread,391,863444,0.863444,double,2,10
double_multi_thread,392,867689,0.867689,double,2,10
double_multi_thread,393,872882,0.872882,double,2,10
double_multi_thread,394,865280,0.86528,double,2,10
double_multi_thread,395,865455,0.865455,double,2,10
double_multi_thread,396,865230,0.86523,double,2,10
double_multi_thread,397,867791,0.867791,double,2,10
double_multi_thread,398,865419,0.865419,double,2,10
double_multi_thread,399,867662,0.867662,double,2,10
double_multi_thread,400,883455,0.883455,double,2,10
double_multi_thread,401,867814,0.867814,double,2,10
double_multi_thread,402,864113,0.864113,double,2,10
double_multi_thread,403,870612,0.870612,double,2,10
double_multi_thread,404,872132,0.872132,double,2,10
double_multi_thread,405,865723,0.865723,double,2,10
double_multi_thread,406,868227,0.868227,double,2,10
double_multi_thread,407,870291,0.870291,double,2,10
double_multi_thread,408,866495,0.866495,double,2,10
double_multi_thread,409,868338,0.868338,double,2,10
double_multi_thread,410,867902,0.867902,double,2,10
double_multi_thread,411,866270,0.86627,double,2,10
double_multi_thread,412,873488,0.873488,double,2,10
double_multi_thread,413,872850,0.87285,double,2,10
double_multi_thread,414,867484,0.867484,double,2,10
double_multi_thread,415,869574,0.869574,double,2,10
double_multi_thread,416,867032,0.867032,double,2,10
double_multi_thread,417,872966,0.872966,double,2,10
double_multi_thread,418,865796,0.865796,double,2,10
double_multi_thread,419,886587,0.886587,double,2,10
double_multi_thread,420,865526,0.865526,double,2,10
double_multi_thread,421,866596,0.866596,double,2,10
double_multi_thread,422,872541,0.872541,double,2,10
double_multi_thread,423,868434,0.868434,double,2,10
double_multi_thread,424,870156,0.870156,double,2,10
double_multi_thread,425,863990,0.86399,double,2,10
double_multi_thread,426,866015,0.866015,double,2,10
double_multi_thread,427,871130,0.87113,double,2,10
double_multi_thread,428,870394,0.870394,double,2,10
double_multi_thread,429,865163,0.865163,double,2,10
double_multi_thread,430,869266,0.869266,double,2,10
double_multi_thread,431,868824,0.868824,double,2,10
double_multi_thread,432,866337,0.866337,double,2,10
double_multi_thread,433,864107,0.864107,double,2,10
double_multi_thread,434,868065,0.868065,double,2,10
double_multi_thread,435,867858,0.867858,double,2,10
double_multi_thread,436,867836,0.867836,double,2,10
double_multi_thread,437,866307,0.866307,double,2,10
double_multi_thread,438,882203,0.882203,double,2,10
double_multi_thread,439,872770,0.87277,double,2,10
double_multi_thread,440,893941,0.893941,double,2,10
double_multi_thread,441,887504,0.887504,double,2,10
double_multi_thread,442,897224,0.897224,double,2,10
double_multi_thread,443,866279,0.866279,double,2,10
double_multi_thread,444,867239,0.867239,double,2,10
double_multi_thread,445,871059,0.871059,double,2,10
double_multi_thread,446,869584,0.869584,double,2,10
double_multi_thread,447,870988,0.870988,double,2,10
double_multi_thread,448,868266,0.868266,double,2,10
double_multi_thread,449,863889,0.863889,double,2,10
double_multi_thread,450,868805,0.868805,double,2,10
double_multi_thread,451,865979,0.865979,double,2,10
double_multi_thread,452,863942,0.863942,double,2,10
double_multi_thread,453,869003,0.869003,double,2,10
double_multi_thread,454,870384,0.870384,double,2,10
double_multi_thread,455,870662,0.870662,double,2,10
double_multi_thread,456,866671,0.866671,double,2,10
double_multi_thread,457,864667,0.864667,double,2,10
double_multi_thread,458,868454,0.868454,double,2,10
double_multi_thread,459,866697,0.866697,double,2,10
double_multi_thread,460,868084,0.868084,double,2,10
double_multi_thread,461,872963,0.872963,double,2,10
double_multi_thread,462,868974,0.868974,double,2,10
double_multi_thread,463,866536,0.866536,double,2,10
double_multi_thread,464,862080,0.86208,double,2,10
double_multi_thread,465,874500,0.8745,double,2,10
double_multi_thread,466,878915,0.878915,double,2,10
double_multi_thread,467,902762,0.902762,double,2,10
double_multi_thread,468,899690,0.89969,double,2,10
double_multi_thread,469,891181,0.891181,double,2,10
double_multi_thread,470,892659,0.892659,double,2,10
double_multi_thread,471,890916,0.890916,double,2,10
double_multi_thread,472,867611,0.867611,double,2,10
double_multi_thread,473,865706,0.865706,double,2,10
double_multi_thread,474,893380,0.89338,double,2,10
double_multi_thread,475,868252,0.868252,double,2,10
double_multi_thread,476,870503,0.870503,double,2,10
double_multi_thread,477,869116,0.869116,double,2,10
double_multi_thread,478,867401,0.867401,double,2,10
double_multi_thread,479,866750,0.86675,double,2,10
double_multi_thread,480,866237,0.866237,double,2,10
double_multi_thread,481,863045,0.863045,double,2,10
double_multi_thread,482,872960,0.87296,double,2,10
double_multi_thread,483,868024,0.868024,double,2,10
double_multi_thread,484,871942,0.871942,double,2,10
double_multi_thread,485,868523,0.868523,double,2,10
double_multi_thread,486,865779,0.865779,double,2,10
double_multi_thread,487,876413,0.876413,double,2,10
double_multi_thread,488,865999,0.865999,double,2,10
double_multi_thread,489,863378,0.863378,double,2,10
double_multi_thread,490,866688,0.866688,double,2,10
double_multi_thread,491,867305,0.867305,double,2,10
double_multi_thread,492,866516,0.866516,double,2,10
double_multi_thread,493,879396,0.879396,double,2,10
double_multi_thread,494,867807,0.867807,double,2,10
double_multi_thread,495,886468,0.886468,double,2,10
double_multi_thread,496,890190,0.89019,double,2,10
double_multi_thread,497,886687,0.886687,double,2,10
double_multi_thread,498,876871,0.876871,double,2,10
double_multi_thread,499,875462,0.875462,double,2,10
double_multi_thread,500,890744,0.890744,double,2,10
double_multi_thread,501,894169,0.894169,double,2,10
double_multi_thread,502,892391,0.892391,double,2,10
double_multi_thread,503,867930,0.86793,double,2,10
double_multi_thread,504,867032,0.867032,double,2,10
double_multi_thread,505,864559,0.864559,double,2,10
double_multi_thread,506,864828,0.864828,double,2,10
double_multi_thread,507,868771,0.868771,double,2,10
double_multi_thread,508,868553,0.868553,double,2,10
double_multi_thread,509,868985,0.868985,double,2,10
double_multi_thread,510,864013,0.864013,double,2,10
double_multi_thread,511,868565,0.868565,double,2,10
double_multi_thread,512,871013,0.871013,double,2,10
double_multi_thread,513,867529,0.867529,double,2,10
double_multi_thread,514,877856,0.877856,double,2,10
double_multi_thread,515,873260,0.87326,double,2,10
double_multi_thread,516,867721,0.867721,double,2,10
double_multi_thread,517,898347,0.898347,double,2,10
double_multi_thread,518,890350,0.89035,double,2,10
double_multi_thread,519,894351,0.894351,double,2,10
double_multi_thread,520,866807,0.866807,double,2,10
double_multi_thread,521,863865,0.863865,double,2,10
double_multi_thread,522,870821,0.870821,double,2,10
double_multi_thread,523,865186,0.865186,double,2,10
double_multi_thread,524,867849,0.867849,double,2,10
double_multi_thread,525,867886,0.867886,double,2,10
double_multi_thread,526,867256,0.867256,double,2,10
double_multi_thread,527,878845,0.878845,double,2,10
double_multi_thread,528,883240,0.88324,double,2,10
double_multi_thread,529,888134,0.888134,double,2,10
double_multi_thread,530,892504,0.892504,double,2,10
double_multi_thread,531,896246,0.896246,double,2,10
double_multi_thread,532,865159,0.865159,double,2,10
double_multi_thread,533,866183,0.866183,double,2,10
double_multi_thread,534,877757,0.877757,double,2,10
double_multi_thread,535,865309,0.865309,double,2,10
double_multi_thread,536,865567,0.865567,double,2,10
double_multi_thread,537,864792,0.864792,double,2,10
double_multi_thread,538,870491,0.870491,double,2,10
double_multi_thread,539,870983,0.870983,double,2,10
double_multi_thread,540,867368,0.867368,double,2,10
double_multi_thread,541,906039,0.906039,double,2,10
double_multi_thread,542,894793,0.894793,double,2,10
double_multi_thread,543,887292,0.887292,double,2,10
double_multi_thread,544,869039,0.869039,double,2,10
double_multi_thread,545,867239,0.867239,double,2,10
double_multi_thread,546,868749,0.868749,double,2,10
double_multi_thread,547,867559,0.867559,double,2,10
double_multi_thread,548,866279,0.866279,double,2,10
double_multi_thread,549,865711,0.865711,double,2,10
double_multi_thread,550,862878,0.862878,double,2,10
double_multi_thread,551,865950,0.86595,double,2,10
double_multi_thread,552,866399,0.866399,double,2,10
double_multi_thread,553,863843,0.863843,double,2,10
double_multi_thread,554,868062,0.868062,double,2,10
double_multi_thread,555,866558,0.866558,double,2,10
double_multi_thread,556,870402,0.870402,double,2,10
double_multi_thread,557,866243,0.866243,double,2,10
double_multi_thread,558,867658,0.867658,double,2,10
double_multi_thread,559,865749,0.865749,double,2,10
double_multi_thread,560,878320,0.87832,double,2,10
double_multi_thread,561,859259,0.859259,double,2,10
double_multi_thread,562,866338,0.866338,double,2,10
double_multi_thread,563,866254,0.866254,double,2,10
double_multi_thread,564,870495,0.870495,double,2,10
double_multi_thread,565,868174,0.868174,double,2,10
double_multi_thread,566,866892,0.866892,double,2,10
double_multi_thread,567,869559,0.869559,double,2,10
double_multi_thread,568,865190,0.86519,double,2,10
double_multi_thread,569,866722,0.866722,double,2,10
double_multi_thread,570,867600,0.8676,double,2,10
double_multi_thread,571,868304,0.868304,double,2,10
double_multi_thread,572,867160,0.86716,double,2,10
double_multi_thread,573,867919,0.867919,double,2,10
double_multi_thread,574,865841,0.865841,double,2,10
double_multi_thread,575,872220,0.87222,double,2,10
double_multi_thread,576,864204,0.864204,double,2,10
double_multi_thread,577,869372,0.869372,double,2,10
double_multi_thread,578,871109,0.871109,double,2,10
double_multi_thread,579,868236,0.868236,double,2,10
double_multi_thread,580,869813,0.869813,double,2,10
double_multi_thread,581,864989,0.864989,double,2,10
double_multi_thread,582,873244,0.873244,double,2,10
double_multi_thread,583,876289,0.876289,double,2,10
double_multi_thread,584,886985,0.886985,double,2,10
double_multi_thread,585,893868,0.893868,double,2,10
double_multi_thread,586,903148,0.903148,double,2,10
double_multi_thread,587,893206,0.893206,double,2,10
double_multi_thread,588,890903,0.890903,double,2,10
double_multi_thread,589,878665,0.878665,double,2,10
double_multi_thread,590,868382,0.868382,double,2,10
double_multi_thread,591,866790,0.86679,double,2,10
double_multi_thread,592,867519,0.867519,double,2,10
double_multi_thread,593,862598,0.862598,double,2,10
double_multi_thread,594,865739,0.865739,double,2,10
double_multi_thread,595,867933,0.867933,double,2,10
double_multi_thread,596,868568,0.868568,double,2,10
double_multi_thread,597,866821,0.866821,double,2,10
double_multi_thread,598,867098,0.867098,double,2,10
double_multi_thread,599,873242,0.873242,double,2,10
double_multi_thread,600,864191,0.864191,double,2,10
double_multi_thread,601,904730,0.90473,double,2,10
double_multi_thread,602,894568,0.894568,double,2,10
double_multi_thread,603,892129,0.892129,double,2,10
double_multi_thread,604,892930,0.89293,double,2,10
double_multi_thread,605,898261,0.898261,double,2,10
double_multi_thread,606,865001,0.865001,double,2,10
double_multi_thread,607,869066,0.869066,double,2,10
double_multi_thread,608,886287,0.886287,double,2,10
double_multi_thread,609,877483,0.877483,double,2,10
double_multi_thread,610,877544,0.877544,double,2,10
double_multi_thread,611,869872,0.869872,double,2,10
double_multi_thread,612,866484,0.866484,double,2,10
double_multi_thread,613,903430,0.90343,double,2,10
double_multi_thread,614,893317,0.893317,double,2,10
double_multi_thread,615,885975,0.885975,double,2,10
double_multi_thread,616,875290,0.87529,double,2,10
double_multi_thread,617,881999,0.881999,double,2,10
double_multi_thread,618,889740,0.88974,double,2,10
double_multi_thread,619,890360,0.89036,double,2,10
double_multi_thread,620,881198,0.881198,double,2,10
double_multi_thread,621,866611,0.866611,double,2,10
double_multi_thread,622,871643,0.871643,double,2,10
double_multi_thread,623,869528,0.869528,double,2,10
double_multi_thread,624,871880,0.87188,double,2,10
double_multi_thread,625,873563,0.873563,double,2,10
double_multi_thread,626,869787,0.869787,double,2,10
double_multi_thread,627,896378,0.896378,double,2,10
double_multi_thread,628,889040,0.88904,double,2,10
double_multi_thread,629,906834,0.906834,double,2,10
double_multi_thread,630,869517,0.869517,double,2,10
double_multi_thread,631,868492,0.868492,double,2,10
double_multi_thread,632,868280,0.86828,double,2,10
double_multi_thread,633,870994,0.870994,double,2,10
double_multi_thread,634,864636,0.864636,double,2,10
double_multi_thread,635,868699,0.868699,double,2,10
double_multi_thread,636,866242,0.866242,double,2,10
double_multi_thread,637,866109,0.866109,double,2,10
double_multi_thread,638,867257,0.867257,double,2,10
double_multi_thread,639,867727,0.867727,double,2,10
double_multi_thread,640,869076,0.869076,double,2,10
double_multi_thread,641,895358,0.895358,double,2,10
double_multi_thread,642,896826,0.896826,double,2,10
double_multi_thread,643,903425,0.903425,double,2,10
double_multi_thread,644,866483,0.866483,double,2,10
double_multi_thread,645,870132,0.870132,double,2,10
double_multi_thread,646,871684,0.871684,double,2,10
double_multi_thread,647,867804,0.867804,double,2,10
double_multi_thread,648,874370,0.87437,double,2,10
double_multi_thread,649,869350,0.86935,double,2,10
double_multi_thread,650,865297,0.865297,double,2,10
double_multi_thread,651,871770,0.87177,double,2,10
double_multi_thread,652,868182,0.868182,double,2,10
double_multi_thread,653,877103,0.877103,double,2,10
double_multi_thread,654,868782,0.868782,double,2,10
double_multi_thread,655,864242,0.864242,double,2,10
double_multi_thread,656,874986,0.874986,double,2,10
double_multi_thread,657,870774,0.870774,double,2,10
double_multi_thread,658,890798,0.890798,double,2,10
double_multi_thread,659,896863,0.896863,double,2,10
double_multi_thread,660,895419,0.895419,double,2,10
double_multi_thread,661,869329,0.869329,double,2,10
double_multi_thread,662,865685,0.865685,double,2,10
double_multi_thread,663,868595,0.868595,double,2,10
double_multi_thread,664,868192,0.868192,double,2,10
double_multi_thread,665,864815,0.864815,double,2,10
double_multi_thread,666,863394,0.863394,double,2,10
double_multi_thread,667,868060,0.86806,double,2,10
double_multi_thread,668,867550,0.86755,double,2,10
double_multi_thread,669,869995,0.869995,double,2,10
double_multi_thread,670,869916,0.869916,double,2,10
double_multi_thread,671,870773,0.870773,double,2,10
double_multi_thread,672,867530,0.86753,double,2,10
double_multi_thread,673,867373,0.867373,double,2,10
double_multi_thread,674,866792,0.866792,double,2,10
double_multi_thread,675,875767,0.875767,double,2,10
double_multi_thread,676,872195,0.872195,double,2,10
double_multi_thread,677,870911,0.870911,double,2,10
double_multi_thread,678,868667,0.868667,double,2,10
double_multi_thread,679,871668,0.871668,double,2,10
double_multi_thread,680,867470,0.86747,double,2,10
double_multi_thread,681,871820,0.87182,double,2,10
double_multi_thread,682,865032,0.865032,double,2,10
double_multi_thread,683,866297,0.866297,double,2,10
double_multi_thread,684,865520,0.86552,double,2,10
double_multi_thread,685,864573,0.864573,double,2,10
double_multi_thread,686,868223,0.868223,double,2,10
double_multi_thread,687,867147,0.867147,double,2,10
double_multi_thread,688,867856,0.867856,double,2,10
double_multi_thread,689,872564,0.872564,double,2,10
double_multi_thread,690,862365,0.862365,double,2,10
double_multi_thread,691,866665,0.866665,double,2,10
double_multi_thread,692,874036,0.874036,double,2,10
double_multi_thread,693,866862,0.866862,double,2,10
double_multi_thread,694,896665,0.896665,double,2,10
double_multi_thread,695,893638,0.893638,double,2,10
double_multi_thread,696,898317,0.898317,double,2,10
double_multi_thread,697,871075,0.871075,double,2,10
double_multi_thread,698,864340,0.86434,double,2,10
double_multi_thread,699,899952,0.899952,double,2,10
double_multi_thread,700,895762,0.895762,double,2,10
double_multi_thread,701,890162,0.890162,double,2,10
double_multi_thread,702,899826,0.899826,double,2,10
double_multi_thread,703,889731,0.889731,double,2,10
double_multi_thread,704,893181,0.893181,double,2,10
double_multi_thread,705,890923,0.890923,double,2,10
double_multi_thread,706,883009,0.883009,double,2,10
double_multi_thread,707,865238,0.865238,double,2,10
double_multi_thread,708,864930,0.86493,double,2,10
double_multi_thread,709,865674,0.865674,double,2,10
double_multi_thread,710,865410,0.86541,double,2,10
double_multi_thread,711,868113,0.868113,double,2,10
double_multi_thread,712,867583,0.867583,double,2,10
double_multi_thread,713,872520,0.87252,double,2,10
double_multi_thread,714,866850,0.86685,double,2,10
double_multi_thread,715,875945,0.875945,double,2,10
double_multi_thread,716,869676,0.869676,double,2,10
double_multi_thread,717,866096,0.866096,double,2,10
double_multi_thread,718,866338,0.866338,double,2,10
double_multi_thread,719,868502,0.868502,double,2,10
double_multi_thread,720,869167,0.869167,double,2,10
double_multi_thread,721,867519,0.867519,double,2,10
double_multi_thread,722,874499,0.874499,double,2,10
double_multi_thread,723,872282,0.872282,double,2,10
double_multi_thread,724,870053,0.870053,double,2,10
double_multi_thread,725,896243,0.896243,double,2,10
double_multi_thread,726,890676,0.890676,double,2,10
double_multi_thread,727,900674,0.900674,double,2,10
double_multi_thread,728,867776,0.867776,double,2,10
double_multi_thread,729,865815,0.865815,double,2,10
double_multi_thread,730,871985,0.871985,double,2,10
double_multi_thread,731,872287,0.872287,double,2,10
double_multi_thread,732,887785,0.887785,double,2,10
double_multi_thread,733,893811,0.893811,double,2,10
double_multi_thread,734,919517,0.919517,double,2,10
double_multi_thread,735,894577,0.894577,double,2,10
double_multi_thread,736,890944,0.890944,double,2,10
double_multi_thread,737,885409,0.885409,double,2,10
double_multi_thread,738,868144,0.868144,double,2,10
double_multi_thread,739,886579,0.886579,double,2,10
double_multi_thread,740,887489,0.887489,double,2,10
double_multi_thread,741,893626,0.893626,double,2,10
double_multi_thread,742,875512,0.875512,double,2,10
double_multi_thread,743,888331,0.888331,double,2,10
double_multi_thread,744,894322,0.894322,double,2,10
double_multi_thread,745,891451,0.891451,double,2,10
double_multi_thread,746,895727,0.895727,double,2,10
double_multi_thread,747,894857,0.894857,double,2,10
double_multi_thread,748,871866,0.871866,double,2,10
double_multi_thread,749,866674,0.866674,double,2,10
double_multi_thread,750,871118,0.871118,double,2,10
double_multi_thread,751,871264,0.871264,double,2,10
double_multi_thread,752,872635,0.872635,double,2,10
double_multi_thread,753,880045,0.880045,double,2,10
double_multi_thread,754,893175,0.893175,double,2,10
double_multi_thread,755,904211,0.904211,double,2,10
double_multi_thread,756,895401,0.895401,double,2,10
double_multi_thread,757,893572,0.893572,double,2,10
double_multi_thread,758,889805,0.889805,double,2,10
double_multi_thread,759,992219,0.992219,double,2,10
double_multi_thread,760,1871986,1.871986,double,2,10
double_multi_thread,761,1951793,1.951793,double,2,10
double_multi_thread,762,1521490,1.52149,double,2,10
double_multi_thread,763,1169145,1.169145,double,2,10
double_multi_thread,764,1137056,1.137056,double,2,10
double_multi_thread,765,1349027,1.349027,double,2,10
double_multi_thread,766,969013,0.969013,double,2,10
double_multi_thread,767,945368,0.945368,double,2,10
double_multi_thread,768,925730,0.92573,double,2,10
double_multi_thread,769,916230,0.91623,double,2,10
double_multi_thread,770,904512,0.904512,double,2,10
double_multi_thread,771,902026,0.902026,double,2,10
double_multi_thread,772,894773,0.894773,double,2,10
double_multi_thread,773,921285,0.921285,double,2,10
double_multi_thread,774,869373,0.869373,double,2,10
double_multi_thread,775,926345,0.926345,double,2,10
double_multi_thread,776,989524,0.989524,double,2,10
double_multi_thread,777,949640,0.94964,double,2,10
double_multi_thread,778,912348,0.912348,double,2,10
double_multi_thread,779,866908,0.866908,double,2,10
double_multi_thread,780,866846,0.866846,double,2,10
double_multi_thread,781,869247,0.869247,double,2,10
double_multi_thread,782,865119,0.865119,double,2,10
double_multi_thread,783,871284,0.871284,double,2,10
double_multi_thread,784,871372,0.871372,double,2,10
double_multi_thread,785,870923,0.870923,double,2,10
double_multi_thread,786,870259,0.870259,double,2,10
double_multi_thread,787,863676,0.863676,double,2,10
double_multi_thread,788,874592,0.874592,double,2,10
double_multi_thread,789,866755,0.866755,double,2,10
double_multi_thread,790,865590,0.86559,double,2,10
double_multi_thread,791,867025,0.867025,double,2,10
double_multi_thread,792,870107,0.870107,double,2,10
double_multi_thread,793,864284,0.864284,double,2,10
double_multi_thread,794,864641,0.864641,double,2,10
double_multi_thread,795,868994,0.868994,double,2,10
double_multi_thread,796,869895,0.869895,double,2,10
double_multi_thread,797,889860,0.88986,double,2,10
double_multi_thread,798,890466,0.890466,double,2,10
double_multi_thread,799,913081,0.913081,double,2,10
double_multi_thread,800,880102,0.880102,double,2,10
double_multi_thread,801,877133,0.877133,double,2,10
double_multi_thread,802,867478,0.867478,double,2,10
double_multi_thread,803,866518,0.866518,double,2,10
double_multi_thread,804,883147,0.883147,double,2,10
double_multi_thread,805,897438,0.897438,double,2,10
double_multi_thread,806,893422,0.893422,double,2,10
double_multi_thread,807,893426,0.893426,double,2,10
double_multi_thread,808,895459,0.895459,double,2,10
double_multi_thread,809,899287,0.899287,double,2,10
double_multi_thread,810,896201,0.896201,double,2,10
double_multi_thread,811,899162,0.899162,double,2,10
double_multi_thread,812,865334,0.865334,double,2,10
double_multi_thread,813,867123,0.867123,double,2,10
double_multi_thread,814,867347,0.867347,double,2,10
double_multi_thread,815,869276,0.869276,double,2,10
double_multi_thread,816,866998,0.866998,double,2,10
double_multi_thread,817,867182,0.867182,double,2,10
double_multi_thread,818,867918,0.867918,double,2,10
double_multi_thread,819,868374,0.868374,double,2,10
double_multi_thread,820,863631,0.863631,double,2,10
double_multi_thread,821,874643,0.874643,double,2,10
double_multi_thread,822,941346,0.941346,double,2,10
double_multi_thread,823,875186,0.875186,double,2,10
double_multi_thread,824,878836,0.878836,double,2,10
double_multi_thread,825,875184,0.875184,double,2,10
double_multi_thread,826,897651,0.897651,double,2,10
double_multi_thread,827,892197,0.892197,double,2,10
double_multi_thread,828,892114,0.892114,double,2,10
double_multi_thread,829,869953,0.869953,double,2,10
double_multi_thread,830,880489,0.880489,double,2,10
double_multi_thread,831,882406,0.882406,double,2,10
double_multi_thread,832,867485,0.867485,double,2,10
double_multi_thread,833,872881,0.872881,double,2,10
double_multi_thread,834,866869,0.866869,double,2,10
double_multi_thread,835,867832,0.867832,double,2,10
double_multi_thread,836,866276,0.866276,double,2,10
double_multi_thread,837,862563,0.862563,double,2,10
double_multi_thread,838,882871,0.882871,double,2,10
double_multi_thread,839,866483,0.866483,double,2,10
double_multi_thread,840,868561,0.868561,double,2,10
double_multi_thread,841,869141,0.869141,double,2,10
double_multi_thread,842,871245,0.871245,double,2,10
double_multi_thread,843,873413,0.873413,double,2,10
double_multi_thread,844,865871,0.865871,double,2,10
double_multi_thread,845,868155,0.868155,double,2,10
double_multi_thread,846,867212,0.867212,double,2,10
double_multi_thread,847,877589,0.877589,double,2,10
double_multi_thread,848,868797,0.868797,double,2,10
double_multi_thread,849,866988,0.866988,double,2,10
double_multi_thread,850,870554,0.870554,double,2,10
double_multi_thread,851,876223,0.876223,double,2,10
double_multi_thread,852,896095,0.896095,double,2,10
double_multi_thread,853,887837,0.887837,double,2,10
double_multi_thread,854,893760,0.89376,double,2,10
double_multi_thread,855,863855,0.863855,double,2,10
double_multi_thread,856,870680,0.87068,double,2,10
double_multi_thread,857,867307,0.867307,double,2,10
double_multi_thread,858,865461,0.865461,double,2,10
double_multi_thread,859,866786,0.866786,double,2,10
double_multi_thread,860,871813,0.871813,double,2,10
double_multi_thread,861,864345,0.864345,double,2,10
double_multi_thread,862,866645,0.866645,double,2,10
double_multi_thread,863,871963,0.871963,double,2,10
double_multi_thread,864,889434,0.889434,double,2,10
double_multi_thread,865,893794,0.893794,double,2,10
double_multi_thread,866,897192,0.897192,double,2,10
double_multi_thread,867,869045,0.869045,double,2,10
double_multi_thread,868,868270,0.86827,double,2,10
double_multi_thread,869,870486,0.870486,double,2,10
double_multi_thread,870,869697,0.869697,double,2,10
double_multi_thread,871,868965,0.868965,double,2,10
double_multi_thread,872,869308,0.869308,double,2,10
double_multi_thread,873,874007,0.874007,double,2,10
double_multi_thread,874,867996,0.867996,double,2,10
double_multi_thread,875,875113,0.875113,double,2,10
double_multi_thread,876,867401,0.867401,double,2,10
double_multi_thread,877,865265,0.865265,double,2,10
double_multi_thread,878,867325,0.867325,double,2,10
double_multi_thread,879,875679,0.875679,double,2,10
double_multi_thread,880,867748,0.867748,double,2,10
double_multi_thread,881,867469,0.867469,double,2,10
double_multi_thread,882,867708,0.867708,double,2,10
double_multi_thread,883,872270,0.87227,double,2,10
double_multi_thread,884,863846,0.863846,double,2,10
double_multi_thread,885,866385,0.866385,double,2,10
double_multi_thread,886,869630,0.86963,double,2,10
double_multi_thread,887,865647,0.865647,double,2,10
double_multi_thread,888,870203,0.870203,double,2,10
double_multi_thread,889,882904,0.882904,double,2,10
double_multi_thread,890,882858,0.882858,double,2,10
double_multi_thread,891,892329,0.892329,double,2,10
double_multi_thread,892,890910,0.89091,double,2,10
double_multi_thread,893,879717,0.879717,double,2,10
double_multi_thread,894,870003,0.870003,double,2,10
double_multi_thread,895,867984,0.867984,double,2,10
double_multi_thread,896,866321,0.866321,double,2,10
double_multi_thread,897,866869,0.866869,double,2,10
double_multi_thread,898,871546,0.871546,double,2,10
double_multi_thread,899,881052,0.881052,double,2,10
double_multi_thread,900,925068,0.925068,double,2,10
double_multi_thread,901,889469,0.889469,double,2,10
double_multi_thread,902,896724,0.896724,double,2,10
double_multi_thread,903,869421,0.869421,double,2,10
double_multi_thread,904,867325,0.867325,double,2,10
double_multi_thread,905,867835,0.867835,double,2,10
double_multi_thread,906,869826,0.869826,double,2,10
double_multi_thread,907,866087,0.866087,double,2,10
double_multi_thread,908,867367,0.867367,double,2,10
double_multi_thread,909,862466,0.862466,double,2,10
double_multi_thread,910,866686,0.866686,double,2,10
double_multi_thread,911,867606,0.867606,double,2,10
double_multi_thread,912,903754,0.903754,double,2,10
double_multi_thread,913,891280,0.89128,double,2,10
double_multi_thread,914,891014,0.891014,double,2,10
double_multi_thread,915,870326,0.870326,double,2,10
double_multi_thread,916,872143,0.872143,double,2,10
double_multi_thread,917,867413,0.867413,double,2,10
double_multi_thread,918,871224,0.871224,double,2,10
double_multi_thread,919,896778,0.896778,double,2,10
double_multi_thread,920,891259,0.891259,double,2,10
double_multi_thread,921,900325,0.900325,double,2,10
double_multi_thread,922,867709,0.867709,double,2,10
double_multi_thread,923,873252,0.873252,double,2,10
double_multi_thread,924,895546,0.895546,double,2,10
double_multi_thread,925,896852,0.896852,double,2,10
double_multi_thread,926,903978,0.903978,double,2,10
double_multi_thread,927,870520,0.87052,double,2,10
double_multi_thread,928,877432,0.877432,double,2,10
double_multi_thread,929,892761,0.892761,double,2,10
double_multi_thread,930,892447,0.892447,double,2,10
double_multi_thread,931,886456,0.886456,double,2,10
double_multi_thread,932,866422,0.866422,double,2,10
double_multi_thread,933,870682,0.870682,double,2,10
double_multi_thread,934,869171,0.869171,double,2,10
double_multi_thread,935,871333,0.871333,double,2,10
double_multi_thread,936,899913,0.899913,double,2,10
double_multi_thread,937,896682,0.896682,double,2,10
double_multi_thread,938,903718,0.903718,double,2,10
double_multi_thread,939,890479,0.890479,double,2,10
double_multi_thread,940,894755,0.894755,double,2,10
double_multi_thread,941,866380,0.86638,double,2,10
double_multi_thread,942,973184,0.973184,double,2,10
double_multi_thread,943,1034487,1.034487,double,2,10
double_multi_thread,944,874363,0.874363,double,2,10
double_multi_thread,945,866118,0.866118,double,2,10
double_multi_thread,946,865832,0.865832,double,2,10
double_multi_thread,947,870840,0.87084,double,2,10
double_multi_thread,948,868684,0.868684,double,2,10
double_multi_thread,949,865942,0.865942,double,2,10
double_multi_thread,950,867334,0.867334,double,2,10
double_multi_thread,951,882094,0.882094,double,2,10
double_multi_thread,952,871364,0.871364,double,2,10
double_multi_thread,953,1093945,1.093945,double,2,10
double_multi_thread,954,1222514,1.222514,double,2,10
double_multi_thread,955,1345886,1.345886,double,2,10
double_multi_thread,956,1203075,1.203075,double,2,10
double_multi_thread,957,1149961,1.149961,double,2,10
double_multi_thread,958,1080377,1.080377,double,2,10
double_multi_thread,959,908380,0.90838,double,2,10
double_multi_thread,960,1071640,1.07164,double,2,10
double_multi_thread,961,917847,0.917847,double,2,10
double_multi_thread,962,915932,0.915932,double,2,10
double_multi_thread,963,914287,0.914287,double,2,10
double_multi_thread,964,894875,0.894875,double,2,10
double_multi_thread,965,909915,0.909915,double,2,10
double_multi_thread,966,892482,0.892482,double,2,10
double_multi_thread,967,919292,0.919292,double,2,10
double_multi_thread,968,869703,0.869703,double,2,10
double_multi_thread,969,867552,0.867552,double,2,10
double_multi_thread,970,864962,0.864962,double,2,10
double_multi_thread,971,866730,0.86673,double,2,10
double_multi_thread,972,865740,0.86574,double,2,10
double_multi_thread,973,865620,0.86562,double,2,10
double_multi_thread,974,887076,0.887076,double,2,10
double_multi_thread,975,896962,0.896962,double,2,10
double_multi_thread,976,894716,0.894716,double,2,10
double_multi_thread,977,890496,0.890496,double,2,10
double_multi_thread,978,866094,0.866094,double,2,10
double_multi_thread,979,875653,0.875653,double,2,10
double_multi_thread,980,869871,0.869871,double,2,10
double_multi_thread,981,873335,0.873335,double,2,10
double_multi_thread,982,870186,0.870186,double,2,10
double_multi_thread,983,866303,0.866303,double,2,10
double_multi_thread,984,873363,0.873363,double,2,10
double_multi_thread,985,865627,0.865627,double,2,10
double_multi_thread,986,875973,0.875973,double,2,10
double_multi_thread,987,866325,0.866325,double,2,10
double_multi_thread,988,864767,0.864767,double,2,10
double_multi_thread,989,870990,0.87099,double,2,10
double_multi_thread,990,886010,0.88601,double,2,10
double_multi_thread,991,887415,0.887415,double,2,10
double_multi_thread,992,891243,0.891243,double,2,10
double_multi_thread,993,890385,0.890385,double,2,10
double_multi_thread,994,876858,0.876858,double,2,10
double_multi_thread,995,869661,0.869661,double,2,10
double_multi_thread,996,869152,0.869152,double,2,10
double_multi_thread,997,863605,0.863605,double,2,10
double_multi_thread,998,864800,0.8648,double,2,10
double_multi_thread,999,866530,0.86653,double,2,10
single_multi_thread,0,574542,0.574542,single,2,10
single_multi_thread,1,563028,0.563028,single,2,10
single_multi_thread,2,569807,0.569807,single,2,10
single_multi_thread,3,572084,0.572084,single,2,10
single_multi_thread,4,564232,0.564232,single,2,10
single_multi_thread,5,566049,0.566049,single,2,10
single_multi_thread,6,594196,0.594196,single,2,10
single_multi_thread,7,588658,0.588658,single,2,10
single_multi_thread,8,577663,0.577663,single,2,10
single_multi_thread,9,588233,0.588233,single,2,10
single_multi_thread,10,581727,0.581727,single,2,10
single_multi_thread,11,578678,0.578678,single,2,10
single_multi_thread,12,582093,0.582093,single,2,10
single_multi_thread,13,581716,0.581716,single,2,10
single_multi_thread,14,582494,0.582494,single,2,10
single_multi_thread,15,582774,0.582774,single,2,10
single_multi_thread,16,582022,0.582022,single,2,10
single_multi_thread,17,595297,0.595297,single,2,10
single_multi_thread,18,593093,0.593093,single,2,10
single_multi_thread,19,671025,0.671025,single,2,10
single_multi_thread,20,615026,0.615026,single,2,10
single_multi_thread,21,598021,0.598021,single,2,10
single_multi_thread,22,612791,0.612791,single,2,10
single_multi_thread,23,604027,0.604027,single,2,10
single_multi_thread,24,583914,0.583914,single,2,10
single_multi_thread,25,585163,0.585163,single,2,10
single_multi_thread,26,581706,0.581706,single,2,10
single_multi_thread,27,586082,0.586082,single,2,10
single_multi_thread,28,578867,0.578867,single,2,10
single_multi_thread,29,582928,0.582928,single,2,10
single_multi_thread,30,580473,0.580473,single,2,10
single_multi_thread,31,575134,0.575134,single,2,10
single_multi_thread,32,583744,0.583744,single,2,10
single_multi_thread,33,582446,0.582446,single,2,10
single_multi_thread,34,587308,0.587308,single,2,10
single_multi_thread,35,563849,0.563849,single,2,10
single_multi_thread,36,571945,0.571945,single,2,10
single_multi_thread,37,565838,0.565838,single,2,10
single_multi_thread,38,593700,0.5937,single,2,10
single_multi_thread,39,583552,0.583552,single,2,10
single_multi_thread,40,580938,0.580938,single,2,10
single_multi_thread,41,587668,0.587668,single,2,10
single_multi_thread,42,564196,0.564196,single,2,10
single_multi_thread,43,567529,0.567529,single,2,10
single_multi_thread,44,566764,0.566764,single,2,10
single_multi_thread,45,585421,0.585421,single,2,10
single_multi_thread,46,585037,0.585037,single,2,10
single_multi_thread,47,591626,0.591626,single,2,10
single_multi_thread,48,591890,0.59189,single,2,10
single_multi_thread,49,571460,0.57146,single,2,10
single_multi_thread,50,566288,0.566288,single,2,10
single_multi_thread,51,561187,0.561187,single,2,10
single_multi_thread,52,568240,0.56824,single,2,10
single_multi_thread,53,563798,0.563798,single,2,10
single_multi_thread,54,563272,0.563272,single,2,10
single_multi_thread,55,567273,0.567273,single,2,10
single_multi_thread,56,575197,0.575197,single,2,10
single_multi_thread,57,565789,0.565789,single,2,10
single_multi_thread,58,569726,0.569726,single,2,10
single_multi_thread,59,567087,0.567087,single,2,10
single_multi_thread,60,564671,0.564671,single,2,10
single_multi_thread,61,560135,0.560135,single,2,10
single_multi_thread,62,564214,0.564214,single,2,10
single_multi_thread,63,567355,0.567355,single,2,10
single_multi_thread,64,567109,0.567109,single,2,10
single_multi_thread,65,566774,0.566774,single,2,10
single_multi_thread,66,564177,0.564177,single,2,10
single_multi_thread,67,570694,0.570694,single,2,10
single_multi_thread,68,565374,0.565374,single,2,10
single_multi_thread,69,564495,0.564495,single,2,10
single_multi_thread,70,564280,0.56428,single,2,10
single_multi_thread,71,570702,0.570702,single,2,10
single_multi_thread,72,565427,0.565427,single,2,10
single_multi_thread,73,565470,0.56547,single,2,10
single_multi_thread,74,564457,0.564457,single,2,10
single_multi_thread,75,564161,0.564161,single,2,10
single_multi_thread,76,567672,0.567672,single,2,10
single_multi_thread,77,562075,0.562075,single,2,10
single_multi_thread,78,568558,0.568558,single,2,10
single_multi_thread,79,572261,0.572261,single,2,10
single_multi_thread,80,562526,0.562526,single,2,10
single_multi_thread,81,568102,0.568102,single,2,10
single_multi_thread,82,655816,0.655816,single,2,10
single_multi_thread,83,568313,0.568313,single,2,10
single_multi_thread,84,565096,0.565096,single,2,10
single_multi_thread,85,589714,0.589714,single,2,10
single_multi_thread,86,596698,0.596698,single,2,10
single_multi_thread,87,597070,0.59707,single,2,10
single_multi_thread,88,569610,0.56961,single,2,10
single_multi_thread,89,558383,0.558383,single,2,10
single_multi_thread,90,554108,0.554108,single,2,10
single_multi_thread,91,549273,0.549273,single,2,10
single_multi_thread,92,564663,0.564663,single,2,10
single_multi_thread,93,569799,0.569799,single,2,10
single_multi_thread,94,547461,0.547461,single,2,10
single_multi_thread,95,556674,0.556674,single,2,10
single_multi_thread,96,560473,0.560473,single,2,10
single_multi_thread,97,552575,0.552575,single,2,10
single_multi_thread,98,555543,0.555543,single,2,10
single_multi_thread,99,555434,0.555434,single,2,10
single_multi_thread,100,617996,0.617996,single,2,10
single_multi_thread,101,548822,0.548822,single,2,10
single_multi_thread,102,550963,0.550963,single,2,10
single_multi_thread,103,547694,0.547694,single,2,10
single_multi_thread,104,555749,0.555749,single,2,10
single_multi_thread,105,548886,0.548886,single,2,10
single_multi_thread,106,584811,0.584811,single,2,10
single_multi_thread,107,582744,0.582744,single,2,10
single_multi_thread,108,581959,0.581959,single,2,10
single_multi_thread,109,587820,0.58782,single,2,10
single_multi_thread,110,580167,0.580167,single,2,10
single_multi_thread,111,578337,0.578337,single,2,10
single_multi_thread,112,564086,0.564086,single,2,10
single_multi_thread,113,568060,0.56806,single,2,10
single_multi_thread,114,569378,0.569378,single,2,10
single_multi_thread,115,567410,0.56741,single,2,10
single_multi_thread,116,565569,0.565569,single,2,10
single_multi_thread,117,560648,0.560648,single,2,10
single_multi_thread,118,566546,0.566546,single,2,10
single_multi_thread,119,566834,0.566834,single,2,10
single_multi_thread,120,569030,0.56903,single,2,10
single_multi_thread,121,566163,0.566163,single,2,10
single_multi_thread,122,586375,0.586375,single,2,10
single_multi_thread,123,584668,0.584668,single,2,10
single_multi_thread,124,581759,0.581759,single,2,10
single_multi_thread,125,582597,0.582597,single,2,10
single_multi_thread,126,577705,0.577705,single,2,10
single_multi_thread,127,567188,0.567188,single,2,10
single_multi_thread,128,567284,0.567284,single,2,10
single_multi_thread,129,564194,0.564194,single,2,10
single_multi_thread,130,571864,0.571864,single,2,10
single_multi_thread,131,566522,0.566522,single,2,10
single_multi_thread,132,566131,0.566131,single,2,10
single_multi_thread,133,583321,0.583321,single,2,10
single_multi_thread,134,584456,0.584456,single,2,10
single_multi_thread,135,583541,0.583541,single,2,10
single_multi_thread,136,580167,0.580167,single,2,10
single_multi_thread,137,579275,0.579275,single,2,10
single_multi_thread,138,562532,0.562532,single,2,10
single_multi_thread,139,566480,0.56648,single,2,10
single_multi_thread,140,562737,0.562737,single,2,10
single_multi_thread,141,564805,0.564805,single,2,10
single_multi_thread,142,571224,0.571224,single,2,10
single_multi_thread,143,565478,0.565478,single,2,10
single_multi_thread,144,635500,0.6355,single,2,10
single_multi_thread,145,621144,0.621144,single,2,10
single_multi_thread,146,576048,0.576048,single,2,10
single_multi_thread,147,568649,0.568649,single,2,10
single_multi_thread,148,567015,0.567015,single,2,10
single_multi_thread,149,567580,0.56758,single,2,10
single_multi_thread,150,563185,0.563185,single,2,10
single_multi_thread,151,589207,0.589207,single,2,10
single_multi_thread,152,578014,0.578014,single,2,10
single_multi_thread,153,582759,0.582759,single,2,10
single_multi_thread,154,581296,0.581296,single,2,10
single_multi_thread,155,582243,0.582243,single,2,10
single_multi_thread,156,564324,0.564324,single,2,10
single_multi_thread,157,564017,0.564017,single,2,10
single_multi_thread,158,587594,0.587594,single,2,10
single_multi_thread,159,583460,0.58346,single,2,10
single_multi_thread,160,580136,0.580136,single,2,10
single_multi_thread,161,584793,0.584793,single,2,10
single_multi_thread,162,579020,0.57902,single,2,10
single_multi_thread,163,565021,0.565021,single,2,10
single_multi_thread,164,569234,0.569234,single,2,10
single_multi_thread,165,568199,0.568199,single,2,10
single_multi_thread,166,570583,0.570583,single,2,10
single_multi_thread,167,562673,0.562673,single,2,10
single_multi_thread,168,566048,0.566048,single,2,10
single_multi_thread,169,578455,0.578455,single,2,10
single_multi_thread,170,582469,0.582469,single,2,10
single_multi_thread,171,580045,0.580045,single,2,10
single_multi_thread,172,582862,0.582862,single,2,10
single_multi_thread,173,584297,0.584297,single,2,10
single_multi_thread,174,564272,0.564272,single,2,10
single_multi_thread,175,570194,0.570194,single,2,10
single_multi_thread,176,575806,0.575806,single,2,10
single_multi_thread,177,583476,0.583476,single,2,10
single_multi_thread,178,578581,0.578581,single,2,10
single_multi_thread,179,583761,0.583761,single,2,10
single_multi_thread,180,584370,0.58437,single,2,10
single_multi_thread,181,579393,0.579393,single,2,10
single_multi_thread,182,584393,0.584393,single,2,10
single_multi_thread,183,580345,0.580345,single,2,10
single_multi_thread,184,595702,0.595702,single,2,10
single_multi_thread,185,566403,0.566403,single,2,10
single_multi_thread,186,562180,0.56218,single,2,10
single_multi_thread,187,570150,0.57015,single,2,10
single_multi_thread,188,565815,0.565815,single,2,10
single_multi_thread,189,571169,0.571169,single,2,10
single_multi_thread,190,562262,0.562262,single,2,10
single_multi_thread,191,588081,0.588081,single,2,10
single_multi_thread,192,584575,0.584575,single,2,10
single_multi_thread,193,580982,0.580982,single,2,10
single_multi_thread,194,584329,0.584329,single,2,10
single_multi_thread,195,577880,0.57788,single,2,10
single_multi_thread,196,567309,0.567309,single,2,10
single_multi_thread,197,565257,0.565257,single,2,10
single_multi_thread,198,585668,0.585668,single,2,10
single_multi_thread,199,583860,0.58386,single,2,10
single_multi_thread,200,601575,0.601575,single,2,10
single_multi_thread,201,687163,0.687163,single,2,10
single_multi_thread,202,1747675,1.747675,single,2,10
single_multi_thread,203,840764,0.840764,single,2,10
single_multi_thread,204,762046,0.762046,single,2,10
single_multi_thread,205,989022,0.989022,single,2,10
single_multi_thread,206,917715,0.917715,single,2,10
single_multi_thread,207,831459,0.831459,single,2,10
single_multi_thread,208,772857,0.772857,single,2,10
single_multi_thread,209,733798,0.733798,single,2,10
single_multi_thread,210,759678,0.759678,single,2,10
single_multi_thread,211,722501,0.722501,single,2,10
single_multi_thread,212,743852,0.743852,single,2,10
single_multi_thread,213,733952,0.733952,single,2,10
single_multi_thread,214,742647,0.742647,single,2,10
single_multi_thread,215,759954,0.759954,single,2,10
single_multi_thread,216,747792,0.747792,single,2,10
single_multi_thread,217,612876,0.612876,single,2,10
single_multi_thread,218,667760,0.66776,single,2,10
single_multi_thread,219,789619,0.789619,single,2,10
single_multi_thread,220,957331,0.957331,single,2,10
single_multi_thread,221,1740181,1.740181,single,2,10
single_multi_thread,222,743993,0.743993,single,2,10
single_multi_thread,223,776957,0.776957,single,2,10
single_multi_thread,224,850313,0.850313,single,2,10
single_multi_thread,225,786863,0.786863,single,2,10
single_multi_thread,226,804898,0.804898,single,2,10
single_multi_thread,227,1114035,1.114035,single,2,10
single_multi_thread,228,591549,0.591549,single,2,10
single_multi_thread,229,703953,0.703953,single,2,10
single_multi_thread,230,682978,0.682978,single,2,10
single_multi_thread,231,688131,0.688131,single,2,10
single_multi_thread,232,587076,0.587076,single,2,10
single_multi_thread,233,585667,0.585667,single,2,10
single_multi_thread,234,581008,0.581008,single,2,10
single_multi_thread,235,599773,0.599773,single,2,10
single_multi_thread,236,578579,0.578579,single,2,10
single_multi_thread,237,584358,0.584358,single,2,10
single_multi_thread,238,578694,0.578694,single,2,10
single_multi_thread,239,592977,0.592977,single,2,10
single_multi_thread,240,584304,0.584304,single,2,10
single_multi_thread,241,578112,0.578112,single,2,10
single_multi_thread,242,591924,0.591924,single,2,10
single_multi_thread,243,580499,0.580499,single,2,10
single_multi_thread,244,589468,0.589468,single,2,10
single_multi_thread,245,585289,0.585289,single,2,10
single_multi_thread,246,581402,0.581402,single,2,10
single_multi_thread,247,584106,0.584106,single,2,10
single_multi_thread,248,578303,0.578303,single,2,10
single_multi_thread,249,590821,0.590821,single,2,10
single_multi_thread,250,579241,0.579241,single,2,10
single_multi_thread,251,601862,0.601862,single,2,10
single_multi_thread,252,583504,0.583504,single,2,10
single_multi_thread,253,582732,0.582732,single,2,10
single_multi_thread,254,585099,0.585099,single,2,10
single_multi_thread,255,579977,0.579977,single,2,10
single_multi_thread,256,590941,0.590941,single,2,10
single_multi_thread,257,587665,0.587665,single,2,10
single_multi_thread,258,579100,0.5791,single,2,10
single_multi_thread,259,588403,0.588403,single,2,10
single_multi_thread,260,587025,0.587025,single,2,10
single_multi_thread,261,583981,0.583981,single,2,10
single_multi_thread,262,583395,0.583395,single,2,10
single_multi_thread,263,579922,0.579922,single,2,10
single_multi_thread,264,582750,0.58275,single,2,10
single_multi_thread,265,579723,0.579723,single,2,10
single_multi_thread,266,581282,0.581282,single,2,10
single_multi_thread,267,591488,0.591488,single,2,10
single_multi_thread,268,580439,0.580439,single,2,10
single_multi_thread,269,584250,0.58425,single,2,10
single_multi_thread,270,583320,0.58332,single,2,10
single_multi_thread,271,589427,0.589427,single,2,10
single_multi_thread,272,579810,0.57981,single,2,10
single_multi_thread,273,582871,0.582871,single,2,10
single_multi_thread,274,586058,0.586058,single,2,10
single_multi_thread,275,579825,0.579825,single,2,10
single_multi_thread,276,582053,0.582053,single,2,10
single_multi_thread,277,577478,0.577478,single,2,10
single_multi_thread,278,584220,0.58422,single,2,10
single_multi_thread,279,581155,0.581155,single,2,10
single_multi_thread,280,672784,0.672784,single,2,10
single_multi_thread,281,745997,0.745997,single,2,10
single_multi_thread,282,761758,0.761758,single,2,10
single_multi_thread,283,762143,0.762143,single,2,10
single_multi_thread,284,827795,0.827795,single,2,10
single_multi_thread,285,827793,0.827793,single,2,10
single_multi_thread,286,844693,0.844693,single,2,10
single_multi_thread,287,807392,0.807392,single,2,10
single_multi_thread,288,685758,0.685758,single,2,10
single_multi_thread,289,682044,0.682044,single,2,10
single_multi_thread,290,689962,0.689962,single,2,10
single_multi_thread,291,680686,0.680686,single,2,10
single_multi_thread,292,689767,0.689767,single,2,10
single_multi_thread,293,695339,0.695339,single,2,10
single_multi_thread,294,776429,0.776429,single,2,10
single_multi_thread,295,695017,0.695017,single,2,10
single_multi_thread,296,720864,0.720864,single,2,10
single_multi_thread,297,687374,0.687374,single,2,10
single_multi_thread,298,706115,0.706115,single,2,10
single_multi_thread,299,702492,0.702492,single,2,10
single_multi_thread,300,699203,0.699203,single,2,10
single_multi_thread,301,679411,0.679411,single,2,10
single_multi_thread,302,664044,0.664044,single,2,10
single_multi_thread,303,688737,0.688737,single,2,10
single_multi_thread,304,699246,0.699246,single,2,10
single_multi_thread,305,629669,0.629669,single,2,10
single_multi_thread,306,609735,0.609735,single,2,10
single_multi_thread,307,758067,0.758067,single,2,10
single_multi_thread,308,730334,0.730334,single,2,10
single_multi_thread,309,681875,0.681875,single,2,10
single_multi_thread,310,626272,0.626272,single,2,10
single_multi_thread,311,606876,0.606876,single,2,10
single_multi_thread,312,579021,0.579021,single,2,10
single_multi_thread,313,548816,0.548816,single,2,10
single_multi_thread,314,557297,0.557297,single,2,10
single_multi_thread,315,552272,0.552272,single,2,10
single_multi_thread,316,556008,0.556008,single,2,10
single_multi_thread,317,551436,0.551436,single,2,10
single_multi_thread,318,583393,0.583393,single,2,10
single_multi_thread,319,587719,0.587719,single,2,10
single_multi_thread,320,580085,0.580085,single,2,10
single_multi_thread,321,585679,0.585679,single,2,10
single_multi_thread,322,582954,0.582954,single,2,10
single_multi_thread,323,578830,0.57883,single,2,10
single_multi_thread,324,575015,0.575015,single,2,10
single_multi_thread,325,582738,0.582738,single,2,10
single_multi_thread,326,619664,0.619664,single,2,10
single_multi_thread,327,590069,0.590069,single,2,10
single_multi_thread,328,581758,0.581758,single,2,10
single_multi_thread,329,590892,0.590892,single,2,10
single_multi_thread,330,578077,0.578077,single,2,10
single_multi_thread,331,622940,0.62294,single,2,10
single_multi_thread,332,593607,0.593607,single,2,10
single_multi_thread,333,580169,0.580169,single,2,10
single_multi_thread,334,581397,0.581397,single,2,10
single_multi_thread,335,580412,0.580412,single,2,10
single_multi_thread,336,586461,0.586461,single,2,10
single_multi_thread,337,580786,0.580786,single,2,10
single_multi_thread,338,584445,0.584445,single,2,10
single_multi_thread,339,584591,0.584591,single,2,10
single_multi_thread,340,578305,0.578305,single,2,10
single_multi_thread,341,588185,0.588185,single,2,10
single_multi_thread,342,586390,0.58639,single,2,10
single_multi_thread,343,588065,0.588065,single,2,10
single_multi_thread,344,589187,0.589187,single,2,10
single_multi_thread,345,581154,0.581154,single,2,10
single_multi_thread,346,598850,0.59885,single,2,10
single_multi_thread,347,581192,0.581192,single,2,10
single_multi_thread,348,579641,0.579641,single,2,10
single_multi_thread,349,583960,0.58396,single,2,10
single_multi_thread,350,583077,0.583077,single,2,10
single_multi_thread,351,586619,0.586619,single,2,10
single_multi_thread,352,579750,0.57975,single,2,10
single_multi_thread,353,586595,0.586595,single,2,10
single_multi_thread,354,579391,0.579391,single,2,10
single_multi_thread,355,582651,0.582651,single,2,10
single_multi_thread,356,581828,0.581828,single,2,10
single_multi_thread,357,583264,0.583264,single,2,10
single_multi_thread,358,585291,0.585291,single,2,10
single_multi_thread,359,579456,0.579456,single,2,10
single_multi_thread,360,587415,0.587415,single,2,10
single_multi_thread,361,580422,0.580422,single,2,10
single_multi_thread,362,580735,0.580735,single,2,10
single_multi_thread,363,584043,0.584043,single,2,10
single_multi_thread,364,581347,0.581347,single,2,10
single_multi_thread,365,584803,0.584803,single,2,10
single_multi_thread,366,579908,0.579908,single,2,10
single_multi_thread,367,599106,0.599106,single,2,10
single_multi_thread,368,593222,0.593222,single,2,10
single_multi_thread,369,579570,0.57957,single,2,10
single_multi_thread,370,585301,0.585301,single,2,10
single_multi_thread,371,582910,0.58291,single,2,10
single_multi_thread,372,588423,0.588423,single,2,10
single_multi_thread,373,585304,0.585304,single,2,10
single_multi_thread,374,584669,0.584669,single,2,10
single_multi_thread,375,588376,0.588376,single,2,10
single_multi_thread,376,580683,0.580683,single,2,10
single_multi_thread,377,582734,0.582734,single,2,10
single_multi_thread,378,594370,0.59437,single,2,10
single_multi_thread,379,579939,0.579939,single,2,10
single_multi_thread,380,583377,0.583377,single,2,10
single_multi_thread,381,579936,0.579936,single,2,10
single_multi_thread,382,584576,0.584576,single,2,10
single_multi_thread,383,578318,0.578318,single,2,10
single_multi_thread,384,581242,0.581242,single,2,10
single_multi_thread,385,584888,0.584888,single,2,10
single_multi_thread,386,580279,0.580279,single,2,10
single_multi_thread,387,583654,0.583654,single,2,10
single_multi_thread,388,580036,0.580036,single,2,10
single_multi_thread,389,589664,0.589664,single,2,10
single_multi_thread,390,583535,0.583535,single,2,10
single_multi_thread,391,580922,0.580922,single,2,10
single_multi_thread,392,582915,0.582915,single,2,10
single_multi_thread,393,581758,0.581758,single,2,10
single_multi_thread,394,581440,0.58144,single,2,10
single_multi_thread,395,578734,0.578734,single,2,10
single_multi_thread,396,580284,0.580284,single,2,10
single_multi_thread,397,583100,0.5831,single,2,10
single_multi_thread,398,580093,0.580093,single,2,10
single_multi_thread,399,589210,0.58921,single,2,10
single_multi_thread,400,583034,0.583034,single,2,10
single_multi_thread,401,584007,0.584007,single,2,10
single_multi_thread,402,586517,0.586517,single,2,10
single_multi_thread,403,598587,0.598587,single,2,10
single_multi_thread,404,581752,0.581752,single,2,10
single_multi_thread,405,581633,0.581633,single,2,10
single_multi_thread,406,582608,0.582608,single,2,10
single_multi_thread,407,582738,0.582738,single,2,10
single_multi_thread,408,578275,0.578275,single,2,10
single_multi_thread,409,584410,0.58441,single,2,10
single_multi_thread,410,578816,0.578816,single,2,10
single_multi_thread,411,586836,0.586836,single,2,10
single_multi_thread,412,581629,0.581629,single,2,10
single_multi_thread,413,596192,0.596192,single,2,10
single_multi_thread,414,586859,0.586859,single,2,10
single_multi_thread,415,581238,0.581238,single,2,10
single_multi_thread,416,583971,0.583971,single,2,10
single_multi_thread,417,580961,0.580961,single,2,10
single_multi_thread,418,587337,0.587337,single,2,10
single_multi_thread,419,579893,0.579893,single,2,10
single_multi_thread,420,584290,0.58429,single,2,10
single_multi_thread,421,586200,0.5862,single,2,10
single_multi_thread,422,578528,0.578528,single,2,10
single_multi_thread,423,587885,0.587885,single,2,10
single_multi_thread,424,580165,0.580165,single,2,10
single_multi_thread,425,585890,0.58589,single,2,10
single_multi_thread,426,583007,0.583007,single,2,10
single_multi_thread,427,580783,0.580783,single,2,10
single_multi_thread,428,591360,0.59136,single,2,10
single_multi_thread,429,584648,0.584648,single,2,10
single_multi_thread,430,584079,0.584079,single,2,10
single_multi_thread,431,587957,0.587957,single,2,10
single_multi_thread,432,585702,0.585702,single,2,10
single_multi_thread,433,583725,0.583725,single,2,10
single_multi_thread,434,581010,0.58101,single,2,10
single_multi_thread,435,586018,0.586018,single,2,10
single_multi_thread,436,583572,0.583572,single,2,10
single_multi_thread,437,582772,0.582772,single,2,10
single_multi_thread,438,581428,0.581428,single,2,10
single_multi_thread,439,585688,0.585688,single,2,10
single_multi_thread,440,583675,0.583675,single,2,10
single_multi_thread,441,581056,0.581056,single,2,10
single_multi_thread,442,581057,0.581057,single,2,10
single_multi_thread,443,583790,0.58379,single,2,10
single_multi_thread,444,584402,0.584402,single,2,10
single_multi_thread,445,587635,0.587635,single,2,10
single_multi_thread,446,583659,0.583659,single,2,10
single_multi_thread,447,585274,0.585274,single,2,10
single_multi_thread,448,581521,0.581521,single,2,10
single_multi_thread,449,583899,0.583899,single,2,10
single_multi_thread,450,586543,0.586543,single,2,10
single_multi_thread,451,585164,0.585164,single,2,10
single_multi_thread,452,596146,0.596146,single,2,10
single_multi_thread,453,586987,0.586987,single,2,10
single_multi_thread,454,581788,0.581788,single,2,10
single_multi_thread,455,587859,0.587859,single,2,10
single_multi_thread,456,580649,0.580649,single,2,10
single_multi_thread,457,587218,0.587218,single,2,10
single_multi_thread,458,580102,0.580102,single,2,10
single_multi_thread,459,585161,0.585161,single,2,10
single_multi_thread,460,580065,0.580065,single,2,10
single_multi_thread,461,585071,0.585071,single,2,10
single_multi_thread,462,576569,0.576569,single,2,10
single_multi_thread,463,579448,0.579448,single,2,10
single_multi_thread,464,586260,0.58626,single,2,10
single_multi_thread,465,580445,0.580445,single,2,10
single_multi_thread,466,584391,0.584391,single,2,10
single_multi_thread,467,583993,0.583993,single,2,10
single_multi_thread,468,583288,0.583288,single,2,10
single_multi_thread,469,586015,0.586015,single,2,10
single_multi_thread,470,581906,0.581906,single,2,10
single_multi_thread,471,586243,0.586243,single,2,10
single_multi_thread,472,587002,0.587002,single,2,10
single_multi_thread,473,580727,0.580727,single,2,10
single_multi_thread,474,582929,0.582929,single,2,10
single_multi_thread,475,582357,0.582357,single,2,10
single_multi_thread,476,585825,0.585825,single,2,10
single_multi_thread,477,582207,0.582207,single,2,10
single_multi_thread,478,585677,0.585677,single,2,10
single_multi_thread,479,588765,0.588765,single,2,10
single_multi_thread,480,581929,0.581929,single,2,10
single_multi_thread,481,582254,0.582254,single,2,10
single_multi_thread,482,583259,0.583259,single,2,10
single_multi_thread,483,582639,0.582639,single,2,10
single_multi_thread,484,579339,0.579339,single,2,10
single_multi_thread,485,582476,0.582476,single,2,10
single_multi_thread,486,593073,0.593073,single,2,10
single_multi_thread,487,579569,0.579569,single,2,10
single_multi_thread,488,584988,0.584988,single,2,10
single_multi_thread,489,582481,0.582481,single,2,10
single_multi_thread,490,583560,0.58356,single,2,10
single_multi_thread,491,583622,0.583622,single,2,10
single_multi_thread,492,578867,0.578867,single,2,10
single_multi_thread,493,589698,0.589698,single,2,10
single_multi_thread,494,580117,0.580117,single,2,10
single_multi_thread,495,587117,0.587117,single,2,10
single_multi_thread,496,583415,0.583415,single,2,10
single_multi_thread,497,583206,0.583206,single,2,10
single_multi_thread,498,583810,0.58381,single,2,10
single_multi_thread,499,579955,0.579955,single,2,10
single_multi_thread,500,600655,0.600655,single,2,10
single_multi_thread,501,580845,0.580845,single,2,10
single_multi_thread,502,585264,0.585264,single,2,10
single_multi_thread,503,580663,0.580663,single,2,10
single_multi_thread,504,582713,0.582713,single,2,10
single_multi_thread,505,583113,0.583113,single,2,10
single_multi_thread,506,579074,0.579074,single,2,10
single_multi_thread,507,587034,0.587034,single,2,10
single_multi_thread,508,584711,0.584711,single,2,10
single_multi_thread,509,580857,0.580857,single,2,10
single_multi_thread,510,587493,0.587493,single,2,10
single_multi_thread,511,581516,0.581516,single,2,10
single_multi_thread,512,584361,0.584361,single,2,10
single_multi_thread,513,584211,0.584211,single,2,10
single_multi_thread,514,580604,0.580604,single,2,10
single_multi_thread,515,580569,0.580569,single,2,10
single_multi_thread,516,579627,0.579627,single,2,10
single_multi_thread,517,579435,0.579435,single,2,10
single_multi_thread,518,582283,0.582283,single,2,10
single_multi_thread,519,582178,0.582178,single,2,10
single_multi_thread,520,583867,0.583867,single,2,10
single_multi_thread,521,580093,0.580093,single,2,10
single_multi_thread,522,582442,0.582442,single,2,10
single_multi_thread,523,578706,0.578706,single,2,10
single_multi_thread,524,577830,0.57783,single,2,10
single_multi_thread,525,583779,0.583779,single,2,10
single_multi_thread,526,579802,0.579802,single,2,10
single_multi_thread,527,583807,0.583807,single,2,10
single_multi_thread,528,580612,0.580612,single,2,10
single_multi_thread,529,586094,0.586094,single,2,10
single_multi_thread,530,581613,0.581613,single,2,10
single_multi_thread,531,583289,0.583289,single,2,10
single_multi_thread,532,586489,0.586489,single,2,10
single_multi_thread,533,579831,0.579831,single,2,10
single_multi_thread,534,581768,0.581768,single,2,10
single_multi_thread,535,580629,0.580629,single,2,10
single_multi_thread,536,585140,0.58514,single,2,10
single_multi_thread,537,583253,0.583253,single,2,10
single_multi_thread,538,584835,0.584835,single,2,10
single_multi_thread,539,583075,0.583075,single,2,10
single_multi_thread,540,586100,0.5861,single,2,10
single_multi_thread,541,584479,0.584479,single,2,10
single_multi_thread,542,583932,0.583932,single,2,10
single_multi_thread,543,590040,0.59004,single,2,10
single_multi_thread,544,582793,0.582793,single,2,10
single_multi_thread,545,587067,0.587067,single,2,10
single_multi_thread,546,594520,0.59452,single,2,10
single_multi_thread,547,596036,0.596036,single,2,10
single_multi_thread,548,590371,0.590371,single,2,10
single_multi_thread,549,582554,0.582554,single,2,10
single_multi_thread,550,574947,0.574947,single,2,10
single_multi_thread,551,585617,0.585617,single,2,10
single_multi_thread,552,581074,0.581074,single,2,10
single_multi_thread,553,582217,0.582217,single,2,10
single_multi_thread,554,584013,0.584013,single,2,10
single_multi_thread,555,579972,0.579972,single,2,10
single_multi_thread,556,590553,0.590553,single,2,10
single_multi_thread,557,580514,0.580514,single,2,10
single_multi_thread,558,586449,0.586449,single,2,10
single_multi_thread,559,580707,0.580707,single,2,10
single_multi_thread,560,582031,0.582031,single,2,10
single_multi_thread,561,589177,0.589177,single,2,10
single_multi_thread,562,581252,0.581252,single,2,10
single_multi_thread,563,582627,0.582627,single,2,10
single_multi_thread,564,579437,0.579437,single,2,10
single_multi_thread,565,587657,0.587657,single,2,10
single_multi_thread,566,579432,0.579432,single,2,10
single_multi_thread,567,581000,0.581,single,2,10
single_multi_thread,568,585809,0.585809,single,2,10
single_multi_thread,569,579003,0.579003,single,2,10
single_multi_thread,570,591711,0.591711,single,2,10
single_multi_thread,571,580357,0.580357,single,2,10
single_multi_thread,572,586676,0.586676,single,2,10
single_multi_thread,573,583747,0.583747,single,2,10
single_multi_thread,574,593440,0.59344,single,2,10
single_multi_thread,575,584652,0.584652,single,2,10
single_multi_thread,576,581768,0.581768,single,2,10
single_multi_thread,577,578462,0.578462,single,2,10
single_multi_thread,578,579831,0.579831,single,2,10
single_multi_thread,579,583300,0.5833,single,2,10
single_multi_thread,580,584518,0.584518,single,2,10
single_multi_thread,581,579813,0.579813,single,2,10
single_multi_thread,582,582717,0.582717,single,2,10
single_multi_thread,583,581759,0.581759,single,2,10
single_multi_thread,584,580754,0.580754,single,2,10
single_multi_thread,585,587729,0.587729,single,2,10
single_multi_thread,586,607430,0.60743,single,2,10
single_multi_thread,587,584199,0.584199,single,2,10
single_multi_thread,588,579974,0.579974,single,2,10
single_multi_thread,589,582286,0.582286,single,2,10
single_multi_thread,590,583789,0.583789,single,2,10
single_multi_thread,591,581754,0.581754,single,2,10
single_multi_thread,592,584113,0.584113,single,2,10
single_multi_thread,593,581435,0.581435,single,2,10
single_multi_thread,594,591202,0.591202,single,2,10
single_multi_thread,595,582324,0.582324,single,2,10
single_multi_thread,596,580384,0.580384,single,2,10
single_multi_thread,597,586420,0.58642,single,2,10
single_multi_thread,598,580787,0.580787,single,2,10
single_multi_thread,599,585550,0.58555,single,2,10
single_multi_thread,600,584005,0.584005,single,2,10
single_multi_thread,601,584493,0.584493,single,2,10
single_multi_thread,602,587147,0.587147,single,2,10
single_multi_thread,603,580883,0.580883,single,2,10
single_multi_thread,604,584904,0.584904,single,2,10
single_multi_thread,605,579764,0.579764,single,2,10
single_multi_thread,606,584590,0.58459,single,2,10
single_multi_thread,607,581567,0.581567,single,2,10
single_multi_thread,608,581313,0.581313,single,2,10
single_multi_thread,609,583839,0.583839,single,2,10
single_multi_thread,610,580091,0.580091,single,2,10
single_multi_thread,611,586680,0.58668,single,2,10
single_multi_thread,612,578305,0.578305,single,2,10
single_multi_thread,613,581899,0.581899,single,2,10
single_multi_thread,614,583567,0.583567,single,2,10
single_multi_thread,615,588710,0.58871,single,2,10
single_multi_thread,616,587710,0.58771,single,2,10
single_multi_thread,617,579680,0.57968,single,2,10
single_multi_thread,618,584188,0.584188,single,2,10
single_multi_thread,619,585223,0.585223,single,2,10
single_multi_thread,620,577834,0.577834,single,2,10
single_multi_thread,621,583139,0.583139,single,2,10
single_multi_thread,622,583468,0.583468,single,2,10
single_multi_thread,623,581853,0.581853,single,2,10
single_multi_thread,624,580813,0.580813,single,2,10
single_multi_thread,625,585345,0.585345,single,2,10
single_multi_thread,626,583951,0.583951,single,2,10
single_multi_thread,627,580531,0.580531,single,2,10
single_multi_thread,628,584202,0.584202,single,2,10
single_multi_thread,629,582485,0.582485,single,2,10
single_multi_thread,630,583177,0.583177,single,2,10
single_multi_thread,631,583476,0.583476,single,2,10
single_multi_thread,632,580807,0.580807,single,2,10
single_multi_thread,633,600919,0.600919,single,2,10
single_multi_thread,634,579258,0.579258,single,2,10
single_multi_thread,635,591608,0.591608,single,2,10
single_multi_thread,636,589265,0.589265,single,2,10
single_multi_thread,637,581600,0.5816,single,2,10
single_multi_thread,638,583791,0.583791,single,2,10
single_multi_thread,639,579330,0.57933,single,2,10
single_multi_thread,640,580974,0.580974,single,2,10
single_multi_thread,641,584498,0.584498,single,2,10
single_multi_thread,642,584632,0.584632,single,2,10
single_multi_thread,643,586459,0.586459,single,2,10
single_multi_thread,644,603184,0.603184,single,2,10
single_multi_thread,645,582517,0.582517,single,2,10
single_multi_thread,646,581339,0.581339,single,2,10
single_multi_thread,647,586689,0.586689,single,2,10
single_multi_thread,648,583130,0.58313,single,2,10
single_multi_thread,649,582939,0.582939,single,2,10
single_multi_thread,650,583800,0.5838,single,2,10
single_multi_thread,651,590008,0.590008,single,2,10
single_multi_thread,652,585253,0.585253,single,2,10
single_multi_thread,653,582107,0.582107,single,2,10
single_multi_thread,654,592734,0.592734,single,2,10
single_multi_thread,655,586372,0.586372,single,2,10
single_multi_thread,656,581295,0.581295,single,2,10
single_multi_thread,657,584555,0.584555,single,2,10
single_multi_thread,658,585020,0.58502,single,2,10
single_multi_thread,659,586344,0.586344,single,2,10
single_multi_thread,660,585458,0.585458,single,2,10
single_multi_thread,661,581707,0.581707,single,2,10
single_multi_thread,662,587267,0.587267,single,2,10
single_multi_thread,663,582410,0.58241,single,2,10
single_multi_thread,664,584863,0.584863,single,2,10
single_multi_thread,665,590103,0.590103,single,2,10
single_multi_thread,666,581317,0.581317,single,2,10
single_multi_thread,667,585465,0.585465,single,2,10
single_multi_thread,668,580947,0.580947,single,2,10
single_multi_thread,669,587645,0.587645,single,2,10
single_multi_thread,670,580897,0.580897,single,2,10
single_multi_thread,671,583735,0.583735,single,2,10
single_multi_thread,672,601480,0.60148,single,2,10
single_multi_thread,673,579439,0.579439,single,2,10
single_multi_thread,674,582759,0.582759,single,2,10
single_multi_thread,675,580411,0.580411,single,2,10
single_multi_thread,676,588465,0.588465,single,2,10
single_multi_thread,677,577992,0.577992,single,2,10
single_multi_thread,678,581900,0.5819,single,2,10
single_multi_thread,679,586051,0.586051,single,2,10
single_multi_thread,680,580744,0.580744,single,2,10
single_multi_thread,681,584423,0.584423,single,2,10
single_multi_thread,682,581247,0.581247,single,2,10
single_multi_thread,683,586625,0.586625,single,2,10
single_multi_thread,684,590982,0.590982,single,2,10
single_multi_thread,685,580779,0.580779,single,2,10
single_multi_thread,686,584648,0.584648,single,2,10
single_multi_thread,687,584173,0.584173,single,2,10
single_multi_thread,688,579656,0.579656,single,2,10
single_multi_thread,689,584846,0.584846,single,2,10
single_multi_thread,690,582792,0.582792,single,2,10
single_multi_thread,691,588652,0.588652,single,2,10
single_multi_thread,692,582042,0.582042,single,2,10
single_multi_thread,693,578801,0.578801,single,2,10
single_multi_thread,694,586187,0.586187,single,2,10
single_multi_thread,695,580802,0.580802,single,2,10
single_multi_thread,696,582079,0.582079,single,2,10
single_multi_thread,697,582709,0.582709,single,2,10
single_multi_thread,698,585035,0.585035,single,2,10
single_multi_thread,699,581639,0.581639,single,2,10
single_multi_thread,700,583368,0.583368,single,2,10
single_multi_thread,701,587040,0.58704,single,2,10
single_multi_thread,702,587698,0.587698,single,2,10
single_multi_thread,703,582235,0.582235,single,2,10
single_multi_thread,704,584642,0.584642,single,2,10
single_multi_thread,705,582552,0.582552,single,2,10
single_multi_thread,706,585769,0.585769,single,2,10
single_multi_thread,707,581250,0.58125,single,2,10
single_multi_thread,708,584479,0.584479,single,2,10
single_multi_thread,709,583199,0.583199,single,2,10
single_multi_thread,710,584417,0.584417,single,2,10
single_multi_thread,711,581308,0.581308,single,2,10
single_multi_thread,712,586496,0.586496,single,2,10
single_multi_thread,713,584936,0.584936,single,2,10
single_multi_thread,714,584731,0.584731,single,2,10
single_multi_thread,715,589362,0.589362,single,2,10
single_multi_thread,716,582491,0.582491,single,2,10
single_multi_thread,717,584831,0.584831,single,2,10
single_multi_thread,718,582264,0.582264,single,2,10
single_multi_thread,719,586743,0.586743,single,2,10
single_multi_thread,720,580499,0.580499,single,2,10
single_multi_thread,721,580783,0.580783,single,2,10
single_multi_thread,722,588990,0.58899,single,2,10
single_multi_thread,723,582957,0.582957,single,2,10
single_multi_thread,724,594817,0.594817,single,2,10
single_multi_thread,725,583782,0.583782,single,2,10
single_multi_thread,726,584769,0.584769,single,2,10
single_multi_thread,727,564015,0.564015,single,2,10
single_multi_thread,728,568925,0.568925,single,2,10
single_multi_thread,729,569311,0.569311,single,2,10
single_multi_thread,730,592892,0.592892,single,2,10
single_multi_thread,731,581308,0.581308,single,2,10
single_multi_thread,732,584550,0.58455,single,2,10
single_multi_thread,733,586540,0.58654,single,2,10
single_multi_thread,734,584736,0.584736,single,2,10
single_multi_thread,735,580900,0.5809,single,2,10
single_multi_thread,736,584237,0.584237,single,2,10
single_multi_thread,737,587692,0.587692,single,2,10
single_multi_thread,738,581441,0.581441,single,2,10
single_multi_thread,739,583865,0.583865,single,2,10
single_multi_thread,740,583124,0.583124,single,2,10
single_multi_thread,741,592330,0.59233,single,2,10
single_multi_thread,742,585408,0.585408,single,2,10
single_multi_thread,743,581275,0.581275,single,2,10
single_multi_thread,744,590406,0.590406,single,2,10
single_multi_thread,745,591279,0.591279,single,2,10
single_multi_thread,746,585052,0.585052,single,2,10
single_multi_thread,747,588434,0.588434,single,2,10
single_multi_thread,748,581779,0.581779,single,2,10
single_multi_thread,749,584588,0.584588,single,2,10
single_multi_thread,750,580879,0.580879,single,2,10
single_multi_thread,751,588324,0.588324,single,2,10
single_multi_thread,752,583342,0.583342,single,2,10
single_multi_thread,753,586054,0.586054,single,2,10
single_multi_thread,754,582693,0.582693,single,2,10
single_multi_thread,755,588096,0.588096,single,2,10
single_multi_thread,756,585189,0.585189,single,2,10
single_multi_thread,757,581520,0.58152,single,2,10
single_multi_thread,758,586160,0.58616,single,2,10
single_multi_thread,759,583392,0.583392,single,2,10
single_multi_thread,760,581980,0.58198,single,2,10
single_multi_thread,761,581362,0.581362,single,2,10
single_multi_thread,762,584972,0.584972,single,2,10
single_multi_thread,763,581795,0.581795,single,2,10
single_multi_thread,764,582799,0.582799,single,2,10
single_multi_thread,765,591590,0.59159,single,2,10
single_multi_thread,766,583605,0.583605,single,2,10
single_multi_thread,767,580201,0.580201,single,2,10
single_multi_thread,768,584811,0.584811,single,2,10
single_multi_thread,769,583346,0.583346,single,2,10
single_multi_thread,770,590939,0.590939,single,2,10
single_multi_thread,771,585206,0.585206,single,2,10
single_multi_thread,772,587982,0.587982,single,2,10
single_multi_thread,773,589919,0.589919,single,2,10
single_multi_thread,774,580149,0.580149,single,2,10
single_multi_thread,775,584925,0.584925,single,2,10
single_multi_thread,776,586171,0.586171,single,2,10
single_multi_thread,777,581440,0.58144,single,2,10
single_multi_thread,778,582376,0.582376,single,2,10
single_multi_thread,779,583105,0.583105,single,2,10
single_multi_thread,780,586697,0.586697,single,2,10
single_multi_thread,781,581526,0.581526,single,2,10
single_multi_thread,782,583109,0.583109,single,2,10
single_multi_thread,783,584954,0.584954,single,2,10
single_multi_thread,784,580585,0.580585,single,2,10
single_multi_thread,785,582756,0.582756,single,2,10
single_multi_thread,786,584322,0.584322,single,2,10
single_multi_thread,787,594159,0.594159,single,2,10
single_multi_thread,788,585797,0.585797,single,2,10
single_multi_thread,789,580262,0.580262,single,2,10
single_multi_thread,790,586773,0.586773,single,2,10
single_multi_thread,791,579588,0.579588,single,2,10
single_multi_thread,792,582758,0.582758,single,2,10
single_multi_thread,793,582140,0.58214,single,2,10
single_multi_thread,794,586191,0.586191,single,2,10
single_multi_thread,795,579429,0.579429,single,2,10
single_multi_thread,796,584641,0.584641,single,2,10
single_multi_thread,797,586122,0.586122,single,2,10
single_multi_thread,798,582995,0.582995,single,2,10
single_multi_thread,799,582260,0.58226,single,2,10
single_multi_thread,800,583892,0.583892,single,2,10
single_multi_thread,801,583735,0.583735,single,2,10
single_multi_thread,802,588262,0.588262,single,2,10
single_multi_thread,803,581549,0.581549,single,2,10
single_multi_thread,804,593698,0.593698,single,2,10
single_multi_thread,805,585138,0.585138,single,2,10
single_multi_thread,806,579526,0.579526,single,2,10
single_multi_thread,807,584122,0.584122,single,2,10
single_multi_thread,808,583562,0.583562,single,2,10
single_multi_thread,809,581850,0.58185,single,2,10
single_multi_thread,810,579840,0.57984,single,2,10
single_multi_thread,811,583809,0.583809,single,2,10
single_multi_thread,812,586651,0.586651,single,2,10
single_multi_thread,813,583483,0.583483,single,2,10
single_multi_thread,814,589967,0.589967,single,2,10
single_multi_thread,815,586258,0.586258,single,2,10
single_multi_thread,816,584621,0.584621,single,2,10
single_multi_thread,817,583407,0.583407,single,2,10
single_multi_thread,818,582344,0.582344,single,2,10
single_multi_thread,819,584845,0.584845,single,2,10
single_multi_thread,820,580627,0.580627,single,2,10
single_multi_thread,821,580985,0.580985,single,2,10
single_multi_thread,822,584383,0.584383,single,2,10
single_multi_thread,823,587348,0.587348,single,2,10
single_multi_thread,824,587569,0.587569,single,2,10
single_multi_thread,825,582162,0.582162,single,2,10
single_multi_thread,826,586384,0.586384,single,2,10
single_multi_thread,827,582351,0.582351,single,2,10
single_multi_thread,828,587158,0.587158,single,2,10
single_multi_thread,829,582914,0.582914,single,2,10
single_multi_thread,830,584740,0.58474,single,2,10
single_multi_thread,831,585717,0.585717,single,2,10
single_multi_thread,832,581453,0.581453,single,2,10
single_multi_thread,833,590378,0.590378,single,2,10
single_multi_thread,834,586643,0.586643,single,2,10
single_multi_thread,835,580332,0.580332,single,2,10
single_multi_thread,836,582067,0.582067,single,2,10
single_multi_thread,837,583696,0.583696,single,2,10
single_multi_thread,838,582941,0.582941,single,2,10
single_multi_thread,839,578471,0.578471,single,2,10
single_multi_thread,840,583619,0.583619,single,2,10
single_multi_thread,841,586889,0.586889,single,2,10
single_multi_thread,842,579938,0.579938,single,2,10
single_multi_thread,843,583168,0.583168,single,2,10
single_multi_thread,844,586451,0.586451,single,2,10
single_multi_thread,845,583996,0.583996,single,2,10
single_multi_thread,846,583873,0.583873,single,2,10
single_multi_thread,847,582044,0.582044,single,2,10
single_multi_thread,848,584539,0.584539,single,2,10
single_multi_thread,849,579191,0.579191,single,2,10
single_multi_thread,850,584432,0.584432,single,2,10
single_multi_thread,851,583196,0.583196,single,2,10
single_multi_thread,852,584510,0.58451,single,2,10
single_multi_thread,853,582230,0.58223,single,2,10
single_multi_thread,854,582649,0.582649,single,2,10
single_multi_thread,855,590288,0.590288,single,2,10
single_multi_thread,856,582602,0.582602,single,2,10
single_multi_thread,857,582120,0.58212,single,2,10
single_multi_thread,858,587061,0.587061,single,2,10
single_multi_thread,859,582368,0.582368,single,2,10
single_multi_thread,860,583314,0.583314,single,2,10
single_multi_thread,861,587578,0.587578,single,2,10
single_multi_thread,862,584641,0.584641,single,2,10
single_multi_thread,863,581099,0.581099,single,2,10
single_multi_thread,864,580299,0.580299,single,2,10
single_multi_thread,865,582034,0.582034,single,2,10
single_multi_thread,866,584353,0.584353,single,2,10
single_multi_thread,867,585348,0.585348,single,2,10
single_multi_thread,868,581294,0.581294,single,2,10
single_multi_thread,869,586244,0.586244,single,2,10
single_multi_thread,870,581843,0.581843,single,2,10
single_multi_thread,871,581519,0.581519,single,2,10
single_multi_thread,872,580591,0.580591,single,2,10
single_multi_thread,873,585892,0.585892,single,2,10
single_multi_thread,874,584034,0.584034,single,2,10
single_multi_thread,875,581667,0.581667,single,2,10
single_multi_thread,876,585656,0.585656,single,2,10
single_multi_thread,877,582657,0.582657,single,2,10
single_multi_thread,878,581509,0.581509,single,2,10
single_multi_thread,879,583017,0.583017,single,2,10
single_multi_thread,880,590617,0.590617,single,2,10
single_multi_thread,881,583934,0.583934,single,2,10
single_multi_thread,882,584964,0.584964,single,2,10
single_multi_thread,883,588668,0.588668,single,2,10
single_multi_thread,884,594626,0.594626,single,2,10
single_multi_thread,885,581380,0.58138,single,2,10
single_multi_thread,886,581603,0.581603,single,2,10
single_multi_thread,887,589417,0.589417,single,2,10
single_multi_thread,888,584129,0.584129,single,2,10
single_multi_thread,889,584378,0.584378,single,2,10
single_multi_thread,890,584645,0.584645,single,2,10
single_multi_thread,891,588617,0.588617,single,2,10
single_multi_thread,892,579674,0.579674,single,2,10
single_multi_thread,893,582110,0.58211,single,2,10
single_multi_thread,894,587705,0.587705,single,2,10
single_multi_thread,895,580443,0.580443,single,2,10
single_multi_thread,896,619978,0.619978,single,2,10
single_multi_thread,897,581814,0.581814,single,2,10
single_multi_thread,898,593410,0.59341,single,2,10
single_multi_thread,899,587118,0.587118,single,2,10
single_multi_thread,900,581233,0.581233,single,2,10
single_multi_thread,901,588029,0.588029,single,2,10
single_multi_thread,902,580658,0.580658,single,2,10
single_multi_thread,903,583596,0.583596,single,2,10
single_multi_thread,904,582641,0.582641,single,2,10
single_multi_thread,905,584724,0.584724,single,2,10
single_multi_thread,906,584380,0.58438,single,2,10
single_multi_thread,907,580240,0.58024,single,2,10
single_multi_thread,908,586189,0.586189,single,2,10
single_multi_thread,909,582780,0.58278,single,2,10
single_multi_thread,910,584168,0.584168,single,2,10
single_multi_thread,911,581742,0.581742,single,2,10
single_multi_thread,912,585882,0.585882,single,2,10
single_multi_thread,913,586088,0.586088,single,2,10
single_multi_thread,914,580278,0.580278,single,2,10
single_multi_thread,915,585317,0.585317,single,2,10
single_multi_thread,916,594809,0.594809,single,2,10
single_multi_thread,917,579675,0.579675,single,2,10
single_multi_thread,918,591606,0.591606,single,2,10
single_multi_thread,919,592219,0.592219,single,2,10
single_multi_thread,920,586397,0.586397,single,2,10
single_multi_thread,921,583452,0.583452,single,2,10
single_multi_thread,922,583757,0.583757,single,2,10
single_multi_thread,923,584840,0.58484,single,2,10
single_multi_thread,924,577759,0.577759,single,2,10
single_multi_thread,925,581830,0.58183,single,2,10
single_multi_thread,926,593237,0.593237,single,2,10
single_multi_thread,927,585656,0.585656,single,2,10
single_multi_thread,928,605839,0.605839,single,2,10
single_multi_thread,929,581568,0.581568,single,2,10
single_multi_thread,930,588579,0.588579,single,2,10
single_multi_thread,931,581186,0.581186,single,2,10
single_multi_thread,932,583385,0.583385,single,2,10
single_multi_thread,933,591030,0.59103,single,2,10
single_multi_thread,934,578806,0.578806,single,2,10
single_multi_thread,935,583761,0.583761,single,2,10
single_multi_thread,936,583104,0.583104,single,2,10
single_multi_thread,937,587807,0.587807,single,2,10
single_multi_thread,938,579622,0.579622,single,2,10
single_multi_thread,939,583915,0.583915,single,2,10
single_multi_thread,940,587755,0.587755,single,2,10
single_multi_thread,941,583029,0.583029,single,2,10
single_multi_thread,942,582708,0.582708,single,2,10
single_multi_thread,943,578456,0.578456,single,2,10
single_multi_thread,944,588310,0.58831,single,2,10
single_multi_thread,945,582464,0.582464,single,2,10
single_multi_thread,946,581031,0.581031,single,2,10
single_multi_thread,947,583618,0.583618,single,2,10
single_multi_thread,948,582285,0.582285,single,2,10
single_multi_thread,949,581910,0.58191,single,2,10
single_multi_thread,950,579767,0.579767,single,2,10
single_multi_thread,951,577922,0.577922,single,2,10
single_multi_thread,952,584117,0.584117,single,2,10
single_multi_thread,953,580223,0.580223,single,2,10
single_multi_thread,954,586595,0.586595,single,2,10
single_multi_thread,955,582972,0.582972,single,2,10
single_multi_thread,956,583381,0.583381,single,2,10
single_multi_thread,957,587635,0.587635,single,2,10
single_multi_thread,958,584883,0.584883,single,2,10
single_multi_thread,959,583786,0.583786,single,2,10
single_multi_thread,960,582567,0.582567,single,2,10
single_multi_thread,961,583213,0.583213,single,2,10
single_multi_thread,962,581591,0.581591,single,2,10
single_multi_thread,963,578424,0.578424,single,2,10
single_multi_thread,964,583584,0.583584,single,2,10
single_multi_thread,965,581344,0.581344,single,2,10
single_multi_thread,966,586324,0.586324,single,2,10
single_multi_thread,967,583251,0.583251,single,2,10
single_multi_thread,968,580892,0.580892,single,2,10
single_multi_thread,969,587138,0.587138,single,2,10
single_multi_thread,970,579440,0.57944,single,2,10
single_multi_thread,971,582504,0.582504,single,2,10
single_multi_thread,972,578683,0.578683,single,2,10
single_multi_thread,973,586291,0.586291,single,2,10
single_multi_thread,974,582475,0.582475,single,2,10
single_multi_thread,975,586266,0.586266,single,2,10
single_multi_thread,976,587964,0.587964,single,2,10
single_multi_thread,977,584562,0.584562,single,2,10
single_multi_thread,978,581307,0.581307,single,2,10
single_multi_thread,979,578457,0.578457,single,2,10
single_multi_thread,980,584838,0.584838,single,2,10
single_multi_thread,981,582644,0.582644,single,2,10
single_multi_thread,982,578074,0.578074,single,2,10
single_multi_thread,983,584108,0.584108,single,2,10
single_multi_thread,984,585051,0.585051,single,2,10
single_multi_thread,985,581419,0.581419,single,2,10
single_multi_thread,986,582683,0.582683,single,2,10
single_multi_thread,987,584256,0.584256,single,2,10
single_multi_thread,988,584596,0.584596,single,2,10
single_multi_thread,989,579137,0.579137,single,2,10
single_multi_thread,990,588458,0.588458,single,2,10
single_multi_thread,991,582805,0.582805,single,2,10
single_multi_thread,992,581827,0.581827,single,2,10
single_multi_thread,993,594592,0.594592,single,2,10
single_multi_thread,994,585419,0.585419,single,2,10
single_multi_thread,995,586490,0.58649,single,2,10
single_multi_thread,996,582011,0.582011,single,2,10
single_multi_thread,997,582780,0.58278,single,2,10
single_multi_thread,998,588750,0.58875,single,2,10
single_multi_thread,999,580816,0.580816,single,2,10
